article_id,outlet,event_id,distance
12,10tv.com,1,0.456742
2680,breitbart.com,1,0.526723
2681,breitbart.com,1,0.448444
3426,brennancenter.org,1,0.683793
4723,cnn.com,1,0.659047
5965,forbes.com,1,0.380890
8363,jpost.com,1,0.699556
10177,nationalreview.com,1,0.518802
11966,npr.org,1,0.664383
11975,npr.org,1,0.545976
12605,nytimes.com,1,0.608804
12659,nytimes.com,1,0.597750
17418,thehill.com,1,0.430445
18738,timesofisrael.com,1,0.717608
18935,uppermichiganssource.com,1,0.689616
19174,utahnewsdispatch.com,1,0.707855
19586,washingtonpost.com,1,0.367882
19952,wdbj7.com,1,0.506969
34,11alive.com,2,0.359546
35,11alive.com,2,0.627461
349,abcnews.com,2,0.681934
430,abcnews.com,2,0.684542
1065,apnews.com,2,0.121529
3853,cbsnews.com,2,0.589500
3854,cbsnews.com,2,0.618660
4595,cnn.com,2,0.652646
5611,edition.cnn.com,2,0.652646
6114,fox5atlanta.com,2,0.671416
7348,georgiarecorder.com,2,0.622261
9886,ms.now,2,0.448610
9887,ms.now,2,0.670133
10525,nbcnews.com,2,0.704192
10526,nbcnews.com,2,0.704192
11525,newsfromthestates.com,2,0.622261
14767,santafenewmexican.com,2,0.124378
15973,theguardian.com,2,0.635414
44,11alive.com,3,0.877803
45,11alive.com,3,0.870993
51,11alive.com,3,0.860994
66,13newsnow.com,3,0.842731
115,19thnews.org,3,0.804484
117,19thnews.org,3,0.703578
120,19thnews.org,3,0.800653
121,19thnews.org,3,0.786231
124,6abc.com,3,0.804127
125,6abc.com,3,0.821329
130,6abc.com,3,0.707135
131,6abc.com,3,0.767434
138,9news.com,3,0.762842
140,9news.com,3,0.826772
141,9news.com,3,0.847083
142,9news.com,3,0.765811
143,9news.com,3,0.821636
144,9news.com,3,0.811321
146,9news.com,3,0.847546
147,9news.com,3,0.917109
148,9news.com,3,0.805301
149,9news.com,3,0.817121
151,9news.com,3,0.795373
152,9news.com,3,0.886397
153,9news.com,3,0.855882
154,9news.com,3,0.825668
157,9news.com,3,0.797723
159,9news.com,3,0.774259
164,9news.com,3,0.822568
166,9news.com,3,0.861543
167,9news.com,3,0.800657
176,aa.com.tr,3,0.736873
177,aa.com.tr,3,0.797273
201,abc10.com,3,0.883049
203,abc10.com,3,0.736324
204,abc10.com,3,0.787920
205,abc10.com,3,0.851989
206,abc10.com,3,0.842731
208,abc10.com,3,0.829979
211,abc10.com,3,0.743605
212,abc10.com,3,0.757555
221,abc11.com,3,0.764291
244,abc4.com,3,0.855048
248,abc4.com,3,0.782277
256,abc7.com,3,0.804127
258,abc7.com,3,0.802057
259,abc7.com,3,0.797016
261,abc7.com,3,0.789349
262,abc7.com,3,0.706095
265,abc7.com,3,0.707135
266,abc7.com,3,0.782218
267,abc7.com,3,0.803281
274,abc7chicago.com,3,0.778769
275,abc7chicago.com,3,0.810670
279,abc7chicago.com,3,0.804127
283,abc7chicago.com,3,0.784519
284,abc7chicago.com,3,0.797016
286,abc7chicago.com,3,0.729468
287,abc7chicago.com,3,0.782218
288,abc7chicago.com,3,0.782218
289,abc7chicago.com,3,0.803281
294,abc7news.com,3,0.824765
298,abc7news.com,3,0.794827
299,abc7news.com,3,0.706095
301,abc7news.com,3,0.819926
306,abc7ny.com,3,0.804127
310,abc7ny.com,3,0.803281
312,abcnews.com,3,0.852962
313,abcnews.com,3,0.852962
318,abcnews.com,3,0.771762
333,abcnews.com,3,0.823976
334,abcnews.com,3,0.791963
335,abcnews.com,3,0.861287
338,abcnews.com,3,0.809547
339,abcnews.com,3,0.766908
347,abcnews.com,3,0.840544
358,abcnews.com,3,0.769362
359,abcnews.com,3,0.793775
361,abcnews.com,3,0.803053
362,abcnews.com,3,0.836417
367,abcnews.com,3,0.844451
375,abcnews.com,3,0.836966
376,abcnews.com,3,0.845075
377,abcnews.com,3,0.863240
378,abcnews.com,3,0.818571
380,abcnews.com,3,0.874010
391,abcnews.com,3,0.797016
392,abcnews.com,3,0.797016
396,abcnews.com,3,0.789349
397,abcnews.com,3,0.706095
398,abcnews.com,3,0.829497
399,abcnews.com,3,0.799356
404,abcnews.com,3,0.797651
409,abcnews.com,3,0.858981
412,abcnews.com,3,0.777213
414,abcnews.com,3,0.864779
417,abcnews.com,3,0.840523
418,abcnews.com,3,0.780379
425,abcnews.com,3,0.855048
428,abcnews.com,3,0.840870
432,abcnews.com,3,0.856730
436,abcnews.com,3,0.848874
446,abcnews.com,3,0.811303
449,abcnews.com,3,0.773356
450,abcnews.com,3,0.719282
451,abcnews.com,3,0.719282
455,abcnews.com,3,0.751496
468,abcnews.go.com,3,0.782368
470,abcnews.go.com,3,0.812271
471,abcnews.go.com,3,0.851943
473,abcnews.go.com,3,0.801630
481,abcnews.go.com,3,0.795088
482,abcnews.go.com,3,0.856994
489,abcnews.go.com,3,0.822641
496,abcnews.go.com,3,0.846566
517,abcnews.go.com,3,0.833295
524,abcnews.go.com,3,0.826225
525,abcnews.go.com,3,0.824956
530,abcnews.go.com,3,0.843146
542,abcnews.go.com,3,0.802862
543,abcnews.go.com,3,0.845075
547,abcnews.go.com,3,0.793130
548,abcnews.go.com,3,0.767760
553,abcnews.go.com,3,0.761816
557,abcnews.go.com,3,0.795880
562,abcnews.go.com,3,0.736912
564,abcnews.go.com,3,0.816821
571,abcnews.go.com,3,0.803503
583,actionnews5.com,3,0.765565
593,adn.com,3,0.846020
595,adn.com,3,0.806917
598,adn.com,3,0.814000
614,aei.org,3,0.866785
617,aei.org,3,0.851425
618,aei.org,3,0.730844
623,ajc.com,3,0.834820
629,ajc.com,3,0.854826
642,al.com,3,0.760749
653,al.com,3,0.776982
670,alabamareflector.com,3,0.810683
678,alaskabeacon.com,3,0.798693
679,alaskabeacon.com,3,0.839292
685,alaskabeacon.com,3,0.831960
691,alaskapublic.org,3,0.797741
696,alaskapublic.org,3,0.866061
705,alaskasnewssource.com,3,0.868056
711,aldailynews.com,3,0.882749
712,aldailynews.com,3,0.668494
718,aldailynews.com,3,0.788003
725,aljazeera.com,3,0.758917
736,aljazeera.com,3,0.843092
741,aljazeera.com,3,0.829117
742,aljazeera.com,3,0.779134
770,aljazeera.com,3,0.807480
781,aljazeera.com,3,0.793639
785,aljazeera.com,3,0.727327
788,aljazeera.com,3,0.856686
789,aljazeera.com,3,0.776181
793,aljazeera.com,3,0.785450
795,aljazeera.com,3,0.768449
798,aljazeera.com,3,0.793801
799,aljazeera.com,3,0.702765
802,aljazeera.com,3,0.749272
803,aljazeera.com,3,0.800539
811,aljazeera.com,3,0.814480
816,aljazeera.com,3,0.773630
854,aol.com,3,0.796197
856,aol.com,3,0.797752
868,apnews.com,3,0.819566
874,apnews.com,3,0.833793
904,apnews.com,3,0.811429
916,apnews.com,3,0.818518
925,apnews.com,3,0.748296
933,apnews.com,3,0.837310
937,apnews.com,3,0.784951
955,apnews.com,3,0.779363
974,apnews.com,3,0.777818
976,apnews.com,3,0.766454
982,apnews.com,3,0.844451
991,apnews.com,3,0.859854
1003,apnews.com,3,0.827304
1008,apnews.com,3,0.794197
1011,apnews.com,3,0.849361
1013,apnews.com,3,0.836003
1018,apnews.com,3,0.788003
1019,apnews.com,3,0.793130
1021,apnews.com,3,0.767760
1035,apnews.com,3,0.745215
1036,apnews.com,3,0.800257
1040,apnews.com,3,0.779883
1043,apnews.com,3,0.800788
1045,apnews.com,3,0.786296
1046,apnews.com,3,0.780640
1047,apnews.com,3,0.737730
1048,apnews.com,3,0.784960
1051,apnews.com,3,0.777889
1052,apnews.com,3,0.734899
1053,apnews.com,3,0.701966
1054,apnews.com,3,0.798330
1055,apnews.com,3,0.785239
1057,apnews.com,3,0.793041
1059,apnews.com,3,0.831819
1060,apnews.com,3,0.795880
1063,apnews.com,3,0.778958
1066,apnews.com,3,0.719761
1067,apnews.com,3,0.740224
1070,apnews.com,3,0.736912
1081,apnews.com,3,0.761382
1086,apnews.com,3,0.842962
1096,apnews.com,3,0.757178
1099,apnews.com,3,0.798620
1103,apnews.com,3,0.780642
1121,arkansasonline.com,3,0.889440
1131,arkansasonline.com,3,0.868545
1133,arkansasonline.com,3,0.877843
1137,arkansasonline.com,3,0.823595
1146,arkansasonline.com,3,0.767136
1162,atlantanewsfirst.com,3,0.852498
1170,atlantanewsfirst.com,3,0.889731
1176,atlantanewsfirst.com,3,0.674658
1187,audacy.com,3,0.783404
1193,audacy.com,3,0.821383
1203,audacy.com,3,0.870577
1204,audacy.com,3,0.829828
1209,axios.com,3,0.748809
1210,axios.com,3,0.845390
1212,axios.com,3,0.800850
1216,axios.com,3,0.868943
1224,axios.com,3,0.840709
1231,axios.com,3,0.849633
1235,axios.com,3,0.795895
1238,axios.com,3,0.879240
1241,axios.com,3,0.864515
1242,axios.com,3,0.853966
1243,axios.com,3,0.818905
1260,axios.com,3,0.791289
1263,axios.com,3,0.870142
1264,axios.com,3,0.886042
1269,axios.com,3,0.885684
1273,axios.com,3,0.843983
1281,axios.com,3,0.815507
1282,axios.com,3,0.769466
1283,axios.com,3,0.786675
1284,axios.com,3,0.784879
1285,axios.com,3,0.822273
1286,axios.com,3,0.822273
1287,axios.com,3,0.810536
1288,axios.com,3,0.801459
1289,axios.com,3,0.797975
1290,axios.com,3,0.774973
1300,axios.com,3,0.807562
1304,axios.com,3,0.866568
1313,axios.com,3,0.874200
1316,axios.com,3,0.821105
1317,axios.com,3,0.755610
1323,azfamily.com,3,0.813459
1349,ballsandstrikes.org,3,0.703913
1356,baltimoresun.com,3,0.870818
1362,baltimoresun.com,3,0.860525
1372,baltimoresun.com,3,0.862637
1374,baltimoresun.com,3,0.862637
1376,baltimoresun.com,3,0.862637
1378,baltimoresun.com,3,0.862637
1386,baltimoresun.com,3,0.800257
1390,baltimoresun.com,3,0.788863
1392,baltimoresun.com,3,0.741983
1398,bangordailynews.com,3,0.781255
1399,bangordailynews.com,3,0.798537
1404,bangordailynews.com,3,0.778267
1417,barrons.com,3,0.792752
1419,barrons.com,3,0.791432
1440,bbc.com,3,0.817969
1441,bbc.com,3,0.801836
1444,bbc.com,3,0.829571
1446,bbc.com,3,0.703232
1452,bbc.com,3,0.853557
1456,bbc.com,3,0.854984
1471,bbc.com,3,0.802936
1485,bbc.com,3,0.840675
1494,bbc.com,3,0.824715
1501,bbc.com,3,0.806218
1559,bbc.com,3,0.783913
1560,bbc.com,3,0.769687
1561,bbc.com,3,0.799700
1570,bbc.com,3,0.780947
1571,bbc.com,3,0.748752
1573,bbc.com,3,0.680936
1574,bbc.com,3,0.855394
1580,bbc.com,3,0.870478
1591,bbc.com,3,0.776983
1592,bbc.com,3,0.800636
1593,bbc.com,3,0.701626
1594,bbc.com,3,0.782542
1595,bbc.com,3,0.676404
1601,bbc.com,3,0.731635
1626,blogs.loc.gov,3,0.817286
1627,blogs.loc.gov,3,0.817286
1628,blogs.loc.gov,3,0.835240
1629,blogs.loc.gov,3,0.825590
1630,blogs.loc.gov,3,0.825590
1634,blogs.loc.gov,3,0.800042
1649,bloomberg.com,3,0.759849
1663,bloomberg.com,3,0.845987
1670,bloomberg.com,3,0.866388
1675,bloomberg.com,3,0.875885
1694,bloomberg.com,3,0.781062
1695,bloomberg.com,3,0.782126
1697,bloomberg.com,3,0.793323
1698,bloomberg.com,3,0.807138
1700,bloomberg.com,3,0.794089
1701,bloomberg.com,3,0.788899
1703,bloomberg.com,3,0.747517
1705,bloomberg.com,3,0.804655
1716,bloomberg.com,3,0.788178
1719,bloomberg.com,3,0.754265
1723,bloomberg.com,3,0.805166
1741,bloomberg.com,3,0.766619
1774,bostonglobe.com,3,0.762145
1789,bostonglobe.com,3,0.790855
1800,bostonglobe.com,3,0.763092
1802,bostonglobe.com,3,0.732575
1803,bostonglobe.com,3,0.732575
1806,bostonglobe.com,3,0.809317
1807,bostonglobe.com,3,0.799757
1832,bostonherald.com,3,0.736467
1852,breitbart.com,3,0.817180
1856,breitbart.com,3,0.772398
1862,breitbart.com,3,0.799043
1863,breitbart.com,3,0.831483
1881,breitbart.com,3,0.771649
1886,breitbart.com,3,0.774725
1917,breitbart.com,3,0.762052
1941,breitbart.com,3,0.784506
1942,breitbart.com,3,0.812499
1943,breitbart.com,3,0.804855
1946,breitbart.com,3,0.792274
1951,breitbart.com,3,0.764858
1952,breitbart.com,3,0.771130
1953,breitbart.com,3,0.777095
1955,breitbart.com,3,0.750460
1956,breitbart.com,3,0.796522
1958,breitbart.com,3,0.776331
1959,breitbart.com,3,0.802082
1960,breitbart.com,3,0.739962
1961,breitbart.com,3,0.794460
1962,breitbart.com,3,0.840174
1963,breitbart.com,3,0.778469
1964,breitbart.com,3,0.785519
1967,breitbart.com,3,0.766302
1974,breitbart.com,3,0.842365
1980,breitbart.com,3,0.859752
1982,breitbart.com,3,0.851852
2004,breitbart.com,3,0.715875
2007,breitbart.com,3,0.760672
2022,breitbart.com,3,0.854482
2027,breitbart.com,3,0.843065
2032,breitbart.com,3,0.806891
2033,breitbart.com,3,0.806891
2034,breitbart.com,3,0.791840
2035,breitbart.com,3,0.882899
2053,breitbart.com,3,0.882123
2063,breitbart.com,3,0.881238
2064,breitbart.com,3,0.824574
2069,breitbart.com,3,0.818652
2087,breitbart.com,3,0.702107
2097,breitbart.com,3,0.854533
2099,breitbart.com,3,0.745682
2130,breitbart.com,3,0.860388
2135,breitbart.com,3,0.781233
2144,breitbart.com,3,0.812098
2149,breitbart.com,3,0.802537
2151,breitbart.com,3,0.826854
2153,breitbart.com,3,0.824307
2154,breitbart.com,3,0.801730
2157,breitbart.com,3,0.788906
2158,breitbart.com,3,0.792291
2162,breitbart.com,3,0.782255
2163,breitbart.com,3,0.797803
2168,breitbart.com,3,0.785079
2171,breitbart.com,3,0.820383
2173,breitbart.com,3,0.745085
2194,breitbart.com,3,0.809107
2208,breitbart.com,3,0.885919
2222,breitbart.com,3,0.870635
2239,breitbart.com,3,0.738733
2245,breitbart.com,3,0.792391
2246,breitbart.com,3,0.783336
2248,breitbart.com,3,0.738589
2249,breitbart.com,3,0.767679
2251,breitbart.com,3,0.719497
2253,breitbart.com,3,0.779615
2256,breitbart.com,3,0.754995
2259,breitbart.com,3,0.739939
2260,breitbart.com,3,0.745570
2262,breitbart.com,3,0.751499
2268,breitbart.com,3,0.821236
2271,breitbart.com,3,0.733648
2273,breitbart.com,3,0.726103
2274,breitbart.com,3,0.807239
2299,breitbart.com,3,0.770332
2308,breitbart.com,3,0.835251
2317,breitbart.com,3,0.828196
2331,breitbart.com,3,0.787246
2343,breitbart.com,3,0.860825
2352,breitbart.com,3,0.839634
2365,breitbart.com,3,0.748253
2377,breitbart.com,3,0.842865
2383,breitbart.com,3,0.788604
2388,breitbart.com,3,0.869541
2397,breitbart.com,3,0.795718
2405,breitbart.com,3,0.811914
2445,breitbart.com,3,0.817021
2468,breitbart.com,3,0.846483
2470,breitbart.com,3,0.863125
2473,breitbart.com,3,0.823848
2522,breitbart.com,3,0.851766
2528,breitbart.com,3,0.812748
2533,breitbart.com,3,0.782612
2534,breitbart.com,3,0.810941
2546,breitbart.com,3,0.823021
2601,breitbart.com,3,0.852061
2603,breitbart.com,3,0.861636
2604,breitbart.com,3,0.891103
2619,breitbart.com,3,0.819025
2620,breitbart.com,3,0.832264
2622,breitbart.com,3,0.827449
2633,breitbart.com,3,0.787196
2687,breitbart.com,3,0.849865
2706,breitbart.com,3,0.810179
2707,breitbart.com,3,0.824739
2708,breitbart.com,3,0.806536
2710,breitbart.com,3,0.821763
2712,breitbart.com,3,0.879737
2727,breitbart.com,3,0.791958
2734,breitbart.com,3,0.828149
2744,breitbart.com,3,0.793278
2762,breitbart.com,3,0.756543
2773,breitbart.com,3,0.765999
2785,breitbart.com,3,0.829657
2796,breitbart.com,3,0.811569
2798,breitbart.com,3,0.825767
2818,breitbart.com,3,0.787435
2821,breitbart.com,3,0.823058
2822,breitbart.com,3,0.748833
2826,breitbart.com,3,0.859624
2837,breitbart.com,3,0.708021
2839,breitbart.com,3,0.710696
2844,breitbart.com,3,0.845781
2867,breitbart.com,3,0.814535
2870,breitbart.com,3,0.741489
2871,breitbart.com,3,0.790154
2893,breitbart.com,3,0.881018
2924,breitbart.com,3,0.834160
2953,breitbart.com,3,0.784234
2956,breitbart.com,3,0.798117
2996,breitbart.com,3,0.793514
2997,breitbart.com,3,0.834943
2999,breitbart.com,3,0.771397
3003,breitbart.com,3,0.754418
3019,breitbart.com,3,0.859098
3022,breitbart.com,3,0.822830
3023,breitbart.com,3,0.818233
3043,breitbart.com,3,0.771053
3045,breitbart.com,3,0.769775
3054,breitbart.com,3,0.764403
3060,breitbart.com,3,0.758295
3061,breitbart.com,3,0.842779
3062,breitbart.com,3,0.786615
3063,breitbart.com,3,0.757520
3067,breitbart.com,3,0.859775
3083,breitbart.com,3,0.899995
3104,breitbart.com,3,0.753756
3105,breitbart.com,3,0.843736
3115,breitbart.com,3,0.796127
3117,breitbart.com,3,0.747376
3136,breitbart.com,3,0.845406
3139,breitbart.com,3,0.726944
3141,breitbart.com,3,0.817044
3148,breitbart.com,3,0.689651
3161,breitbart.com,3,0.789586
3164,breitbart.com,3,0.687502
3182,breitbart.com,3,0.863633
3192,breitbart.com,3,0.836406
3245,breitbart.com,3,0.854548
3265,breitbart.com,3,0.709932
3355,breitbart.com,3,0.808073
3356,breitbart.com,3,0.793614
3360,breitbart.com,3,0.869494
3361,breitbart.com,3,0.821652
3362,breitbart.com,3,0.842862
3376,breitbart.com,3,0.795926
3382,breitbart.com,3,0.796706
3400,breitbart.com,3,0.796960
3406,breitbart.com,3,0.815917
3407,breitbart.com,3,0.855017
3408,breitbart.com,3,0.876004
3409,brennancenter.org,3,0.797987
3412,brennancenter.org,3,0.758429
3413,brennancenter.org,3,0.693571
3418,brennancenter.org,3,0.813384
3422,brennancenter.org,3,0.883074
3432,broadbandbreakfast.com,3,0.837535
3439,broadbandbreakfast.com,3,0.734077
3469,c-span.org,3,0.837371
3484,c-span.org,3,0.809331
3485,c-span.org,3,0.872628
3490,c-span.org,3,0.841431
3491,c-span.org,3,0.862921
3508,c-span.org,3,0.784792
3517,c-span.org,3,0.834956
3545,calmatters.org,3,0.768925
3548,calmatters.org,3,0.805267
3553,calmatters.org,3,0.867462
3559,capcity.news,3,0.884103
3560,capcity.news,3,0.868353
3562,capcity.news,3,0.871982
3564,capcity.news,3,0.848485
3565,capcity.news,3,0.888073
3567,capcity.news,3,0.884667
3568,capcity.news,3,0.877163
3570,capcity.news,3,0.878690
3577,capcity.news,3,0.861168
3578,capcity.news,3,0.877311
3579,capcity.news,3,0.835996
3610,carolinajournal.com,3,0.856511
3624,cato.org,3,0.772627
3631,cato.org,3,0.792516
3640,cbc.ca,3,0.832017
3654,cbs19.tv,3,0.839770
3657,cbs19.tv,3,0.847491
3663,cbs8.com,3,0.842731
3664,cbs8.com,3,0.855962
3670,cbs8.com,3,0.741270
3671,cbsnews.com,3,0.791833
3683,cbsnews.com,3,0.861084
3749,cbsnews.com,3,0.890951
3757,cbsnews.com,3,0.842435
3763,cbsnews.com,3,0.839266
3798,cbsnews.com,3,0.839864
3800,cbsnews.com,3,0.844537
3803,cbsnews.com,3,0.749675
3806,cbsnews.com,3,0.731503
3807,cbsnews.com,3,0.793558
3808,cbsnews.com,3,0.813242
3809,cbsnews.com,3,0.817184
3810,cbsnews.com,3,0.818060
3811,cbsnews.com,3,0.829043
3814,cbsnews.com,3,0.832077
3816,cbsnews.com,3,0.813221
3817,cbsnews.com,3,0.807075
3818,cbsnews.com,3,0.844749
3822,cbsnews.com,3,0.868536
3830,cbsnews.com,3,0.768202
3835,cbsnews.com,3,0.826006
3852,cbsnews.com,3,0.900505
3860,cbsnews.com,3,0.826050
3864,cbsnews.com,3,0.858322
3874,cbsnews.com,3,0.836456
3875,cbsnews.com,3,0.836121
3896,cbsnews.com,3,0.787575
3912,cbsnews.com,3,0.772790
3913,cbsnews.com,3,0.798535
3916,cbsnews.com,3,0.828574
3922,cbsnews.com,3,0.742025
3923,cbsnews.com,3,0.696750
3924,cbsnews.com,3,0.905918
3925,cbsnews.com,3,0.781275
3926,cbsnews.com,3,0.798988
3927,cbsnews.com,3,0.814747
3934,cbsnews.com,3,0.881673
3935,cbsnews.com,3,0.846506
3941,cbsnews.com,3,0.745485
3944,cbsnews.com,3,0.857594
3949,cbsnews.com,3,0.855285
3958,cbsnews.com,3,0.892496
3959,cbsnews.com,3,0.892699
3960,cbsnews.com,3,0.855159
3970,cbsnews.com,3,0.835907
3974,cbsnews.com,3,0.831214
3979,cbsnews.com,3,0.781210
3981,cbsnews.com,3,0.788403
3990,cbsnews.com,3,0.842037
3994,cbsnews.com,3,0.859316
4005,cbsnews.com,3,0.841765
4006,cbsnews.com,3,0.761857
4007,cbsnews.com,3,0.796174
4011,cbsnews.com,3,0.814459
4012,cbsnews.com,3,0.864289
4013,cbsnews.com,3,0.891904
4021,cbsnews.com,3,0.856562
4030,cbsnews.com,3,0.821362
4034,cbsnews.com,3,0.802586
4040,cbsnews.com,3,0.818494
4050,cbsnews.com,3,0.822895
4051,cbsnews.com,3,0.846242
4052,cbsnews.com,3,0.871199
4062,cbsnews.com,3,0.828438
4063,cbsnews.com,3,0.858502
4071,cbsnews.com,3,0.855149
4091,cbsnews.com,3,0.798425
4099,cbsnews.com,3,0.815429
4101,cbsnews.com,3,0.751676
4108,cbsnews.com,3,0.811043
4109,cbsnews.com,3,0.806344
4110,cbsnews.com,3,0.806344
4111,cbsnews.com,3,0.752184
4113,cbsnews.com,3,0.771874
4119,cbsnews.com,3,0.743994
4120,cbsnews.com,3,0.783642
4121,cbsnews.com,3,0.783096
4123,cbsnews.com,3,0.787261
4128,cbsnews.com,3,0.755779
4129,cbsnews.com,3,0.725967
4130,cbsnews.com,3,0.774550
4131,cbsnews.com,3,0.764621
4132,cbsnews.com,3,0.782833
4133,cbsnews.com,3,0.745867
4134,cbsnews.com,3,0.745867
4135,cbsnews.com,3,0.782621
4136,cbsnews.com,3,0.785076
4142,cbsnews.com,3,0.805672
4143,cbsnews.com,3,0.831973
4144,cbsnews.com,3,0.831973
4145,cbsnews.com,3,0.830991
4146,cbsnews.com,3,0.830991
4149,cbsnews.com,3,0.801814
4150,cbsnews.com,3,0.824233
4152,cbsnews.com,3,0.716049
4153,cbsnews.com,3,0.734269
4154,cbsnews.com,3,0.777331
4155,cbsnews.com,3,0.765224
4156,cbsnews.com,3,0.780943
4158,cbsnews.com,3,0.810016
4159,cbsnews.com,3,0.827156
4182,cbsnews.com,3,0.835720
4185,cbsnews.com,3,0.761478
4187,cbsnews.com,3,0.840276
4188,cbsnews.com,3,0.807687
4195,cbsnews.com,3,0.670902
4196,cbsnews.com,3,0.685718
4205,cbsnews.com,3,0.821649
4206,cbsnews.com,3,0.833516
4209,cbsnews.com,3,0.856771
4211,cbsnews.com,3,0.842269
4212,cbsnews.com,3,0.813753
4244,cbsnews.com,3,0.841634
4249,cbsnews.com,3,0.768283
4251,cbsnews.com,3,0.785548
4259,cbsnews.com,3,0.853616
4260,cbsnews.com,3,0.835994
4262,cbsnews.com,3,0.835368
4263,cbsnews.com,3,0.835368
4268,cbsnews.com,3,0.701885
4280,cbsnews.com,3,0.865414
4281,cbsnews.com,3,0.818238
4282,cbsnews.com,3,0.861054
4299,cbsnews.com,3,0.762535
4308,cbsnews.com,3,0.809986
4326,centraloregondaily.com,3,0.840550
4327,centraloregondaily.com,3,0.828884
4328,centraloregondaily.com,3,0.806175
4334,centraloregondaily.com,3,0.785273
4335,centraloregondaily.com,3,0.810257
4336,centraloregondaily.com,3,0.863522
4338,channel3000.com,3,0.863543
4341,channel3000.com,3,0.771000
4343,channel3000.com,3,0.783499
4355,chicago.suntimes.com,3,0.821652
4356,chicago.suntimes.com,3,0.832289
4368,chicagotribune.com,3,0.827530
4376,chicagotribune.com,3,0.754537
4377,chicagotribune.com,3,0.765648
4385,chicagotribune.com,3,0.834411
4390,chicagotribune.com,3,0.727786
4402,civilbeat.org,3,0.841688
4403,civilbeat.org,3,0.848196
4404,civilbeat.org,3,0.852482
4405,civilbeat.org,3,0.754184
4408,civilbeat.org,3,0.892277
4409,civilbeat.org,3,0.894357
4422,civilbeat.org,3,0.872241
4423,civilbeat.org,3,0.864313
4468,clickorlando.com,3,0.848534
4469,clickorlando.com,3,0.848534
4478,clickorlando.com,3,0.823700
4481,clickorlando.com,3,0.695868
4503,cnbc.com,3,0.851469
4504,cnbc.com,3,0.769279
4510,cnbc.com,3,0.815919
4522,cnbc.com,3,0.752884
4523,cnbc.com,3,0.755894
4524,cnbc.com,3,0.829875
4525,cnbc.com,3,0.786598
4526,cnbc.com,3,0.777653
4528,cnbc.com,3,0.760159
4531,cnbc.com,3,0.798566
4532,cnbc.com,3,0.717183
4536,cnbc.com,3,0.823170
4539,cnbc.com,3,0.752228
4543,cnbc.com,3,0.840388
4546,cnbc.com,3,0.727596
4550,cnbc.com,3,0.801150
4561,cnn.com,3,0.781862
4575,cnn.com,3,0.788572
4579,cnn.com,3,0.819746
4580,cnn.com,3,0.766694
4588,cnn.com,3,0.867077
4597,cnn.com,3,0.842763
4600,cnn.com,3,0.694665
4602,cnn.com,3,0.755132
4604,cnn.com,3,0.707815
4605,cnn.com,3,0.763730
4609,cnn.com,3,0.797463
4614,cnn.com,3,0.780718
4617,cnn.com,3,0.798811
4618,cnn.com,3,0.728314
4620,cnn.com,3,0.839614
4627,cnn.com,3,0.865755
4635,cnn.com,3,0.890791
4636,cnn.com,3,0.786950
4637,cnn.com,3,0.893042
4642,cnn.com,3,0.813838
4643,cnn.com,3,0.805747
4647,cnn.com,3,0.791507
4651,cnn.com,3,0.799919
4653,cnn.com,3,0.780789
4654,cnn.com,3,0.765844
4655,cnn.com,3,0.822325
4659,cnn.com,3,0.751445
4663,cnn.com,3,0.722334
4664,cnn.com,3,0.786904
4666,cnn.com,3,0.710959
4667,cnn.com,3,0.788151
4668,cnn.com,3,0.752508
4669,cnn.com,3,0.767233
4673,cnn.com,3,0.863949
4690,cnn.com,3,0.812935
4691,cnn.com,3,0.773547
4693,cnn.com,3,0.846541
4694,cnn.com,3,0.825416
4697,cnn.com,3,0.779007
4700,cnn.com,3,0.668863
4703,cnn.com,3,0.843484
4713,cnn.com,3,0.860971
4714,cnn.com,3,0.846977
4727,coloradonewsline.com,3,0.835769
4728,coloradonewsline.com,3,0.842646
4731,coloradonewsline.com,3,0.809416
4732,coloradonewsline.com,3,0.799857
4733,coloradonewsline.com,3,0.810928
4734,coloradonewsline.com,3,0.833540
4735,coloradonewsline.com,3,0.786370
4736,coloradonewsline.com,3,0.829814
4737,coloradonewsline.com,3,0.829814
4739,coloradopolitics.com,3,0.819073
4743,coloradopolitics.com,3,0.757273
4749,coloradopolitics.com,3,0.762842
4751,coloradopolitics.com,3,0.813288
4752,coloradopolitics.com,3,0.808751
4755,coloradopolitics.com,3,0.842780
4759,coloradopolitics.com,3,0.828909
4761,coloradopolitics.com,3,0.845979
4767,coloradopolitics.com,3,0.779579
4770,coloradopolitics.com,3,0.839323
4772,coloradosun.com,3,0.740551
4773,coloradosun.com,3,0.781445
4774,coloradosun.com,3,0.808215
4775,coloradosun.com,3,0.849363
4776,coloradosun.com,3,0.817193
4778,coloradosun.com,3,0.804298
4796,conduitstreet.mdcounties.org,3,0.809693
4801,county17.com,3,0.844344
4802,county17.com,3,0.852543
4805,county17.com,3,0.887403
4807,county17.com,3,0.871982
4809,county17.com,3,0.880545
4813,county17.com,3,0.882270
4814,county17.com,3,0.878690
4815,county17.com,3,0.889702
4819,county17.com,3,0.877311
4829,courthousenews.com,3,0.827646
4838,courthousenews.com,3,0.865172
4843,courthousenews.com,3,0.787091
4851,courthousenews.com,3,0.824720
4869,courtnewsohio.gov,3,0.735266
4874,cpr.org,3,0.787078
4875,cpr.org,3,0.844587
4876,cpr.org,3,0.872851
4877,cpr.org,3,0.854834
4878,cpr.org,3,0.838219
4879,cpr.org,3,0.827297
4880,cpr.org,3,0.807957
4881,cpr.org,3,0.841756
4882,cpr.org,3,0.794042
4885,cpr.org,3,0.818111
4886,cpr.org,3,0.860898
4887,cpr.org,3,0.827477
4888,cpr.org,3,0.844222
4889,cpr.org,3,0.734899
4891,cpr.org,3,0.859217
4894,cpr.org,3,0.876304
4895,cpr.org,3,0.858196
4905,csmonitor.com,3,0.801697
4947,dailycaller.com,3,0.768587
4952,dailycaller.com,3,0.852835
4954,dailycaller.com,3,0.844356
4960,dailycaller.com,3,0.747833
4963,dailycaller.com,3,0.848803
4965,dailycaller.com,3,0.730654
4967,dailycaller.com,3,0.824456
4971,dailycaller.com,3,0.889263
4983,dailycaller.com,3,0.708910
4998,dailycaller.com,3,0.847063
4999,dailycaller.com,3,0.795812
5010,dailycaller.com,3,0.855525
5022,dailycaller.com,3,0.736348
5027,dailycaller.com,3,0.779426
5031,dailycaller.com,3,0.795627
5032,dailycaller.com,3,0.806302
5033,dailycaller.com,3,0.820059
5038,dailycaller.com,3,0.813306
5039,dailycaller.com,3,0.799522
5046,dailycaller.com,3,0.826599
5048,dailycaller.com,3,0.772650
5053,dailycaller.com,3,0.843592
5054,dailycaller.com,3,0.786090
5063,dailycaller.com,3,0.758163
5064,dailycaller.com,3,0.816449
5065,dailycaller.com,3,0.810127
5089,dailycaller.com,3,0.809815
5097,dailycaller.com,3,0.824152
5099,dailycaller.com,3,0.767316
5101,dailycaller.com,3,0.777300
5102,dailycaller.com,3,0.681231
5103,dailycaller.com,3,0.789201
5104,dailycaller.com,3,0.754661
5109,dailycaller.com,3,0.826678
5120,dailycaller.com,3,0.759500
5122,dailycaller.com,3,0.871639
5127,dailycaller.com,3,0.716885
5132,dailycaller.com,3,0.845372
5165,dailykos.com,3,0.777825
5172,dailynews.com,3,0.731715
5173,dailynews.com,3,0.824869
5177,dailynews.com,3,0.773205
5178,dailynews.com,3,0.787272
5180,dailynews.com,3,0.829770
5192,dailypress.com,3,0.868363
5197,dailypress.senate.gov,3,0.950451
5202,dailypress.senate.gov,3,0.955200
5240,dallasnews.com,3,0.841494
5242,dallasnews.com,3,0.845075
5244,dallasnews.com,3,0.744783
5249,dallasnews.com,3,0.843594
5257,davisenterprise.com,3,0.859665
5262,davisvanguard.org,3,0.751909
5265,davisvanguard.org,3,0.790474
5267,davisvanguard.org,3,0.745219
5268,davisvanguard.org,3,0.763767
5270,dcnewsnow.com,3,0.822761
5271,dcnewsnow.com,3,0.822761
5283,deadline.com,3,0.848710
5286,deadline.com,3,0.794436
5314,democracydocket.com,3,0.835627
5316,democracydocket.com,3,0.773795
5317,democracydocket.com,3,0.733418
5336,democracydocket.com,3,0.777743
5338,democracydocket.com,3,0.821499
5339,democracydocket.com,3,0.769311
5341,democracydocket.com,3,0.727371
5342,democracydocket.com,3,0.705247
5351,democracynow.org,3,0.799753
5352,democracynow.org,3,0.778486
5355,democracynow.org,3,0.826019
5363,democracynow.org,3,0.666730
5366,denverpost.com,3,0.794121
5367,denverpost.com,3,0.760464
5368,denverpost.com,3,0.830997
5369,denverpost.com,3,0.811722
5370,denverpost.com,3,0.793267
5371,denverpost.com,3,0.801247
5372,denverpost.com,3,0.807029
5373,denverpost.com,3,0.803549
5375,denverpost.com,3,0.854313
5377,denverpost.com,3,0.806262
5379,denverpost.com,3,0.823300
5380,denverpost.com,3,0.786636
5382,denverpost.com,3,0.866166
5384,denverpost.com,3,0.808043
5392,deseret.com,3,0.803186
5396,deseret.com,3,0.743899
5398,deseret.com,3,0.688163
5400,deseret.com,3,0.762265
5413,desmoinesregister.com,3,0.709331
5422,detroitnews.com,3,0.850502
5430,detroitnews.com,3,0.809439
5438,detroitnews.com,3,0.826421
5447,detroitnews.com,3,0.803024
5454,dispatch.com,3,0.858813
5480,douglasco.gov,3,0.829775
5481,douglasco.gov,3,0.846374
5482,douglasco.gov,3,0.845194
5487,douglasco.gov,3,0.792136
5551,dw.com,3,0.779200
5567,eciks.org,3,0.882300
5572,eciks.org,3,0.841421
5573,eciks.org,3,0.835284
5583,economist.com,3,0.839952
5593,economist.com,3,0.761439
5607,edition.cnn.com,3,0.788572
5617,edition.cnn.com,3,0.805747
5618,edition.cnn.com,3,0.791507
5629,edition.cnn.com,3,0.846541
5630,edition.cnn.com,3,0.857718
5631,edition.cnn.com,3,0.847820
5637,eenews.net,3,0.838471
5675,eenews.net,3,0.780438
5676,eenews.net,3,0.780438
5677,eenews.net,3,0.791908
5682,eenews.net,3,0.846069
5695,elpasotimes.com,3,0.690014
5696,elpasotimes.com,3,0.870585
5706,english.elpais.com,3,0.748230
5707,espn.com,3,0.791028
5709,espn.com,3,0.804674
5710,espn.com,3,0.747816
5711,espn.com,3,0.825757
5712,espn.com,3,0.834697
5714,espn.com,3,0.829341
5720,espn.com,3,0.819308
5723,espn.com,3,0.804802
5726,espn.com,3,0.834875
5728,espn.com,3,0.840752
5729,espn.com,3,0.853553
5730,espn.com,3,0.789742
5731,espn.com,3,0.903388
5733,espn.com,3,0.850888
5735,espn.com,3,0.839918
5736,espn.com,3,0.771724
5737,espn.com,3,0.819311
5738,espn.com,3,0.745123
5739,espn.com,3,0.827436
5742,espn.com,3,0.782328
5746,euronews.com,3,0.884181
5771,euronews.com,3,0.824830
5783,ewtnnews.com,3,0.823814
5784,ewtnnews.com,3,0.873046
5812,federalnewsnetwork.com,3,0.784960
5834,finance.yahoo.com,3,0.788329
5854,finance.yahoo.com,3,0.789362
5869,finance.yahoo.com,3,0.829003
5887,finance.yahoo.com,3,0.769521
5893,finance.yahoo.com,3,0.840048
5913,firstalert4.com,3,0.853506
5917,firstalert4.com,3,0.847566
5936,floridapolitics.com,3,0.739832
5945,forbes.com,3,0.790555
5953,forbes.com,3,0.839807
5956,forbes.com,3,0.812839
5962,forbes.com,3,0.851082
5971,forbes.com,3,0.773850
5972,forbes.com,3,0.795554
5973,forbes.com,3,0.710429
5977,forbes.com,3,0.793816
5979,forbes.com,3,0.786596
5980,forbes.com,3,0.709057
5983,forbes.com,3,0.877006
5998,foreignpolicy.com,3,0.783165
6009,fortune.com,3,0.808709
6014,fortune.com,3,0.807133
6018,fortune.com,3,0.830399
6022,fortune.com,3,0.828860
6037,fortune.com,3,0.819944
6053,fox10phoenix.com,3,0.780680
6057,fox10phoenix.com,3,0.734791
6110,fox43.com,3,0.686369
6116,fox5atlanta.com,3,0.907550
6135,fox5dc.com,3,0.802128
6138,fox5dc.com,3,0.796975
6140,fox5dc.com,3,0.838705
6158,fox5dc.com,3,0.868034
6165,fox5dc.com,3,0.822005
6167,fox5dc.com,3,0.868533
6189,fox5ny.com,3,0.838885
6204,fox5vegas.com,3,0.889731
6214,fox8live.com,3,0.845957
6218,fox8live.com,3,0.839928
6219,fox8live.com,3,0.889731
6220,fox8live.com,3,0.880453
6221,fox8live.com,3,0.849259
6222,fox8live.com,3,0.858003
6223,fox8live.com,3,0.871525
6224,fox8live.com,3,0.871525
6227,fox8live.com,3,0.820550
6228,fox8live.com,3,0.820550
6229,fox8live.com,3,0.869088
6230,fox8live.com,3,0.848491
6231,fox8live.com,3,0.809055
6232,fox8live.com,3,0.813320
6233,fox8live.com,3,0.813320
6234,fox8live.com,3,0.816213
6235,fox8live.com,3,0.803449
6238,fox8live.com,3,0.845492
6239,fox8live.com,3,0.861938
6243,fox8live.com,3,0.861526
6244,fox8live.com,3,0.861526
6245,fox8live.com,3,0.844429
6248,fox8live.com,3,0.808839
6249,fox8live.com,3,0.808839
6262,foxbaltimore.com,3,0.764792
6272,foxbaltimore.com,3,0.815828
6276,foxbaltimore.com,3,0.869049
6277,foxbaltimore.com,3,0.869049
6283,foxbaltimore.com,3,0.718281
6285,foxbaltimore.com,3,0.689268
6286,foxbaltimore.com,3,0.689268
6298,foxbusiness.com,3,0.754384
6299,foxbusiness.com,3,0.788500
6307,foxbusiness.com,3,0.691291
6312,foxbusiness.com,3,0.825499
6319,foxbusiness.com,3,0.798601
6321,foxbusiness.com,3,0.696403
6325,foxbusiness.com,3,0.758525
6351,foxnews.com,3,0.744533
6377,foxnews.com,3,0.830323
6378,foxnews.com,3,0.830323
6400,foxnews.com,3,0.809735
6428,foxnews.com,3,0.791736
6444,foxnews.com,3,0.797683
6451,foxnews.com,3,0.819539
6452,foxnews.com,3,0.825124
6478,foxnews.com,3,0.868730
6483,foxnews.com,3,0.817160
6484,foxnews.com,3,0.784501
6501,foxnews.com,3,0.779183
6503,foxnews.com,3,0.756725
6505,foxnews.com,3,0.814905
6518,foxnews.com,3,0.805100
6520,foxnews.com,3,0.817225
6521,foxnews.com,3,0.817225
6522,foxnews.com,3,0.780131
6526,foxnews.com,3,0.835384
6536,foxnews.com,3,0.827250
6554,foxnews.com,3,0.844335
6555,foxnews.com,3,0.833609
6558,foxnews.com,3,0.794520
6559,foxnews.com,3,0.791982
6560,foxnews.com,3,0.791982
6563,foxnews.com,3,0.772755
6564,foxnews.com,3,0.777150
6572,foxnews.com,3,0.779146
6573,foxnews.com,3,0.844261
6574,foxnews.com,3,0.864412
6575,foxnews.com,3,0.864412
6576,foxnews.com,3,0.864412
6577,foxnews.com,3,0.855576
6578,foxnews.com,3,0.855576
6579,foxnews.com,3,0.855576
6581,foxnews.com,3,0.845218
6582,foxnews.com,3,0.845218
6595,foxnews.com,3,0.854587
6596,foxnews.com,3,0.854587
6599,foxnews.com,3,0.765378
6607,foxnews.com,3,0.759194
6608,foxnews.com,3,0.770891
6624,foxnews.com,3,0.824520
6625,foxnews.com,3,0.828235
6626,foxnews.com,3,0.829039
6627,foxnews.com,3,0.831672
6631,foxnews.com,3,0.804470
6636,foxnews.com,3,0.738053
6637,foxnews.com,3,0.738053
6639,foxnews.com,3,0.769384
6655,foxnews.com,3,0.753214
6658,foxnews.com,3,0.804950
6659,foxnews.com,3,0.857158
6666,foxnews.com,3,0.801468
6669,foxnews.com,3,0.833858
6678,foxnews.com,3,0.884686
6683,foxnews.com,3,0.857095
6691,foxnews.com,3,0.869391
6699,foxnews.com,3,0.821575
6709,foxnews.com,3,0.846346
6714,foxnews.com,3,0.832806
6718,foxnews.com,3,0.820992
6723,foxnews.com,3,0.811633
6730,foxnews.com,3,0.826889
6733,foxnews.com,3,0.868124
6738,foxnews.com,3,0.839131
6740,foxnews.com,3,0.795035
6747,foxnews.com,3,0.829725
6748,foxnews.com,3,0.872056
6762,foxnews.com,3,0.833247
6777,foxnews.com,3,0.821112
6797,foxnews.com,3,0.831011
6802,foxnews.com,3,0.847349
6805,foxnews.com,3,0.825082
6806,foxnews.com,3,0.825082
6821,foxnews.com,3,0.805059
6824,foxnews.com,3,0.782077
6828,foxnews.com,3,0.796320
6829,foxnews.com,3,0.788830
6830,foxnews.com,3,0.796462
6869,foxnews.com,3,0.860850
6870,foxnews.com,3,0.860850
6873,foxnews.com,3,0.855957
6881,foxnews.com,3,0.822303
6887,foxnews.com,3,0.804261
6902,foxnews.com,3,0.796993
6906,foxnews.com,3,0.733537
6907,foxnews.com,3,0.772563
6911,foxnews.com,3,0.739326
6912,foxnews.com,3,0.739326
6917,foxnews.com,3,0.784267
6936,foxnews.com,3,0.808803
6937,foxnews.com,3,0.690627
6938,foxnews.com,3,0.731540
6941,foxnews.com,3,0.825878
6963,foxnews.com,3,0.814789
6980,foxnews.com,3,0.790444
6981,foxnews.com,3,0.774553
6988,foxnews.com,3,0.798523
7012,foxnews.com,3,0.747375
7013,foxnews.com,3,0.739375
7017,foxnews.com,3,0.833352
7024,foxnews.com,3,0.730721
7030,foxnews.com,3,0.760156
7031,foxnews.com,3,0.760156
7040,foxnews.com,3,0.768178
7048,foxnews.com,3,0.817071
7052,foxnews.com,3,0.811105
7053,foxnews.com,3,0.749505
7055,foxnews.com,3,0.824478
7064,foxnews.com,3,0.846981
7110,foxnews.com,3,0.733329
7116,foxnews.com,3,0.746850
7117,foxnews.com,3,0.771524
7118,foxnews.com,3,0.771524
7120,foxnews.com,3,0.855341
7129,foxnews.com,3,0.795568
7136,foxnews.com,3,0.641917
7143,foxnews.com,3,0.815403
7145,foxnews.com,3,0.752912
7149,foxnews.com,3,0.840655
7177,france24.com,3,0.791948
7178,france24.com,3,0.838028
7186,freep.com,3,0.859188
7187,freep.com,3,0.845659
7191,freep.com,3,0.886975
7207,frontofficesports.com,3,0.839413
7274,ft.com,3,0.836665
7275,ft.com,3,0.847319
7279,gazette.com,3,0.850441
7280,gazette.com,3,0.830810
7283,gazette.com,3,0.762842
7284,gazette.com,3,0.826544
7285,gazette.com,3,0.837071
7286,gazette.com,3,0.810595
7288,gazette.com,3,0.806112
7294,gazette.com,3,0.779579
7343,gazettextra.com,3,0.904072
7344,gazettextra.com,3,0.904072
7345,gazettextra.com,3,0.904072
7353,georgiarecorder.com,3,0.766455
7354,georgiarecorder.com,3,0.770617
7363,gjsentinel.com,3,0.835466
7365,gjsentinel.com,3,0.834001
7379,govexec.com,3,0.805769
7380,govexec.com,3,0.805769
7382,govexec.com,3,0.845796
7417,haaretz.com,3,0.846474
7429,hawaiinewsnow.com,3,0.835570
7437,hawaiinewsnow.com,3,0.785634
7489,hjnews.com,3,0.886880
7490,hjnews.com,3,0.898460
7499,hollywoodreporter.com,3,0.834701
7501,hollywoodreporter.com,3,0.772681
7516,houstonchronicle.com,3,0.875935
7528,houstonpublicmedia.org,3,0.737703
7529,houstonpublicmedia.org,3,0.737703
7538,houstonpublicmedia.org,3,0.742637
7569,huffpost.com,3,0.787408
7572,huffpost.com,3,0.840672
7584,huffpost.com,3,0.859362
7586,huffpost.com,3,0.818478
7592,huffpost.com,3,0.868523
7598,huffpost.com,3,0.727455
7608,huffpost.com,3,0.815431
7617,huffpost.com,3,0.791566
7619,huffpost.com,3,0.858639
7633,huffpost.com,3,0.792626
7649,huffpost.com,3,0.827680
7659,huffpost.com,3,0.864666
7661,huffpost.com,3,0.829161
7676,huffpost.com,3,0.823106
7685,huffpost.com,3,0.824505
7688,huffpost.com,3,0.809277
7693,huffpost.com,3,0.871482
7713,huffpost.com,3,0.835732
7723,huffpost.com,3,0.799929
7740,huffpost.com,3,0.807068
7742,huffpost.com,3,0.804003
7743,huffpost.com,3,0.902830
7750,huffpost.com,3,0.855456
7758,huffpost.com,3,0.878789
7767,huffpost.com,3,0.837423
7768,huffpost.com,3,0.852820
7769,huffpost.com,3,0.852820
7780,huffpost.com,3,0.885125
7791,huffpost.com,3,0.817932
7793,huffpost.com,3,0.816629
7799,huffpost.com,3,0.795532
7801,huffpost.com,3,0.857072
7802,huffpost.com,3,0.862706
7805,huffpost.com,3,0.853926
7806,huffpost.com,3,0.844347
7807,huffpost.com,3,0.800915
7819,huffpost.com,3,0.865093
7829,huffpost.com,3,0.813885
7832,huffpost.com,3,0.845101
7838,huffpost.com,3,0.833884
7852,huffpost.com,3,0.821041
7853,huffpost.com,3,0.751309
7854,huffpost.com,3,0.795088
7855,huffpost.com,3,0.861196
7859,huffpost.com,3,0.821427
7874,huffpost.com,3,0.855333
7878,huffpost.com,3,0.829369
7890,huffpost.com,3,0.880545
7893,huffpost.com,3,0.888684
7909,huffpost.com,3,0.781137
7910,huffpost.com,3,0.921381
7914,huffpost.com,3,0.845980
7920,huffpost.com,3,0.793130
7922,huffpost.com,3,0.762774
7931,huffpost.com,3,0.786790
7940,huffpost.com,3,0.831618
7941,huffpost.com,3,0.748131
7943,huffpost.com,3,0.807591
7944,huffpost.com,3,0.792277
7945,huffpost.com,3,0.784329
7946,huffpost.com,3,0.708231
7947,huffpost.com,3,0.773655
7948,huffpost.com,3,0.797630
7950,huffpost.com,3,0.777407
7951,huffpost.com,3,0.792375
7958,huffpost.com,3,0.827325
7959,huffpost.com,3,0.829168
7960,huffpost.com,3,0.760984
7963,huffpost.com,3,0.777422
7964,huffpost.com,3,0.710168
7965,huffpost.com,3,0.730624
7966,huffpost.com,3,0.737608
7967,huffpost.com,3,0.740224
7968,huffpost.com,3,0.733658
7969,huffpost.com,3,0.807556
7973,huffpost.com,3,0.895645
7977,huffpost.com,3,0.858388
7987,huffpost.com,3,0.831088
7989,huffpost.com,3,0.843622
7994,huffpost.com,3,0.839990
7999,huffpost.com,3,0.817336
8005,huffpost.com,3,0.802867
8006,huffpost.com,3,0.802867
8011,huffpost.com,3,0.828380
8012,huffpost.com,3,0.863123
8029,huffpost.com,3,0.829828
8032,huffpost.com,3,0.819457
8041,huffpost.com,3,0.850940
8042,huffpost.com,3,0.822034
8060,huffpost.com,3,0.838794
8067,huffpost.com,3,0.854779
8070,huffpost.com,3,0.800208
8071,huffpost.com,3,0.764781
8089,huffpost.com,3,0.814043
8097,huffpost.com,3,0.822400
8112,huffpost.com,3,0.838409
8120,idahostatejournal.com,3,0.758957
8121,idahostatejournal.com,3,0.825914
8122,idahostatejournal.com,3,0.825914
8123,idahostatejournal.com,3,0.825914
8125,idahostatejournal.com,3,0.850909
8126,idahostatejournal.com,3,0.850909
8137,independent.co.uk,3,0.803346
8139,independent.co.uk,3,0.881992
8143,independent.co.uk,3,0.772065
8146,independent.co.uk,3,0.807363
8148,independent.co.uk,3,0.811324
8149,independent.co.uk,3,0.852665
8157,indianacapitalchronicle.com,3,0.747194
8184,inquirer.com,3,0.802917
8195,inquirer.com,3,0.815831
8200,inquirer.com,3,0.816982
8209,insidernj.com,3,0.835228
8210,insidernj.com,3,0.835228
8213,insidernj.com,3,0.880790
8214,insidernj.com,3,0.862025
8216,insidernj.com,3,0.812610
8217,insidernj.com,3,0.908948
8218,insidernj.com,3,0.852616
8221,insidernj.com,3,0.863165
8224,insidernj.com,3,0.895468
8225,insidernj.com,3,0.895468
8226,insidernj.com,3,0.895468
8229,insidernj.com,3,0.838741
8232,insidernj.com,3,0.795158
8233,insidernj.com,3,0.855299
8250,jdsupra.com,3,0.781948
8255,jdsupra.com,3,0.815107
8258,jdsupra.com,3,0.773338
8260,jdsupra.com,3,0.808996
8261,jdsupra.com,3,0.696427
8264,jdsupra.com,3,0.770759
8265,jdsupra.com,3,0.710843
8269,jdsupra.com,3,0.756095
8324,journal-news.com,3,0.898460
8325,journal-news.com,3,0.898460
8339,journal-news.com,3,0.904072
8340,journal-news.com,3,0.904072
8341,journal-news.com,3,0.904072
8342,journal-news.com,3,0.904072
8355,journalgazette.net,3,0.815590
8357,jpost.com,3,0.806969
8372,jpost.com,3,0.861083
8374,jpost.com,3,0.794150
8381,jpost.com,3,0.807121
8386,jpost.com,3,0.763793
8389,juneauindependent.com,3,0.807365
8391,juneauindependent.com,3,0.734130
8395,juneauindependent.com,3,0.852809
8399,juneauindependent.com,3,0.821526
8401,jurist.org,3,0.781729
8405,jurist.org,3,0.829201
8406,jurist.org,3,0.758407
8410,jurist.org,3,0.814755
8413,jurist.org,3,0.804190
8421,kansascity.com,3,0.842617
8430,kansasreflector.com,3,0.793743
8435,kansasreflector.com,3,0.808926
8451,katu.com,3,0.860525
8467,katv.com,3,0.836455
8468,katv.com,3,0.811466
8470,katv.com,3,0.870594
8478,katv.com,3,0.689268
8479,katv.com,3,0.820031
8484,kbtx.com,3,0.889731
8488,kbtx.com,3,0.836965
8489,kbtx.com,3,0.836965
8498,kcci.com,3,0.800481
8511,kcra.com,3,0.846896
8513,kcra.com,3,0.807714
8514,kcra.com,3,0.785916
8524,kcra.com,3,0.844451
8526,kcra.com,3,0.724553
8527,kcra.com,3,0.676287
8531,kcra.com,3,0.786296
8532,kcra.com,3,0.712451
8533,kcra.com,3,0.734899
8535,kcra.com,3,0.870270
8543,kcra.com,3,0.690039
8544,kcra.com,3,0.809055
8551,kcrg.com,3,0.732784
8552,kcrg.com,3,0.889731
8594,keloland.com,3,0.781691
8597,ketv.com,3,0.815628
8603,ketv.com,3,0.676287
8613,kfgo.com,3,0.732529
8624,kfvs12.com,3,0.860514
8625,kfvs12.com,3,0.853506
8638,kgou.org,3,0.806188
8642,king5.com,3,0.778588
8643,king5.com,3,0.822795
8644,king5.com,3,0.804955
8647,king5.com,3,0.833144
8658,kjzz.org,3,0.758945
8670,kjzz.org,3,0.781668
8674,klcc.org,3,0.832279
8677,klcc.org,3,0.793760
8683,klfy.com,3,0.883993
8684,klfy.com,3,0.858134
8703,knoe.com,3,0.845957
8705,knoe.com,3,0.889731
8706,knoe.com,3,0.880453
8707,knoe.com,3,0.871525
8708,knoe.com,3,0.853576
8730,koat.com,3,0.724553
8731,koat.com,3,0.676287
8734,koat.com,3,0.757398
8798,komonews.com,3,0.860525
8807,komonews.com,3,0.819886
8812,komonews.com,3,0.730912
8822,kosu.org,3,0.813299
8831,kosu.org,3,0.770282
8861,kpbs.org,3,0.788223
8865,kplctv.com,3,0.848720
8866,kplctv.com,3,0.838636
8868,kplctv.com,3,0.853576
8869,kplctv.com,3,0.803359
8870,kplctv.com,3,0.734899
8886,kqed.org,3,0.677919
8888,kqed.org,3,0.740133
8891,kqed.org,3,0.795905
8892,kqed.org,3,0.772767
8893,kqed.org,3,0.730912
8894,kqed.org,3,0.789103
8899,krcrtv.com,3,0.839650
8902,krcrtv.com,3,0.815828
8934,ksby.com,3,0.841647
8954,ksl.com,3,0.800816
8964,ksla.com,3,0.880453
8965,ksla.com,3,0.866611
8970,ksla.com,3,0.812442
8971,ksla.com,3,0.866290
8974,ksla.com,3,0.861738
8976,ktar.com,3,0.779948
8986,ktar.com,3,0.889258
8990,ktar.com,3,0.695868
9001,kten.com,3,0.890791
9004,kten.com,3,0.791507
9005,kten.com,3,0.783499
9010,kten.com,3,0.832558
9045,kuow.org,3,0.821180
9053,kuow.org,3,0.768699
9055,kvue.com,3,0.826973
9065,kvue.com,3,0.685063
9066,kvue.com,3,0.829820
9070,kvue.com,3,0.844279
9074,kvue.com,3,0.833144
9079,kvue.com,3,0.733893
9089,kvue.com,3,0.865362
9097,kxan.com,3,0.726918
9117,lancasteronline.com,3,0.830950
9143,latimes.com,3,0.823724
9150,latimes.com,3,0.819893
9164,latimes.com,3,0.708896
9165,latimes.com,3,0.702269
9174,latimes.com,3,0.749104
9175,latimes.com,3,0.847920
9180,latimes.com,3,0.851297
9181,latimes.com,3,0.827476
9187,latimes.com,3,0.823937
9189,latimes.com,3,0.707728
9192,latimes.com,3,0.794889
9194,latimes.com,3,0.819597
9197,latimes.com,3,0.839990
9210,law.com,3,0.778784
9248,law360.com,3,0.829425
9249,law360.com,3,0.815536
9328,legis1.com,3,0.875503
9374,livenowfox.com,3,0.860115
9402,local10.com,3,0.745690
9403,local10.com,3,0.734791
9419,localnewslive.com,3,0.821220
9422,lubbockonline.com,3,0.877207
9423,lubbockonline.com,3,0.855619
9426,lubbockonline.com,3,0.844818
9427,lubbockonline.com,3,0.867013
9429,lubbockonline.com,3,0.826398
9435,lufkindailynews.com,3,0.905617
9436,lufkindailynews.com,3,0.898460
9442,lufkindailynews.com,3,0.845075
9448,lufkindailynews.com,3,0.825367
9450,lufkindailynews.com,3,0.768033
9451,lufkindailynews.com,3,0.777304
9452,lufkindailynews.com,3,0.855048
9465,mainepublic.org,3,0.799340
9467,mainepublic.org,3,0.839718
9492,marylandmatters.org,3,0.817701
9501,marylandmatters.org,3,0.800009
9519,mdjonline.com,3,0.815590
9522,mercurynews.com,3,0.845987
9531,mercurynews.com,3,0.829750
9532,mercurynews.com,3,0.857995
9540,merkley.senate.gov,3,0.777049
9561,mezha.net,3,0.739424
9580,miamiherald.com,3,0.786250
9583,miamiherald.com,3,0.773460
9584,miamiherald.com,3,0.768855
9585,michiganadvance.com,3,0.844250
9586,michiganadvance.com,3,0.856570
9601,michiganpublic.org,3,0.899997
9618,military.com,3,0.870228
9622,military.com,3,0.764374
9635,militarytimes.com,3,0.790260
9643,mississippitoday.org,3,0.744141
9646,mlex.com,3,0.859866
9672,mmafighting.com,3,0.872870
9677,mmajunkie.usatoday.com,3,0.868571
9678,mmajunkie.usatoday.com,3,0.866553
9679,mmajunkie.usatoday.com,3,0.828884
9682,mmajunkie.usatoday.com,3,0.834471
9688,mmajunkie.usatoday.com,3,0.863522
9698,mmamania.com,3,0.810869
9701,mnsenaterepublicans.com,3,0.873983
9707,mnsenaterepublicans.com,3,0.795066
9720,motherjones.com,3,0.811808
9727,motherjones.com,3,0.813234
9736,motherjones.com,3,0.858146
9739,motherjones.com,3,0.852876
9746,motherjones.com,3,0.894253
9752,motherjones.com,3,0.745120
9753,motherjones.com,3,0.745120
9763,motherjones.com,3,0.890842
9783,motherjones.com,3,0.886515
9786,motherjones.com,3,0.752894
9787,motherjones.com,3,0.797545
9789,motherjones.com,3,0.785853
9802,motherjones.com,3,0.804004
9803,motherjones.com,3,0.833115
9808,motherjones.com,3,0.681621
9809,motherjones.com,3,0.681621
9812,motherjones.com,3,0.762560
9813,motherjones.com,3,0.762560
9817,motherjones.com,3,0.791693
9824,motherjones.com,3,0.929967
9825,motherjones.com,3,0.814391
9826,motherjones.com,3,0.814391
9827,motherjones.com,3,0.814391
9828,motherjones.com,3,0.842704
9829,motherjones.com,3,0.842704
9850,motherjones.com,3,0.834678
9853,motherjones.com,3,0.864412
9860,mprnews.org,3,0.749717
9871,ms.now,3,0.800309
9872,ms.now,3,0.753757
9876,ms.now,3,0.807491
9877,ms.now,3,0.835259
9881,ms.now,3,0.809679
9882,ms.now,3,0.802347
9884,ms.now,3,0.730737
9889,ms.now,3,0.777137
9901,ms.now,3,0.803332
9903,ms.now,3,0.885906
9907,ms.now,3,0.685634
9911,ms.now,3,0.766522
9912,ms.now,3,0.757103
9921,ms.now,3,0.661366
9922,ms.now,3,0.859669
9923,ms.now,3,0.835602
9931,ms.now,3,0.869468
9935,ms.now,3,0.787176
9936,ms.now,3,0.793903
9937,ms.now,3,0.812967
9938,ms.now,3,0.791210
9942,ms.now,3,0.802703
9943,ms.now,3,0.793183
9947,ms.now,3,0.724276
9949,ms.now,3,0.811755
9952,ms.now,3,0.670854
9953,ms.now,3,0.760847
9963,ms.now,3,0.695125
9967,ms.now,3,0.807476
9982,ms.now,3,0.880770
9983,ms.now,3,0.876759
9985,ms.now,3,0.790197
9992,ms.now,3,0.820044
10007,mymcmedia.org,3,0.838888
10008,mymcmedia.org,3,0.817508
10009,mymcmedia.org,3,0.817508
10028,naco.org,3,0.820980
10029,naco.org,3,0.852609
10030,naco.org,3,0.847170
10031,naco.org,3,0.854556
10042,nationalreview.com,3,0.857881
10061,nationalreview.com,3,0.844634
10063,nationalreview.com,3,0.821799
10076,nationalreview.com,3,0.829436
10077,nationalreview.com,3,0.815461
10082,nationalreview.com,3,0.906045
10096,nationalreview.com,3,0.849546
10109,nationalreview.com,3,0.790258
10119,nationalreview.com,3,0.856741
10130,nationalreview.com,3,0.874028
10132,nationalreview.com,3,0.922605
10136,nationalreview.com,3,0.877319
10147,nationalreview.com,3,0.898443
10162,nationalreview.com,3,0.928212
10180,nationalreview.com,3,0.840375
10182,nationalreview.com,3,0.760551
10206,nationalreview.com,3,0.829527
10212,nationalreview.com,3,0.790592
10213,nationalreview.com,3,0.801966
10215,nationalreview.com,3,0.825658
10216,nationalreview.com,3,0.752441
10217,nationalreview.com,3,0.752441
10220,nationalreview.com,3,0.783128
10221,nationalreview.com,3,0.696476
10222,nationalreview.com,3,0.743748
10227,nationalreview.com,3,0.801823
10233,nationalreview.com,3,0.777311
10239,nationalreview.com,3,0.846138
10240,nationalreview.com,3,0.798838
10241,nationalreview.com,3,0.793683
10248,nationalreview.com,3,0.803262
10249,nationalreview.com,3,0.883590
10264,nationalreview.com,3,0.815120
10272,nationalreview.com,3,0.772134
10277,nationalreview.com,3,0.762713
10278,nationalreview.com,3,0.762713
10279,nationalreview.com,3,0.812786
10281,nationalreview.com,3,0.805102
10282,nationalreview.com,3,0.805102
10285,nationalreview.com,3,0.851408
10331,nationalreview.com,3,0.807345
10332,nationalreview.com,3,0.833183
10360,nationalreview.com,3,0.873137
10365,nativenewsonline.net,3,0.776803
10368,nativenewsonline.net,3,0.851863
10372,nativenewsonline.net,3,0.763636
10377,natlawreview.com,3,0.822657
10388,nbc4i.com,3,0.851934
10405,nbclosangeles.com,3,0.750331
10412,nbcnews.com,3,0.837857
10416,nbcnews.com,3,0.822558
10423,nbcnews.com,3,0.680136
10424,nbcnews.com,3,0.680136
10425,nbcnews.com,3,0.848958
10434,nbcnews.com,3,0.806417
10438,nbcnews.com,3,0.800346
10445,nbcnews.com,3,0.817394
10460,nbcnews.com,3,0.833161
10462,nbcnews.com,3,0.815685
10469,nbcnews.com,3,0.854477
10470,nbcnews.com,3,0.825426
10471,nbcnews.com,3,0.825426
10472,nbcnews.com,3,0.836219
10473,nbcnews.com,3,0.821453
10474,nbcnews.com,3,0.802619
10475,nbcnews.com,3,0.802619
10476,nbcnews.com,3,0.802364
10477,nbcnews.com,3,0.802245
10478,nbcnews.com,3,0.782484
10479,nbcnews.com,3,0.782484
10480,nbcnews.com,3,0.791196
10481,nbcnews.com,3,0.808355
10482,nbcnews.com,3,0.789827
10485,nbcnews.com,3,0.829818
10491,nbcnews.com,3,0.804055
10493,nbcnews.com,3,0.712151
10494,nbcnews.com,3,0.734450
10495,nbcnews.com,3,0.734450
10504,nbcnews.com,3,0.797094
10505,nbcnews.com,3,0.813663
10510,nbcnews.com,3,0.809711
10511,nbcnews.com,3,0.809711
10512,nbcnews.com,3,0.809711
10514,nbcnews.com,3,0.837684
10522,nbcnews.com,3,0.867499
10524,nbcnews.com,3,0.817472
10541,nbcnews.com,3,0.744445
10556,nbcnews.com,3,0.818721
10561,nbcnews.com,3,0.762232
10578,nbcnews.com,3,0.837244
10583,nbcnews.com,3,0.857297
10594,nbcnews.com,3,0.867126
10599,nbcnews.com,3,0.842273
10602,nbcnews.com,3,0.857861
10605,nbcnews.com,3,0.834192
10606,nbcnews.com,3,0.874675
10608,nbcnews.com,3,0.876060
10616,nbcnews.com,3,0.711039
10618,nbcnews.com,3,0.875158
10620,nbcnews.com,3,0.812097
10621,nbcnews.com,3,0.818284
10629,nbcnews.com,3,0.776947
10646,nbcnews.com,3,0.825580
10647,nbcnews.com,3,0.825580
10650,nbcnews.com,3,0.870248
10655,nbcnews.com,3,0.827859
10657,nbcnews.com,3,0.840559
10659,nbcnews.com,3,0.807796
10685,nbcnews.com,3,0.881801
10692,nbcnews.com,3,0.749210
10696,nbcnews.com,3,0.859482
10697,nbcnews.com,3,0.859482
10701,nbcnews.com,3,0.863663
10702,nbcnews.com,3,0.868784
10710,nbcnews.com,3,0.819625
10711,nbcnews.com,3,0.819625
10715,nbcnews.com,3,0.763056
10717,nbcnews.com,3,0.851435
10728,nbcnews.com,3,0.817303
10731,nbcnews.com,3,0.816197
10732,nbcnews.com,3,0.816197
10733,nbcnews.com,3,0.829655
10736,nbcnews.com,3,0.864694
10737,nbcnews.com,3,0.864694
10745,nbcnews.com,3,0.780198
10746,nbcnews.com,3,0.780198
10757,nbcnews.com,3,0.770907
10774,nbcnews.com,3,0.701266
10775,nbcnews.com,3,0.790290
10778,nbcnews.com,3,0.816468
10779,nbcnews.com,3,0.816468
10783,nbcnews.com,3,0.762199
10784,nbcnews.com,3,0.765261
10785,nbcnews.com,3,0.748069
10786,nbcnews.com,3,0.787386
10787,nbcnews.com,3,0.787386
10788,nbcnews.com,3,0.799173
10789,nbcnews.com,3,0.799173
10793,nbcnews.com,3,0.736798
10794,nbcnews.com,3,0.807331
10796,nbcnews.com,3,0.761445
10797,nbcnews.com,3,0.719987
10798,nbcnews.com,3,0.794231
10799,nbcnews.com,3,0.716953
10800,nbcnews.com,3,0.712338
10801,nbcnews.com,3,0.712338
10802,nbcnews.com,3,0.705363
10803,nbcnews.com,3,0.793020
10806,nbcnews.com,3,0.797746
10807,nbcnews.com,3,0.797746
10808,nbcnews.com,3,0.779192
10812,nbcnews.com,3,0.812934
10813,nbcnews.com,3,0.812934
10815,nbcnews.com,3,0.715511
10818,nbcnews.com,3,0.772807
10822,nbcnews.com,3,0.806672
10823,nbcnews.com,3,0.806672
10824,nbcnews.com,3,0.820079
10825,nbcnews.com,3,0.820079
10826,nbcnews.com,3,0.820079
10827,nbcnews.com,3,0.778388
10828,nbcnews.com,3,0.778388
10833,nbcnews.com,3,0.787293
10834,nbcnews.com,3,0.797989
10838,nbcnews.com,3,0.832390
10839,nbcnews.com,3,0.832390
10841,nbcnews.com,3,0.776847
10844,nbcnews.com,3,0.846959
10845,nbcnews.com,3,0.846959
10849,nbcnews.com,3,0.873529
10850,nbcnews.com,3,0.815044
10863,nbcnews.com,3,0.848545
10879,nbcnews.com,3,0.768035
10880,nbcnews.com,3,0.768035
10883,nbcnews.com,3,0.760215
10890,nbcnews.com,3,0.810752
10896,nbcnews.com,3,0.775715
10901,nbcnews.com,3,0.752224
10902,nbcnews.com,3,0.737472
10903,nbcnews.com,3,0.734928
10904,nbcnews.com,3,0.833397
10905,nbcnews.com,3,0.720006
10906,nbcnews.com,3,0.720006
10907,nbcnews.com,3,0.712238
10918,nbcnews.com,3,0.735626
10927,nbcnews.com,3,0.807783
10932,nbcnews.com,3,0.859858
10933,nbcnews.com,3,0.859858
10942,nbcnews.com,3,0.821740
10943,nbcnews.com,3,0.821740
10944,nbcnews.com,3,0.846444
10948,nbcnews.com,3,0.813589
10957,nbcnews.com,3,0.869441
10964,nbcnews.com,3,0.823118
10980,nbcnews.com,3,0.844387
10982,nbcnews.com,3,0.743801
10983,nbcnews.com,3,0.743705
10984,nbcnews.com,3,0.814043
10998,nbcnews.com,3,0.782856
11003,nbcnews.com,3,0.759535
11015,nbcphiladelphia.com,3,0.838341
11016,nbcphiladelphia.com,3,0.811087
11020,nbcphiladelphia.com,3,0.856640
11021,nbcphiladelphia.com,3,0.845075
11035,nbcwashington.com,3,0.835298
11037,nbcwashington.com,3,0.772856
11038,nbcwashington.com,3,0.788143
11039,nbcwashington.com,3,0.798403
11040,nbcwashington.com,3,0.810693
11041,nbcwashington.com,3,0.719601
11042,nbcwashington.com,3,0.776048
11043,nbcwashington.com,3,0.779268
11070,ncnewsline.com,3,0.842236
11087,ncregister.com,3,0.822395
11097,ndtv.com,3,0.822364
11104,ndtv.com,3,0.811522
11111,ndtv.com,3,0.870329
11114,ndtv.com,3,0.868029
11155,nebraskapublicmedia.org,3,0.781010
11166,newjerseyglobe.com,3,0.855361
11171,newjerseyglobe.com,3,0.822696
11172,newjerseyglobe.com,3,0.866503
11184,newjerseyglobe.com,3,0.830791
11185,newjerseyglobe.com,3,0.835107
11187,newrepublic.com,3,0.812123
11195,newrepublic.com,3,0.744527
11200,newrepublic.com,3,0.749817
11203,newrepublic.com,3,0.811399
11206,newrepublic.com,3,0.758609
11207,newrepublic.com,3,0.850118
11208,newrepublic.com,3,0.757758
11209,newrepublic.com,3,0.845975
11215,news.ballotpedia.org,3,0.802475
11222,news.ballotpedia.org,3,0.783275
11224,news.bgov.com,3,0.855709
11235,news.bgov.com,3,0.804639
11239,news.bgov.com,3,0.840444
11243,news.bgov.com,3,0.875885
11247,news.bgov.com,3,0.881619
11254,news.bgov.com,3,0.813923
11276,news.bloomberglaw.com,3,0.767283
11281,news.bloomberglaw.com,3,0.804639
11289,news.bloomberglaw.com,3,0.881619
11301,news.bloomberglaw.com,3,0.791198
11305,news.bloomberglaw.com,3,0.747517
11307,news.bloomberglaw.com,3,0.793350
11310,news.bloomberglaw.com,3,0.826289
11315,news.bloomberglaw.com,3,0.794583
11335,news.usni.org,3,0.821358
11337,news.usni.org,3,0.865780
11338,news.usni.org,3,0.851595
11341,news.wttw.com,3,0.814765
11344,news.wttw.com,3,0.731407
11345,news.wttw.com,3,0.717660
11346,news.wttw.com,3,0.734899
11347,news.wttw.com,3,0.814993
11348,news.wttw.com,3,0.794560
11353,news10.com,3,0.722959
11354,news10.com,3,0.722959
11360,news10.com,3,0.823700
11394,news3lv.com,3,0.852273
11413,news4jax.com,3,0.830976
11415,news4jax.com,3,0.763642
11430,news8000.com,3,0.846977
11447,newscentermaine.com,3,0.833832
11456,newscentermaine.com,3,0.843592
11472,newschannel9.com,3,0.803056
11487,newsday.com,3,0.821594
11491,newsday.com,3,0.795351
11494,newsday.com,3,0.802796
11510,newsfromthestates.com,3,0.781893
11516,newsfromthestates.com,3,0.798693
11519,newsfromthestates.com,3,0.811832
11521,newsfromthestates.com,3,0.718635
11564,newsfromthestates.com,3,0.705061
11566,newsfromthestates.com,3,0.805588
11578,newsnationnow.com,3,0.829795
11582,newsnationnow.com,3,0.775801
11585,newsnationnow.com,3,0.780697
11586,newsnationnow.com,3,0.857840
11589,newsnationnow.com,3,0.824710
11591,newsnationnow.com,3,0.864607
11615,newsroom.loc.gov,3,0.780108
11617,newsroom.loc.gov,3,0.835539
11621,newsroom.loc.gov,3,0.820054
11622,newsroom.loc.gov,3,0.820777
11623,newsroom.loc.gov,3,0.806734
11634,newsweek.com,3,0.855516
11680,newsweek.com,3,0.768145
11687,newsweek.com,3,0.800567
11689,newsweek.com,3,0.790326
11707,newsweek.com,3,0.913265
11710,newyorker.com,3,0.761192
11713,newyorker.com,3,0.807995
11717,newyorker.com,3,0.732524
11718,newyorker.com,3,0.714224
11719,newyorker.com,3,0.745921
11721,nhpr.org,3,0.813299
11730,nhpr.org,3,0.825578
11731,nhpr.org,3,0.856313
11745,nhregister.com,3,0.823700
11751,nj.com,3,0.847630
11752,nj.com,3,0.854937
11754,nj.com,3,0.814319
11758,njsendems.org,3,0.866055
11761,njsendems.org,3,0.850980
11764,njsendems.org,3,0.905165
11768,njsendems.org,3,0.852350
11770,njsendems.org,3,0.837710
11772,njsendems.org,3,0.855299
11773,njsendems.org,3,0.870040
11779,nola.com,3,0.830005
11782,nola.com,3,0.847886
11786,nola.com,3,0.795609
11788,nola.com,3,0.838063
11789,nola.com,3,0.764198
11790,nola.com,3,0.783732
11791,nola.com,3,0.817113
11798,nola.com,3,0.860268
11799,nola.com,3,0.848672
11805,nola.com,3,0.869214
11806,nola.com,3,0.826815
11807,nola.com,3,0.826815
11809,notus.org,3,0.861174
11813,notus.org,3,0.852318
11816,notus.org,3,0.847879
11826,notus.org,3,0.735658
11832,notus.org,3,0.886063
11836,notus.org,3,0.764127
11838,notus.org,3,0.792068
11850,npr.org,3,0.807742
11857,npr.org,3,0.763495
11871,npr.org,3,0.821180
11874,npr.org,3,0.784668
11889,npr.org,3,0.825495
11893,npr.org,3,0.773234
11900,npr.org,3,0.815344
11901,npr.org,3,0.828610
11902,npr.org,3,0.813299
11903,npr.org,3,0.813299
11904,npr.org,3,0.795925
11905,npr.org,3,0.815645
11912,npr.org,3,0.898712
11913,npr.org,3,0.766534
11930,npr.org,3,0.793039
11931,npr.org,3,0.864198
11933,npr.org,3,0.825702
11936,npr.org,3,0.846681
11941,npr.org,3,0.781040
11942,npr.org,3,0.760255
11943,npr.org,3,0.809778
11949,npr.org,3,0.785202
11953,npr.org,3,0.813867
11954,npr.org,3,0.821725
11955,npr.org,3,0.820637
11957,npr.org,3,0.767519
11982,npr.org,3,0.807245
11991,npr.org,3,0.778979
12004,npr.org,3,0.780387
12009,npr.org,3,0.826439
12010,npr.org,3,0.826439
12012,npr.org,3,0.796666
12013,npr.org,3,0.790036
12014,npr.org,3,0.794646
12032,npr.org,3,0.772471
12036,npr.org,3,0.793284
12037,npr.org,3,0.783627
12038,npr.org,3,0.788470
12042,npr.org,3,0.719239
12044,npr.org,3,0.797437
12045,npr.org,3,0.773927
12046,npr.org,3,0.778572
12047,npr.org,3,0.783782
12049,npr.org,3,0.812965
12050,npr.org,3,0.812965
12051,npr.org,3,0.798663
12052,npr.org,3,0.779902
12053,npr.org,3,0.742637
12054,npr.org,3,0.727487
12057,npr.org,3,0.823347
12060,npr.org,3,0.825578
12061,npr.org,3,0.825578
12063,npr.org,3,0.777142
12066,npr.org,3,0.774755
12068,npr.org,3,0.768699
12069,npr.org,3,0.768699
12071,npr.org,3,0.771178
12075,npr.org,3,0.829762
12092,npr.org,3,0.804811
12108,npr.org,3,0.764083
12110,npr.org,3,0.859862
12111,npr.org,3,0.757578
12132,npr.org,3,0.818722
12136,npr.org,3,0.868699
12137,npr.org,3,0.821960
12143,npr.org,3,0.825547
12144,npr.org,3,0.814833
12153,npr.org,3,0.792984
12154,npr.org,3,0.792984
12160,npr.org,3,0.853077
12161,npr.org,3,0.748570
12162,npr.org,3,0.779363
12186,nvdaily.com,3,0.825367
12187,ny1.com,3,0.865867
12188,ny1.com,3,0.845721
12195,ny1.com,3,0.864788
12199,nymag.com,3,0.817110
12200,nymag.com,3,0.745723
12203,nymag.com,3,0.859243
12205,nymag.com,3,0.823977
12207,nymag.com,3,0.863654
12208,nymag.com,3,0.798359
12215,nypost.com,3,0.821635
12217,nypost.com,3,0.805711
12237,nypost.com,3,0.885062
12239,nypost.com,3,0.856629
12243,nypost.com,3,0.852385
12278,nypost.com,3,0.728264
12279,nypost.com,3,0.807872
12289,nypost.com,3,0.808627
12298,nysenate.gov,3,0.822758
12299,nysenate.gov,3,0.839335
12303,nytimes.com,3,0.867036
12305,nytimes.com,3,0.877524
12306,nytimes.com,3,0.877524
12316,nytimes.com,3,0.777311
12327,nytimes.com,3,0.837683
12341,nytimes.com,3,0.801314
12354,nytimes.com,3,0.827596
12355,nytimes.com,3,0.827596
12359,nytimes.com,3,0.817520
12369,nytimes.com,3,0.846191
12377,nytimes.com,3,0.859996
12378,nytimes.com,3,0.859996
12393,nytimes.com,3,0.808844
12411,nytimes.com,3,0.798878
12412,nytimes.com,3,0.803128
12413,nytimes.com,3,0.796697
12414,nytimes.com,3,0.859381
12416,nytimes.com,3,0.835427
12417,nytimes.com,3,0.826544
12418,nytimes.com,3,0.796655
12419,nytimes.com,3,0.773218
12420,nytimes.com,3,0.773218
12421,nytimes.com,3,0.768381
12422,nytimes.com,3,0.768381
12423,nytimes.com,3,0.813478
12424,nytimes.com,3,0.790384
12426,nytimes.com,3,0.850494
12433,nytimes.com,3,0.838590
12434,nytimes.com,3,0.838590
12435,nytimes.com,3,0.854738
12439,nytimes.com,3,0.888708
12440,nytimes.com,3,0.888708
12449,nytimes.com,3,0.814114
12451,nytimes.com,3,0.772128
12452,nytimes.com,3,0.772128
12458,nytimes.com,3,0.859711
12465,nytimes.com,3,0.948931
12466,nytimes.com,3,0.806848
12480,nytimes.com,3,0.844752
12482,nytimes.com,3,0.817322
12490,nytimes.com,3,0.767080
12521,nytimes.com,3,0.868653
12536,nytimes.com,3,0.796964
12537,nytimes.com,3,0.867292
12538,nytimes.com,3,0.867292
12539,nytimes.com,3,0.757641
12540,nytimes.com,3,0.765843
12547,nytimes.com,3,0.887505
12548,nytimes.com,3,0.820986
12552,nytimes.com,3,0.812595
12554,nytimes.com,3,0.805585
12596,nytimes.com,3,0.845701
12597,nytimes.com,3,0.845701
12604,nytimes.com,3,0.831209
12611,nytimes.com,3,0.856804
12612,nytimes.com,3,0.784122
12613,nytimes.com,3,0.860538
12614,nytimes.com,3,0.860538
12624,nytimes.com,3,0.857240
12626,nytimes.com,3,0.730517
12627,nytimes.com,3,0.842959
12628,nytimes.com,3,0.823827
12629,nytimes.com,3,0.824799
12637,nytimes.com,3,0.824219
12646,nytimes.com,3,0.791732
12647,nytimes.com,3,0.864713
12667,nytimes.com,3,0.838207
12672,nytimes.com,3,0.885645
12673,nytimes.com,3,0.885645
12678,nytimes.com,3,0.849251
12680,nytimes.com,3,0.788057
12681,nytimes.com,3,0.769630
12683,nytimes.com,3,0.821831
12685,nytimes.com,3,0.876261
12688,nytimes.com,3,0.787984
12689,nytimes.com,3,0.843824
12690,nytimes.com,3,0.846974
12691,nytimes.com,3,0.824134
12694,nytimes.com,3,0.786463
12695,nytimes.com,3,0.842517
12696,nytimes.com,3,0.749372
12705,nytimes.com,3,0.799284
12706,nytimes.com,3,0.847211
12707,nytimes.com,3,0.847211
12719,nytimes.com,3,0.848044
12725,nytimes.com,3,0.693829
12726,nytimes.com,3,0.772117
12738,nytimes.com,3,0.797634
12740,nytimes.com,3,0.833346
12741,nytimes.com,3,0.838752
12745,nytimes.com,3,0.807584
12747,nytimes.com,3,0.882712
12748,nytimes.com,3,0.882712
12756,nytimes.com,3,0.816745
12760,nytimes.com,3,0.785509
12761,nytimes.com,3,0.799190
12762,nytimes.com,3,0.799190
12763,nytimes.com,3,0.799190
12764,nytimes.com,3,0.778840
12769,nytimes.com,3,0.782828
12770,nytimes.com,3,0.782828
12774,nytimes.com,3,0.749298
12776,nytimes.com,3,0.794251
12777,nytimes.com,3,0.794251
12778,nytimes.com,3,0.791528
12779,nytimes.com,3,0.807711
12782,nytimes.com,3,0.827318
12783,nytimes.com,3,0.815072
12784,nytimes.com,3,0.815072
12786,nytimes.com,3,0.814060
12789,nytimes.com,3,0.780702
12790,nytimes.com,3,0.780702
12794,nytimes.com,3,0.793657
12795,nytimes.com,3,0.793657
12796,nytimes.com,3,0.775215
12800,nytimes.com,3,0.714679
12801,nytimes.com,3,0.714679
12802,nytimes.com,3,0.755194
12803,nytimes.com,3,0.755194
12804,nytimes.com,3,0.789445
12805,nytimes.com,3,0.789445
12806,nytimes.com,3,0.740678
12807,nytimes.com,3,0.740678
12808,nytimes.com,3,0.805927
12810,nytimes.com,3,0.855885
12812,nytimes.com,3,0.797157
12813,nytimes.com,3,0.797157
12814,nytimes.com,3,0.760168
12815,nytimes.com,3,0.760168
12819,nytimes.com,3,0.830772
12821,nytimes.com,3,0.859511
12824,nytimes.com,3,0.779396
12825,nytimes.com,3,0.869678
12826,nytimes.com,3,0.869678
12831,nytimes.com,3,0.782740
12836,nytimes.com,3,0.781324
12840,nytimes.com,3,0.787180
12843,nytimes.com,3,0.743695
12851,nytimes.com,3,0.862249
12853,nytimes.com,3,0.850518
12854,nytimes.com,3,0.861155
12858,nytimes.com,3,0.805223
12863,nytimes.com,3,0.804818
12866,nytimes.com,3,0.844497
12868,nytimes.com,3,0.794877
12874,nytimes.com,3,0.802924
12880,nytimes.com,3,0.837054
12882,nytimes.com,3,0.812669
12895,nytimes.com,3,0.853488
12896,nytimes.com,3,0.744017
12903,nytimes.com,3,0.839363
12904,nytimes.com,3,0.751655
12905,nytimes.com,3,0.751655
12907,nytimes.com,3,0.706564
12908,nytimes.com,3,0.706564
12910,nytimes.com,3,0.780413
12930,nytimes.com,3,0.865618
12931,nytimes.com,3,0.865618
12938,nytimes.com,3,0.832429
12939,nytimes.com,3,0.832429
12947,nytimes.com,3,0.886893
12951,nytimes.com,3,0.857026
12956,nytimes.com,3,0.833870
12974,nytimes.com,3,0.768493
12977,nytimes.com,3,0.858077
12980,nytimes.com,3,0.837165
12990,nytimes.com,3,0.766765
12995,nytimes.com,3,0.799477
12997,nytimes.com,3,0.713635
12999,nytimes.com,3,0.808206
13000,nytimes.com,3,0.838645
13001,nytimes.com,3,0.838645
13005,nytimes.com,3,0.797412
13006,nytimes.com,3,0.797412
13010,nytimes.com,3,0.828180
13013,nytimes.com,3,0.910337
13014,nytimes.com,3,0.910337
13018,nytimes.com,3,0.842110
13020,nytimes.com,3,0.774819
13021,nytimes.com,3,0.774819
13027,nytimes.com,3,0.799720
13042,ocregister.com,3,0.855546
13049,ocregister.com,3,0.800519
13051,ocregister.com,3,0.758371
13057,ocregister.com,3,0.818927
13058,ocregister.com,3,0.818927
13059,ocregister.com,3,0.818927
13060,ocregister.com,3,0.816917
13061,ocregister.com,3,0.816917
13062,ocregister.com,3,0.818676
13063,ocregister.com,3,0.818927
13064,ocregister.com,3,0.816917
13065,ocregister.com,3,0.816917
13066,ocregister.com,3,0.816917
13067,ocregister.com,3,0.816917
13068,ocregister.com,3,0.816917
13069,ocregister.com,3,0.816917
13070,ocregister.com,3,0.818927
13081,ohiocapitaljournal.com,3,0.805333
13085,ohiocapitaljournal.com,3,0.774248
13086,ohiocapitaljournal.com,3,0.800145
13088,ohiocapitaljournal.com,3,0.753513
13091,oilcity.news,3,0.883763
13093,oilcity.news,3,0.854771
13095,oilcity.news,3,0.878926
13096,oilcity.news,3,0.882619
13097,oilcity.news,3,0.849973
13099,oilcity.news,3,0.863255
13100,oilcity.news,3,0.869907
13102,oilcity.news,3,0.850899
13103,oilcity.news,3,0.871982
13115,oilcity.news,3,0.856094
13117,oilcity.news,3,0.885037
13119,oilcity.news,3,0.878690
13125,oilcity.news,3,0.847425
13126,oilcity.news,3,0.891767
13129,oilcity.news,3,0.861168
13131,oilcity.news,3,0.877311
13136,oilcity.news,3,0.859013
13162,oklahoman.com,3,0.803359
13203,opb.org,3,0.768749
13211,opb.org,3,0.813454
13212,opb.org,3,0.787834
13223,orlandosentinel.com,3,0.864020
13236,orlandosentinel.com,3,0.829750
13276,oskaloosa.com,3,0.845075
13279,oskaloosa.com,3,0.740224
13282,oskaloosa.com,3,0.855048
13293,ottumwacourier.com,3,0.845075
13297,ottumwacourier.com,3,0.740224
13312,pasenate.com,3,0.927074
13313,pasenate.com,3,0.926995
13314,pasenategop.com,3,0.868881
13317,pasenategop.com,3,0.843443
13325,pasenategop.com,3,0.845773
13335,pbs.org,3,0.715565
13339,pbs.org,3,0.806261
13345,pbs.org,3,0.818518
13347,pbs.org,3,0.754687
13349,pbs.org,3,0.780663
13353,pbs.org,3,0.833068
13360,pbs.org,3,0.711041
13367,pbs.org,3,0.745030
13368,pbs.org,3,0.809581
13370,pbs.org,3,0.789606
13374,pbs.org,3,0.793862
13376,pbs.org,3,0.890642
13377,pbs.org,3,0.890642
13384,pbs.org,3,0.845843
13385,pbs.org,3,0.850078
13387,pbs.org,3,0.785561
13388,pbs.org,3,0.793512
13389,pbs.org,3,0.741637
13391,pbs.org,3,0.799263
13394,pbs.org,3,0.862415
13406,pbs.org,3,0.742049
13407,pbs.org,3,0.751054
13409,pbs.org,3,0.689535
13410,pbs.org,3,0.783071
13413,pbs.org,3,0.786296
13414,pbs.org,3,0.797237
13415,pbs.org,3,0.797237
13416,pbs.org,3,0.784617
13417,pbs.org,3,0.785452
13419,pbs.org,3,0.770293
13420,pbs.org,3,0.786842
13421,pbs.org,3,0.786842
13422,pbs.org,3,0.807165
13423,pbs.org,3,0.796278
13424,pbs.org,3,0.796278
13425,pbs.org,3,0.779679
13426,pbs.org,3,0.795351
13427,pbs.org,3,0.828574
13431,pbs.org,3,0.824699
13436,pbs.org,3,0.837962
13441,pbs.org,3,0.845678
13442,pbs.org,3,0.845678
13443,pbs.org,3,0.809844
13444,pbs.org,3,0.780681
13446,pbs.org,3,0.850037
13450,pbs.org,3,0.853360
13453,pbs.org,3,0.800208
13460,pbs.org,3,0.789849
13463,pbs.org,3,0.802530
13466,pbs.org,3,0.812770
13470,pbs.org,3,0.735281
13471,pbs.org,3,0.735281
13472,pbs.org,3,0.835854
13486,pbs.org,3,0.794080
13489,pbs.org,3,0.785974
13510,people.com,3,0.816344
13511,people.com,3,0.804399
13527,pilotonline.com,3,0.868363
13538,pix11.com,3,0.857237
13539,pix11.com,3,0.777621
13548,politico.com,3,0.888050
13550,politico.com,3,0.863228
13555,politico.com,3,0.869269
13556,politico.com,3,0.891261
13557,politico.com,3,0.859297
13564,politico.com,3,0.836441
13567,politico.com,3,0.838429
13582,politico.com,3,0.859879
13592,politico.com,3,0.723138
13599,politico.com,3,0.833802
13601,politico.com,3,0.884945
13604,politico.com,3,0.867876
13612,politico.com,3,0.787455
13613,politico.com,3,0.874004
13622,politico.com,3,0.801412
13628,politico.com,3,0.860513
13629,politico.com,3,0.773059
13650,politico.com,3,0.901578
13663,politico.com,3,0.878893
13671,politico.com,3,0.909298
13676,politico.com,3,0.830483
13677,politico.com,3,0.821118
13686,politico.com,3,0.889656
13689,politico.com,3,0.889656
13690,politico.com,3,0.889656
13691,politico.com,3,0.889656
13696,politico.com,3,0.879210
13702,politico.com,3,0.876281
13704,politico.com,3,0.876948
13706,politico.com,3,0.871863
13707,politico.com,3,0.925026
13717,politico.com,3,0.810180
13718,politico.com,3,0.857958
13719,politico.com,3,0.820305
13724,politico.com,3,0.859967
13725,politico.com,3,0.859967
13727,politico.com,3,0.855686
13728,politico.com,3,0.829263
13730,politico.com,3,0.853043
13732,politico.com,3,0.892098
13758,politico.com,3,0.840697
13759,politico.com,3,0.840697
13760,politico.com,3,0.871686
13761,politico.com,3,0.913945
13784,politico.com,3,0.832656
13788,politico.com,3,0.911059
13792,politico.com,3,0.828810
13810,politico.com,3,0.847318
13811,politico.com,3,0.860063
13824,politico.com,3,0.818437
13852,politico.com,3,0.767444
13853,politico.com,3,0.789034
13855,politico.com,3,0.840494
13856,politico.com,3,0.840494
13858,politico.com,3,0.693428
13859,politico.com,3,0.760198
13861,politico.com,3,0.782513
13862,politico.com,3,0.805430
13863,politico.com,3,0.765942
13864,politico.com,3,0.715148
13865,politico.com,3,0.803056
13867,politico.com,3,0.753245
13868,politico.com,3,0.792563
13869,politico.com,3,0.864547
13885,politico.com,3,0.810932
13889,politico.com,3,0.770269
13890,politico.com,3,0.771340
13891,politico.com,3,0.751524
13901,politico.com,3,0.812524
13902,politico.com,3,0.812524
13903,politico.com,3,0.885631
13904,politico.com,3,0.896370
13907,politico.com,3,0.868851
13908,politico.com,3,0.851676
13930,politico.com,3,0.854050
13937,politico.com,3,0.751034
13938,politico.com,3,0.840529
13939,politico.com,3,0.823117
13942,politico.com,3,0.712644
13954,politico.com,3,0.811718
13955,politico.com,3,0.828111
13963,politico.com,3,0.844653
13964,politico.com,3,0.844653
13973,politico.com,3,0.917790
13975,politico.com,3,0.862975
13982,politico.com,3,0.911877
13999,politico.com,3,0.813857
14010,politico.com,3,0.887225
14011,politico.com,3,0.894726
14013,politico.com,3,0.879648
14015,politico.com,3,0.897856
14029,politico.eu,3,0.838800
14056,post-gazette.com,3,0.760822
14062,post-gazette.com,3,0.786296
14092,presidentialprayerteam.org,3,0.798166
14096,presidentialprayerteam.org,3,0.816110
14098,presidentialprayerteam.org,3,0.752641
14100,presidentialprayerteam.org,3,0.827534
14120,pressherald.com,3,0.882042
14128,pressherald.com,3,0.880968
14129,pressherald.com,3,0.880968
14143,presstelegram.com,3,0.843378
14164,prnewswire.com,3,0.866220
14176,punchbowl.news,3,0.833279
14201,punchbowl.news,3,0.876563
14279,quiverquant.com,3,0.801923
14280,quiverquant.com,3,0.818726
14319,realtor.com,3,0.805143
14322,realtor.com,3,0.787578
14324,realtor.com,3,0.785603
14329,reason.com,3,0.788530
14336,reason.com,3,0.730456
14349,reuters.com,3,0.864199
14356,reuters.com,3,0.811933
14357,reuters.com,3,0.793505
14373,reuters.com,3,0.798996
14382,reuters.com,3,0.768700
14385,reuters.com,3,0.807107
14395,reuters.com,3,0.844784
14398,reuters.com,3,0.800817
14406,reuters.com,3,0.803749
14407,reuters.com,3,0.797780
14414,reuters.com,3,0.864979
14446,reuters.com,3,0.755403
14460,reuters.com,3,0.816213
14467,reuters.com,3,0.799977
14468,reuters.com,3,0.760232
14469,reuters.com,3,0.773464
14470,reuters.com,3,0.680673
14473,reuters.com,3,0.709097
14474,reuters.com,3,0.767743
14475,reuters.com,3,0.771154
14478,reuters.com,3,0.781057
14490,reuters.com,3,0.794307
14491,reuters.com,3,0.754418
14493,reuters.com,3,0.779858
14497,reuters.com,3,0.836048
14503,reuters.com,3,0.815653
14504,reuters.com,3,0.822768
14515,reuters.com,3,0.821383
14518,reuters.com,3,0.865661
14528,reuters.com,3,0.773131
14535,reuters.com,3,0.804756
14536,reuters.com,3,0.803024
14540,reuters.com,3,0.788732
14542,reuters.com,3,0.800519
14552,reuters.com,3,0.814854
14553,reuters.com,3,0.765645
14554,reuters.com,3,0.791023
14555,reuters.com,3,0.768147
14556,reuters.com,3,0.773446
14569,reuters.com,3,0.865279
14575,reuters.com,3,0.747474
14576,reuters.com,3,0.838519
14603,rmpbs.org,3,0.821420
14604,rmpbs.org,3,0.851725
14605,rmpbs.org,3,0.842852
14606,rmpbs.org,3,0.817516
14607,rmpbs.org,3,0.822896
14608,rmpbs.org,3,0.821986
14610,rockdalenewtoncitizen.com,3,0.855546
14635,rollcall.com,3,0.792515
14640,rollcall.com,3,0.888419
14653,rollcall.com,3,0.810921
14656,rollcall.com,3,0.715249
14659,rollcall.com,3,0.769442
14661,rollcall.com,3,0.818940
14662,rollcall.com,3,0.803562
14668,rollcall.com,3,0.850670
14669,rollcall.com,3,0.806867
14679,rollingstone.com,3,0.815816
14683,rutlandherald.com,3,0.787871
14693,rutlandherald.com,3,0.905617
14694,rutlandherald.com,3,0.886880
14695,rutlandherald.com,3,0.904885
14703,rutlandherald.com,3,0.768033
14715,salon.com,3,0.840516
14725,salon.com,3,0.873120
14730,salon.com,3,0.816899
14758,sandiegouniontribune.com,3,0.792794
14768,santafenewmexican.com,3,0.747015
14778,savannahnow.com,3,0.862859
14782,scmp.com,3,0.719785
14788,scmp.com,3,0.883583
14794,scmp.com,3,0.711924
14817,scotusblog.com,3,0.789761
14818,scotusblog.com,3,0.806277
14819,scotusblog.com,3,0.770961
14824,scotusblog.com,3,0.831968
14832,scotusblog.com,3,0.818475
14837,scotusblog.com,3,0.825947
14842,scotusblog.com,3,0.750900
14855,scotusblog.com,3,0.928130
14860,scotusblog.com,3,0.776575
14861,scotusblog.com,3,0.750765
14863,scotusblog.com,3,0.768021
14868,scotusblog.com,3,0.810182
14869,scotusblog.com,3,0.714376
14872,scotusblog.com,3,0.783383
14880,scotusblog.com,3,0.767926
14884,scotusblog.com,3,0.817715
14893,scotusblog.com,3,0.796574
14894,scotusblog.com,3,0.723403
14897,scrippsnews.com,3,0.839614
14903,scrippsnews.com,3,0.796139
14911,scrippsnews.com,3,0.765898
14914,scrippsnews.com,3,0.698453
14916,scrippsnews.com,3,0.800788
14917,scrippsnews.com,3,0.712215
14924,seattletimes.com,3,0.837683
14927,seattletimes.com,3,0.859381
14944,seattletimes.com,3,0.800257
14946,seattletimes.com,3,0.786296
14947,seattletimes.com,3,0.777889
14948,seattletimes.com,3,0.781695
14962,semafor.com,3,0.860472
14972,semafor.com,3,0.875061
14977,senatenj.com,3,0.841252
14978,senatenj.com,3,0.850822
14980,senatenj.com,3,0.856704
14984,senatenj.com,3,0.878429
14985,senatenj.com,3,0.866923
14997,senatenj.com,3,0.863165
14998,senatenj.com,3,0.869635
14999,senatenj.com,3,0.835904
15012,sentinelcolorado.com,3,0.767166
15016,sfchronicle.com,3,0.806889
15024,shreveporttimes.com,3,0.869380
15026,shreveporttimes.com,3,0.803699
15027,shreveporttimes.com,3,0.809936
15028,shreveporttimes.com,3,0.811949
15029,shreveporttimes.com,3,0.842068
15030,shreveporttimes.com,3,0.805427
15031,shreveporttimes.com,3,0.870809
15041,slate.com,3,0.795338
15044,slate.com,3,0.747480
15045,slate.com,3,0.851902
15060,slate.com,3,0.787570
15068,slate.com,3,0.698107
15069,slate.com,3,0.779937
15077,slate.com,3,0.789544
15081,slotkin.senate.gov,3,0.797612
15087,slotkin.senate.gov,3,0.834202
15111,smdailyjournal.com,3,0.834562
15123,southdakotasearchlight.com,3,0.853068
15131,spectrumlocalnews.com,3,0.863703
15132,spectrumlocalnews.com,3,0.863703
15133,spectrumlocalnews.com,3,0.863703
15142,spectrumlocalnews.com,3,0.782498
15143,spectrumlocalnews.com,3,0.819500
15144,spectrumlocalnews.com,3,0.819500
15152,spectrumlocalnews.com,3,0.755891
15153,spectrumlocalnews.com,3,0.702764
15155,spectrumlocalnews.com,3,0.824634
15167,spectrumlocalnews.com,3,0.796218
15171,spectrumlocalnews.com,3,0.739911
15172,spectrumlocalnews.com,3,0.758974
15174,spectrumlocalnews.com,3,0.759557
15175,spectrumlocalnews.com,3,0.759557
15188,spectrumnews1.com,3,0.821527
15190,spectrumnews1.com,3,0.797908
15196,spectrumnews1.com,3,0.764389
15197,spectrumnews1.com,3,0.783544
15214,spokesman.com,3,0.865411
15223,spokesman.com,3,0.757504
15229,sports.yahoo.com,3,0.794235
15276,sports.yahoo.com,3,0.852820
15279,sports.yahoo.com,3,0.846657
15285,sports.yahoo.com,3,0.828884
15295,sports.yahoo.com,3,0.793228
15311,sports.yahoo.com,3,0.764309
15312,sports.yahoo.com,3,0.822868
15313,sports.yahoo.com,3,0.846966
15317,sports.yahoo.com,3,0.756349
15318,sports.yahoo.com,3,0.808716
15339,sports.yahoo.com,3,0.852421
15343,sports.yahoo.com,3,0.839413
15369,sports.yahoo.com,3,0.847805
15388,sports.yahoo.com,3,0.760402
15389,sports.yahoo.com,3,0.866681
15390,sports.yahoo.com,3,0.807647
15395,sports.yahoo.com,3,0.796150
15405,springfieldnewssun.com,3,0.898460
15409,springfieldnewssun.com,3,0.879825
15417,springfieldnewssun.com,3,0.776732
15418,springfieldnewssun.com,3,0.833144
15420,springfieldnewssun.com,3,0.730197
15423,springfieldnewssun.com,3,0.768033
15435,staradvertiser.com,3,0.804431
15459,startribune.com,3,0.736932
15472,statehousenews.com,3,0.893497
15473,statehousenews.com,3,0.879193
15476,statehousenews.com,3,0.882089
15485,statnews.com,3,0.781951
15503,sun-sentinel.com,3,0.738364
15506,sun-sentinel.com,3,0.778688
15568,texastribune.org,3,0.805346
15573,texastribune.org,3,0.808676
15578,texastribune.org,3,0.704204
15581,theadvocate.com,3,0.842772
15585,theadvocate.com,3,0.851610
15586,theadvocate.com,3,0.869229
15587,theadvocate.com,3,0.869387
15591,theatlantic.com,3,0.795942
15592,theatlantic.com,3,0.872665
15600,theatlantic.com,3,0.851578
15601,theatlantic.com,3,0.767256
15603,theatlantic.com,3,0.769498
15604,theatlantic.com,3,0.764417
15608,theatlantic.com,3,0.917254
15612,theatlantic.com,3,0.884652
15613,theatlantic.com,3,0.875261
15618,thebanner.com,3,0.838376
15630,thebanner.com,3,0.861936
15634,thebanner.com,3,0.818252
15660,thecentersquare.com,3,0.854129
15668,thecentersquare.com,3,0.799664
15671,thecentersquare.com,3,0.881373
15688,thecentersquare.com,3,0.851173
15700,theconversation.com,3,0.763286
15701,theconversation.com,3,0.778773
15703,theconversation.com,3,0.778604
15704,theconversation.com,3,0.744309
15706,theconversation.com,3,0.786618
15718,theconversation.com,3,0.749693
15721,thedailybeast.com,3,0.852517
15737,thedailybeast.com,3,0.809130
15752,thedailybeast.com,3,0.808608
15764,thedailybeast.com,3,0.809420
15788,thedailybeast.com,3,0.805857
15796,thedailybeast.com,3,0.832687
15798,thedailybeast.com,3,0.782775
15820,thedailyrecord.com,3,0.850223
15825,thedailyrecord.com,3,0.795678
15826,thedailyrecord.com,3,0.808382
15829,thedailyrecord.com,3,0.771599
15831,thedailyrecord.com,3,0.763187
15845,thegazette.com,3,0.872688
15861,theglobeandmail.com,3,0.902844
15874,theguardian.com,3,0.837272
15875,theguardian.com,3,0.813051
15880,theguardian.com,3,0.818176
15894,theguardian.com,3,0.805493
15899,theguardian.com,3,0.803693
15910,theguardian.com,3,0.824780
15912,theguardian.com,3,0.845244
15919,theguardian.com,3,0.801978
15920,theguardian.com,3,0.838480
15946,theguardian.com,3,0.853484
15949,theguardian.com,3,0.809928
15950,theguardian.com,3,0.798928
15951,theguardian.com,3,0.791440
15952,theguardian.com,3,0.791440
15958,theguardian.com,3,0.796874
15959,theguardian.com,3,0.796874
15962,theguardian.com,3,0.857265
15968,theguardian.com,3,0.821053
15981,theguardian.com,3,0.767123
15989,theguardian.com,3,0.837803
15994,theguardian.com,3,0.859031
16006,theguardian.com,3,0.829497
16013,theguardian.com,3,0.877969
16018,theguardian.com,3,0.785504
16033,theguardian.com,3,0.864978
16045,theguardian.com,3,0.697747
16046,theguardian.com,3,0.697747
16060,theguardian.com,3,0.828779
16061,theguardian.com,3,0.762833
16062,theguardian.com,3,0.762833
16063,theguardian.com,3,0.866069
16064,theguardian.com,3,0.866069
16065,theguardian.com,3,0.883971
16068,theguardian.com,3,0.854049
16096,theguardian.com,3,0.822810
16098,theguardian.com,3,0.764516
16099,theguardian.com,3,0.764516
16115,theguardian.com,3,0.816290
16117,theguardian.com,3,0.781479
16118,theguardian.com,3,0.817660
16122,theguardian.com,3,0.843990
16125,theguardian.com,3,0.812696
16132,theguardian.com,3,0.803378
16140,theguardian.com,3,0.846326
16141,theguardian.com,3,0.777724
16143,theguardian.com,3,0.815813
16146,theguardian.com,3,0.791181
16149,theguardian.com,3,0.791640
16164,theguardian.com,3,0.810216
16174,theguardian.com,3,0.750203
16181,theguardian.com,3,0.857755
16183,theguardian.com,3,0.754861
16187,theguardian.com,3,0.752937
16188,theguardian.com,3,0.771892
16191,theguardian.com,3,0.812135
16197,theguardian.com,3,0.789748
16203,theguardian.com,3,0.757365
16204,theguardian.com,3,0.757365
16212,theguardian.com,3,0.739140
16214,theguardian.com,3,0.797083
16220,theguardian.com,3,0.818725
16221,theguardian.com,3,0.806870
16222,theguardian.com,3,0.806870
16226,theguardian.com,3,0.808704
16227,theguardian.com,3,0.815882
16229,theguardian.com,3,0.810887
16237,theguardian.com,3,0.693238
16238,theguardian.com,3,0.693238
16239,theguardian.com,3,0.744832
16267,theguardian.com,3,0.841922
16271,theguardian.com,3,0.705984
16272,theguardian.com,3,0.705984
16292,theguardian.com,3,0.787793
16296,theguardian.com,3,0.833772
16299,theguardian.com,3,0.826766
16306,theguardian.com,3,0.802996
16335,theguardian.com,3,0.788534
16336,theguardian.com,3,0.788534
16337,theguardian.com,3,0.777612
16339,theguardian.com,3,0.767693
16340,theguardian.com,3,0.767693
16341,theguardian.com,3,0.768395
16342,theguardian.com,3,0.768395
16348,theguardian.com,3,0.689148
16349,theguardian.com,3,0.689148
16350,theguardian.com,3,0.746735
16351,theguardian.com,3,0.746735
16364,theguardian.com,3,0.666344
16365,theguardian.com,3,0.666344
16366,theguardian.com,3,0.746702
16370,theguardian.com,3,0.806190
16372,theguardian.com,3,0.806963
16373,theguardian.com,3,0.806963
16385,theguardian.com,3,0.849947
16386,theguardian.com,3,0.827752
16387,theguardian.com,3,0.841705
16388,theguardian.com,3,0.868991
16392,theguardian.com,3,0.845946
16394,theguardian.com,3,0.737228
16403,theguardian.com,3,0.859835
16404,theguardian.com,3,0.859835
16410,theguardian.com,3,0.792167
16426,theguardian.com,3,0.842141
16439,thehill.com,3,0.779247
16453,thehill.com,3,0.859573
16456,thehill.com,3,0.766843
16457,thehill.com,3,0.766975
16458,thehill.com,3,0.804546
16459,thehill.com,3,0.747485
16460,thehill.com,3,0.747485
16476,thehill.com,3,0.802698
16481,thehill.com,3,0.850819
16491,thehill.com,3,0.809507
16492,thehill.com,3,0.809507
16507,thehill.com,3,0.847204
16508,thehill.com,3,0.847204
16509,thehill.com,3,0.847204
16510,thehill.com,3,0.835123
16512,thehill.com,3,0.805262
16520,thehill.com,3,0.851497
16521,thehill.com,3,0.851497
16527,thehill.com,3,0.789395
16532,thehill.com,3,0.839070
16542,thehill.com,3,0.770598
16544,thehill.com,3,0.764681
16554,thehill.com,3,0.826772
16559,thehill.com,3,0.796518
16560,thehill.com,3,0.852982
16566,thehill.com,3,0.813988
16580,thehill.com,3,0.779616
16587,thehill.com,3,0.727889
16592,thehill.com,3,0.784569
16601,thehill.com,3,0.798372
16602,thehill.com,3,0.918185
16603,thehill.com,3,0.843617
16604,thehill.com,3,0.882104
16611,thehill.com,3,0.756134
16612,thehill.com,3,0.805466
16613,thehill.com,3,0.828004
16627,thehill.com,3,0.780579
16628,thehill.com,3,0.780579
16629,thehill.com,3,0.811759
16642,thehill.com,3,0.869561
16659,thehill.com,3,0.794752
16668,thehill.com,3,0.893427
16669,thehill.com,3,0.893427
16670,thehill.com,3,0.849942
16671,thehill.com,3,0.773179
16725,thehill.com,3,0.775550
16726,thehill.com,3,0.787461
16740,thehill.com,3,0.759222
16741,thehill.com,3,0.819807
16748,thehill.com,3,0.810296
16751,thehill.com,3,0.802765
16755,thehill.com,3,0.831573
16759,thehill.com,3,0.669446
16765,thehill.com,3,0.829261
16774,thehill.com,3,0.856749
16783,thehill.com,3,0.663904
16790,thehill.com,3,0.749907
16791,thehill.com,3,0.864292
16793,thehill.com,3,0.765031
16813,thehill.com,3,0.870269
16822,thehill.com,3,0.867670
16832,thehill.com,3,0.776320
16835,thehill.com,3,0.777177
16838,thehill.com,3,0.867908
16839,thehill.com,3,0.810109
16846,thehill.com,3,0.869696
16854,thehill.com,3,0.683895
16855,thehill.com,3,0.728015
16856,thehill.com,3,0.728015
16864,thehill.com,3,0.781124
16865,thehill.com,3,0.776348
16875,thehill.com,3,0.876662
16876,thehill.com,3,0.876662
16892,thehill.com,3,0.814724
16924,thehill.com,3,0.859810
16925,thehill.com,3,0.761465
16926,thehill.com,3,0.761465
16929,thehill.com,3,0.795719
16958,thehill.com,3,0.845892
16959,thehill.com,3,0.845892
16986,thehill.com,3,0.786709
16988,thehill.com,3,0.857991
17018,thehill.com,3,0.861956
17019,thehill.com,3,0.800130
17023,thehill.com,3,0.793928
17024,thehill.com,3,0.793928
17028,thehill.com,3,0.717247
17029,thehill.com,3,0.763399
17031,thehill.com,3,0.762938
17032,thehill.com,3,0.783699
17038,thehill.com,3,0.734522
17040,thehill.com,3,0.780697
17048,thehill.com,3,0.867476
17051,thehill.com,3,0.892049
17052,thehill.com,3,0.863029
17054,thehill.com,3,0.806930
17063,thehill.com,3,0.826494
17069,thehill.com,3,0.704294
17103,thehill.com,3,0.802389
17104,thehill.com,3,0.866478
17110,thehill.com,3,0.857480
17111,thehill.com,3,0.847777
17113,thehill.com,3,0.872589
17116,thehill.com,3,0.802775
17118,thehill.com,3,0.782686
17119,thehill.com,3,0.796065
17120,thehill.com,3,0.791120
17121,thehill.com,3,0.826549
17132,thehill.com,3,0.754226
17133,thehill.com,3,0.826126
17138,thehill.com,3,0.832662
17139,thehill.com,3,0.874213
17143,thehill.com,3,0.811015
17155,thehill.com,3,0.794779
17156,thehill.com,3,0.815617
17157,thehill.com,3,0.813034
17158,thehill.com,3,0.813034
17162,thehill.com,3,0.761768
17163,thehill.com,3,0.812081
17169,thehill.com,3,0.875969
17179,thehill.com,3,0.839426
17188,thehill.com,3,0.835106
17192,thehill.com,3,0.728456
17193,thehill.com,3,0.789235
17211,thehill.com,3,0.917090
17224,thehill.com,3,0.825931
17226,thehill.com,3,0.772290
17231,thehill.com,3,0.744739
17243,thehill.com,3,0.799497
17251,thehill.com,3,0.867177
17252,thehill.com,3,0.867177
17254,thehill.com,3,0.809892
17256,thehill.com,3,0.810392
17259,thehill.com,3,0.824189
17268,thehill.com,3,0.833023
17269,thehill.com,3,0.833023
17271,thehill.com,3,0.823969
17272,thehill.com,3,0.823969
17283,thehill.com,3,0.852376
17285,thehill.com,3,0.813139
17290,thehill.com,3,0.673001
17291,thehill.com,3,0.782080
17293,thehill.com,3,0.819149
17294,thehill.com,3,0.676400
17302,thehill.com,3,0.821115
17305,thehill.com,3,0.854316
17307,thehill.com,3,0.883538
17308,thehill.com,3,0.864835
17309,thehill.com,3,0.864835
17312,thehill.com,3,0.793990
17316,thehill.com,3,0.751189
17317,thehill.com,3,0.751189
17339,thehill.com,3,0.812212
17340,thehill.com,3,0.830522
17341,thehill.com,3,0.821167
17343,thehill.com,3,0.843648
17370,thehill.com,3,0.744321
17371,thehill.com,3,0.795896
17372,thehill.com,3,0.808777
17397,thehill.com,3,0.839670
17398,thehill.com,3,0.820877
17399,thehill.com,3,0.922680
17400,thehill.com,3,0.922680
17427,thehill.com,3,0.796542
17428,thehill.com,3,0.819075
17430,thehill.com,3,0.849172
17445,thehill.com,3,0.864607
17447,thehill.com,3,0.875215
17455,thehill.com,3,0.890874
17462,thehill.com,3,0.796427
17474,thehill.com,3,0.891291
17475,thehill.com,3,0.891291
17482,thehill.com,3,0.883258
17488,thehill.com,3,0.822167
17491,thehill.com,3,0.887015
17492,thehill.com,3,0.887015
17514,thehill.com,3,0.848358
17517,thehill.com,3,0.887154
17528,thehill.com,3,0.866166
17529,thehill.com,3,0.866166
17532,thehill.com,3,0.877407
17538,thehill.com,3,0.831007
17548,thehill.com,3,0.781432
17554,thehill.com,3,0.786095
17555,thehill.com,3,0.786095
17563,thehill.com,3,0.713727
17564,thehill.com,3,0.747715
17577,thehill.com,3,0.787422
17614,thehill.com,3,0.791731
17615,thehill.com,3,0.934932
17633,thehill.com,3,0.844707
17634,thehill.com,3,0.844707
17646,thehill.com,3,0.761254
17653,thehill.com,3,0.756885
17654,thehill.com,3,0.756885
17677,thehill.com,3,0.739762
17678,thehill.com,3,0.739762
17717,thehill.com,3,0.852851
17718,thehill.com,3,0.852851
17724,thehill.com,3,0.836581
17730,thehill.com,3,0.879085
17733,thehill.com,3,0.761808
17737,thehill.com,3,0.812151
17751,thehill.com,3,0.739520
17752,thehill.com,3,0.793177
17771,thehill.com,3,0.840943
17777,thehill.com,3,0.767291
17778,thehill.com,3,0.751596
17780,thehill.com,3,0.824954
17781,thehill.com,3,0.824954
17782,thehill.com,3,0.665740
17783,thehill.com,3,0.708684
17788,thehill.com,3,0.780579
17789,thehill.com,3,0.780579
17793,thehill.com,3,0.756089
17794,thehill.com,3,0.793393
17798,thehill.com,3,0.766542
17799,thehill.com,3,0.798319
17800,thehill.com,3,0.674642
17801,thehill.com,3,0.703703
17804,thehill.com,3,0.764965
17806,thehill.com,3,0.746013
17807,thehill.com,3,0.746013
17808,thehill.com,3,0.701927
17809,thehill.com,3,0.742273
17810,thehill.com,3,0.788988
17811,thehill.com,3,0.788988
17817,thehill.com,3,0.788951
17818,thehill.com,3,0.788951
17822,thehill.com,3,0.798881
17823,thehill.com,3,0.798881
17824,thehill.com,3,0.761990
17825,thehill.com,3,0.799649
17827,thehill.com,3,0.745365
17829,thehill.com,3,0.808138
17830,thehill.com,3,0.808138
17831,thehill.com,3,0.753928
17834,thehill.com,3,0.796881
17835,thehill.com,3,0.734642
17838,thehill.com,3,0.778049
17839,thehill.com,3,0.778049
17840,thehill.com,3,0.818936
17845,thehill.com,3,0.881510
17854,thehill.com,3,0.892828
17855,thehill.com,3,0.892828
17865,thehill.com,3,0.869353
17866,thehill.com,3,0.869353
17869,thehill.com,3,0.758320
17870,thehill.com,3,0.839783
17871,thehill.com,3,0.839783
17884,thehill.com,3,0.716282
17893,thehill.com,3,0.880931
17894,thehill.com,3,0.880931
17895,thehill.com,3,0.809691
17896,thehill.com,3,0.809691
17911,thehill.com,3,0.793125
17937,thehill.com,3,0.758116
17942,thehill.com,3,0.844335
17943,thehill.com,3,0.800331
17944,thehill.com,3,0.734879
17958,thehill.com,3,0.793192
17959,thehill.com,3,0.847773
17961,thehill.com,3,0.822540
17962,thehill.com,3,0.822540
17963,thehill.com,3,0.822540
17982,thehill.com,3,0.799821
17983,thehill.com,3,0.837816
17987,thehill.com,3,0.872394
17993,thehill.com,3,0.863069
17998,thehill.com,3,0.805824
17999,thehill.com,3,0.838409
18001,thehill.com,3,0.812105
18004,thehill.com,3,0.796944
18005,thehill.com,3,0.783859
18006,thehill.com,3,0.783859
18010,thehill.com,3,0.761162
18011,thehill.com,3,0.798456
18024,thehill.com,3,0.725188
18025,thehill.com,3,0.773385
18043,thehill.com,3,0.862900
18072,thehill.com,3,0.776355
18077,thehill.com,3,0.786399
18079,thehill.com,3,0.829853
18080,thehill.com,3,0.829853
18084,thehill.com,3,0.836559
18086,thehill.com,3,0.806889
18089,thehill.com,3,0.806900
18107,thehill.com,3,0.753746
18109,thehill.com,3,0.779479
18119,thehill.com,3,0.806103
18122,thehill.com,3,0.764656
18123,thehill.com,3,0.635684
18124,thehill.com,3,0.670814
18147,thehill.com,3,0.784078
18149,thehill.com,3,0.750761
18151,thehill.com,3,0.790340
18152,thehill.com,3,0.790340
18153,thehill.com,3,0.790340
18155,thehill.com,3,0.848677
18157,thehill.com,3,0.752644
18158,thehill.com,3,0.807107
18172,thehill.com,3,0.805619
18173,thehill.com,3,0.805619
18174,thehill.com,3,0.805619
18179,thehill.com,3,0.736772
18180,thehill.com,3,0.812783
18203,thehill.com,3,0.804730
18212,thehill.com,3,0.780594
18221,thehill.com,3,0.815209
18271,thehill.com,3,0.814781
18273,thehill.com,3,0.814090
18277,thehill.com,3,0.847346
18284,thehill.com,3,0.716047
18285,thehill.com,3,0.765378
18287,thehill.com,3,0.837599
18315,thehill.com,3,0.890719
18345,thehill.com,3,0.810025
18350,thehill.com,3,0.809913
18359,thehill.com,3,0.776132
18360,thehill.com,3,0.809219
18365,thehill.com,3,0.864367
18368,thehill.com,3,0.830437
18369,thehill.com,3,0.835752
18383,thehill.com,3,0.871329
18384,thehill.com,3,0.835059
18395,thehill.com,3,0.789796
18397,thehill.com,3,0.702319
18398,thehill.com,3,0.735364
18401,thehill.com,3,0.834556
18402,thehill.com,3,0.865972
18403,thehill.com,3,0.859338
18404,thehill.com,3,0.874204
18405,thehill.com,3,0.821283
18430,thehill.com,3,0.742882
18440,thehill.com,3,0.783835
18441,thehill.com,3,0.783835
18442,thehill.com,3,0.870766
18450,thehill.com,3,0.816384
18451,thehill.com,3,0.816384
18477,thehill.com,3,0.841535
18497,thehindu.com,3,0.820133
18529,thenation.com,3,0.855499
18543,thenationaldesk.com,3,0.764792
18552,thenationaldesk.com,3,0.852273
18564,thenationaldesk.com,3,0.793539
18585,thirteen.org,3,0.731614
18590,thirteen.org,3,0.862415
18592,thirteen.org,3,0.761613
18597,thv11.com,3,0.799910
18598,thv11.com,3,0.849860
18599,thv11.com,3,0.839428
18601,thv11.com,3,0.852667
18605,time.com,3,0.796520
18606,time.com,3,0.736513
18608,time.com,3,0.765858
18609,time.com,3,0.739345
18616,time.com,3,0.872221
18617,time.com,3,0.880670
18618,time.com,3,0.694187
18619,time.com,3,0.790659
18621,time.com,3,0.808393
18622,time.com,3,0.799417
18626,time.com,3,0.828217
18628,time.com,3,0.810543
18629,timesargus.com,3,0.787871
18630,timesargus.com,3,0.886219
18634,timesargus.com,3,0.886880
18636,timesargus.com,3,0.898460
18645,timescall.com,3,0.801247
18646,timescall.com,3,0.807029
18665,timesfreepress.com,3,0.767429
18680,timesofindia.indiatimes.com,3,0.814313
18681,timesofindia.indiatimes.com,3,0.814313
18686,timesofindia.indiatimes.com,3,0.808951
18713,timesofindia.indiatimes.com,3,0.880526
18783,timesofisrael.com,3,0.819862
18785,timesofisrael.com,3,0.838722
18788,timesofisrael.com,3,0.773630
18793,timesofisrael.com,3,0.810179
18807,timesunion.com,3,0.823700
18811,tpr.org,3,0.737703
18826,tradingview.com,3,0.815344
18827,tradingview.com,3,0.800328
18828,tradingview.com,3,0.811388
18830,tradingview.com,3,0.814831
18846,truthout.org,3,0.753530
18848,truthout.org,3,0.827488
18855,turnto10.com,3,0.805146
18874,twincities.com,3,0.857995
18900,upi.com,3,0.813350
18903,upi.com,3,0.834700
18924,upi.com,3,0.784318
18951,urbanmilwaukee.com,3,0.800008
18953,urbanmilwaukee.com,3,0.852384
18966,usatoday.com,3,0.796378
18967,usatoday.com,3,0.832717
18969,usatoday.com,3,0.855925
18974,usatoday.com,3,0.862705
18976,usatoday.com,3,0.811933
18979,usatoday.com,3,0.834418
18984,usatoday.com,3,0.812128
18985,usatoday.com,3,0.834482
19007,usatoday.com,3,0.832532
19011,usatoday.com,3,0.750274
19012,usatoday.com,3,0.735256
19016,usatoday.com,3,0.887870
19020,usatoday.com,3,0.870870
19023,usatoday.com,3,0.865909
19030,usatoday.com,3,0.854160
19037,usatoday.com,3,0.742449
19040,usatoday.com,3,0.855622
19056,usatoday.com,3,0.790977
19057,usatoday.com,3,0.825927
19061,usatoday.com,3,0.737826
19062,usatoday.com,3,0.765152
19065,usatoday.com,3,0.801504
19068,usatoday.com,3,0.738383
19071,usatoday.com,3,0.783048
19074,usatoday.com,3,0.806596
19076,usatoday.com,3,0.812914
19077,usatoday.com,3,0.721658
19081,usatoday.com,3,0.777832
19083,usatoday.com,3,0.679559
19086,usatoday.com,3,0.768412
19090,usatoday.com,3,0.801738
19091,usatoday.com,3,0.809740
19092,usatoday.com,3,0.708177
19096,usatoday.com,3,0.866035
19097,usatoday.com,3,0.658163
19099,usatoday.com,3,0.789540
19102,usatoday.com,3,0.811159
19105,usatoday.com,3,0.710518
19110,usatoday.com,3,0.850517
19119,usatoday.com,3,0.857312
19138,usnews.com,3,0.864199
19153,usnews.com,3,0.767743
19154,usnews.com,3,0.795351
19155,usnews.com,3,0.781057
19157,usnews.com,3,0.782997
19158,usnews.com,3,0.740224
19163,usnews.com,3,0.848176
19171,usnews.com,3,0.830331
19172,usnews.com,3,0.840260
19256,votebeat.org,3,0.807987
19262,votebeat.org,3,0.789840
19274,vox.com,3,0.781288
19275,vox.com,3,0.714618
19276,vox.com,3,0.734401
19279,vox.com,3,0.737460
19297,wafb.com,3,0.889023
19304,wafb.com,3,0.889731
19305,wafb.com,3,0.840018
19306,wafb.com,3,0.840018
19307,wafb.com,3,0.840018
19308,wafb.com,3,0.853576
19309,wafb.com,3,0.853576
19310,wafb.com,3,0.852242
19311,wafb.com,3,0.852242
19315,wafb.com,3,0.831973
19317,wafb.com,3,0.801271
19320,wafb.com,3,0.844432
19321,wafb.com,3,0.844432
19355,washingtonexaminer.com,3,0.846057
19356,washingtonexaminer.com,3,0.837713
19361,washingtonexaminer.com,3,0.832984
19364,washingtonexaminer.com,3,0.841325
19373,washingtonexaminer.com,3,0.779129
19381,washingtonexaminer.com,3,0.832955
19382,washingtonexaminer.com,3,0.771063
19392,washingtonexaminer.com,3,0.844420
19394,washingtonexaminer.com,3,0.834322
19396,washingtonexaminer.com,3,0.720197
19397,washingtonexaminer.com,3,0.633003
19401,washingtonexaminer.com,3,0.769018
19403,washingtonexaminer.com,3,0.729857
19404,washingtonexaminer.com,3,0.848777
19406,washingtonexaminer.com,3,0.829063
19408,washingtonexaminer.com,3,0.784059
19409,washingtonpost.com,3,0.744367
19422,washingtonpost.com,3,0.775849
19425,washingtonpost.com,3,0.808895
19444,washingtonpost.com,3,0.850743
19449,washingtonpost.com,3,0.882063
19451,washingtonpost.com,3,0.780685
19452,washingtonpost.com,3,0.856994
19455,washingtonpost.com,3,0.780071
19459,washingtonpost.com,3,0.772974
19465,washingtonpost.com,3,0.850502
19476,washingtonpost.com,3,0.884398
19485,washingtonpost.com,3,0.850908
19486,washingtonpost.com,3,0.850908
19496,washingtonpost.com,3,0.827762
19497,washingtonpost.com,3,0.827762
19511,washingtonpost.com,3,0.830896
19512,washingtonpost.com,3,0.825826
19514,washingtonpost.com,3,0.882007
19518,washingtonpost.com,3,0.804691
19522,washingtonpost.com,3,0.730958
19571,washingtonpost.com,3,0.809791
19582,washingtonpost.com,3,0.831947
19584,washingtonpost.com,3,0.762876
19590,washingtonpost.com,3,0.772701
19592,washingtonpost.com,3,0.836778
19603,washingtonpost.com,3,0.824963
19609,washingtonpost.com,3,0.743815
19610,washingtonpost.com,3,0.762218
19611,washingtonpost.com,3,0.819492
19612,washingtonpost.com,3,0.867594
19614,washingtonpost.com,3,0.774290
19622,washingtonpost.com,3,0.864551
19629,washingtonpost.com,3,0.827489
19633,washingtonpost.com,3,0.816611
19639,washingtonpost.com,3,0.797046
19653,washingtonpost.com,3,0.726528
19655,washingtonpost.com,3,0.809329
19656,washingtonpost.com,3,0.800257
19657,washingtonpost.com,3,0.777989
19658,washingtonpost.com,3,0.777352
19659,washingtonpost.com,3,0.777352
19660,washingtonpost.com,3,0.820082
19661,washingtonpost.com,3,0.779717
19663,washingtonpost.com,3,0.787326
19664,washingtonpost.com,3,0.787326
19666,washingtonpost.com,3,0.753748
19669,washingtonpost.com,3,0.771854
19671,washingtonpost.com,3,0.817507
19672,washingtonpost.com,3,0.817507
19674,washingtonpost.com,3,0.805297
19675,washingtonpost.com,3,0.805297
19676,washingtonpost.com,3,0.776066
19677,washingtonpost.com,3,0.776066
19679,washingtonpost.com,3,0.797491
19680,washingtonpost.com,3,0.797491
19681,washingtonpost.com,3,0.880529
19685,washingtonpost.com,3,0.880931
19686,washingtonpost.com,3,0.880931
19688,washingtonpost.com,3,0.843127
19700,washingtonpost.com,3,0.796962
19701,washingtonpost.com,3,0.712018
19702,washingtonpost.com,3,0.712018
19706,washingtonpost.com,3,0.842494
19712,washingtonpost.com,3,0.846188
19713,washingtonpost.com,3,0.846188
19715,washingtonpost.com,3,0.797532
19716,washingtonpost.com,3,0.859511
19721,washingtonpost.com,3,0.818143
19722,washingtonpost.com,3,0.807154
19738,washingtonpost.com,3,0.855048
19742,washingtonpost.com,3,0.859077
19747,washingtonpost.com,3,0.874094
19749,washingtonpost.com,3,0.798092
19753,washingtonpost.com,3,0.821113
19754,washingtonpost.com,3,0.821113
19757,washingtonpost.com,3,0.724524
19759,washingtonpost.com,3,0.820349
19762,washingtonpost.com,3,0.777462
19784,washingtontimes.com,3,0.843027
19785,washingtontimes.com,3,0.855198
19798,washingtontimes.com,3,0.837773
19809,wbal.com,3,0.835873
19815,wbaltv.com,3,0.845630
19818,wbaltv.com,3,0.818108
19822,wbaltv.com,3,0.860353
19823,wbaltv.com,3,0.888175
19825,wbaltv.com,3,0.803491
19828,wbaltv.com,3,0.809567
19830,wbaltv.com,3,0.869578
19834,wbaltv.com,3,0.813887
19836,wbaltv.com,3,0.864853
19840,wbaltv.com,3,0.757398
19841,wbaltv.com,3,0.799319
19842,wbaltv.com,3,0.734899
19843,wbaltv.com,3,0.797723
19850,wbaltv.com,3,0.797775
19877,wbrz.com,3,0.875477
19878,wbrz.com,3,0.852611
19880,wbrz.com,3,0.790592
19881,wbrz.com,3,0.820551
19882,wbrz.com,3,0.831743
19883,wbrz.com,3,0.817838
19884,wbrz.com,3,0.817838
19890,wbur.org,3,0.771298
19896,wbur.org,3,0.770843
19898,wbur.org,3,0.787192
19900,wbur.org,3,0.761064
19901,wbur.org,3,0.780723
19909,wcax.com,3,0.884670
19910,wcax.com,3,0.884670
19911,wcax.com,3,0.884670
19918,wcnc.com,3,0.842731
19923,wcnc.com,3,0.835813
19928,wcnc.com,3,0.741270
19934,wctv.tv,3,0.889731
19946,wdbj7.com,3,0.871525
19959,wdsu.com,3,0.835734
19962,wdsu.com,3,0.822678
19963,wdsu.com,3,0.822678
19964,wdsu.com,3,0.829098
19965,wdsu.com,3,0.829098
19966,wdsu.com,3,0.896207
19967,wdsu.com,3,0.856002
19969,wdsu.com,3,0.827489
19970,wdsu.com,3,0.821104
19971,wdsu.com,3,0.827506
19972,wdsu.com,3,0.815152
19973,wdsu.com,3,0.865682
19974,wdsu.com,3,0.852986
19976,wdsu.com,3,0.703341
19977,wdsu.com,3,0.829535
19979,wdsu.com,3,0.830814
20013,wfmd.com,3,0.756725
20014,wfmd.com,3,0.854587
20015,wfmd.com,3,0.767218
20017,wfmd.com,3,0.860850
20018,wfmd.com,3,0.833352
20044,wgrz.com,3,0.743605
20064,whitehouse.gov,3,0.852008
20075,whitehouse.gov,3,0.861018
20076,whitehouse.gov,3,0.795181
20077,whitehouse.gov,3,0.807864
20078,whitehouse.gov,3,0.824991
20079,whitehouse.gov,3,0.844123
20087,whitehouse.gov,3,0.850514
20088,whitehouse.gov,3,0.845324
20089,whitehouse.gov,3,0.819824
20090,whitehouse.gov,3,0.779508
20091,whitehouse.gov,3,0.862876
20092,whitehouse.gov,3,0.862039
20095,whitehouse.gov,3,0.826193
20103,whitehouse.gov,3,0.832566
20106,whitehouse.gov,3,0.797785
20107,whitehouse.gov,3,0.836679
20111,whitehouse.gov,3,0.872445
20114,whitehouse.gov,3,0.824470
20116,whitehouse.gov,3,0.806153
20118,whitehouse.gov,3,0.797286
20119,whitehouse.gov,3,0.841070
20121,whitehouse.gov,3,0.870749
20122,whitehouse.gov,3,0.914185
20123,whitehouse.gov,3,0.933327
20124,whitehouse.gov,3,0.872190
20130,whitehouse.gov,3,0.878856
20131,whitehouse.gov,3,0.846275
20133,whitehouse.gov,3,0.823363
20136,whitehouse.gov,3,0.809026
20137,whitehouse.gov,3,0.831095
20142,whitehouse.gov,3,0.853476
20159,wired.com,3,0.762952
20162,wired.com,3,0.804370
20166,wisn.com,3,0.676287
20167,wisn.com,3,0.838274
20176,wispolitics.com,3,0.817908
20178,wispolitics.com,3,0.796181
20227,wivb.com,3,0.796881
20229,wivb.com,3,0.823700
20230,wivb.com,3,0.763642
20237,wjcl.com,3,0.873906
20238,wjcl.com,3,0.873906
20246,wjcl.com,3,0.724553
20261,wjla.com,3,0.860525
20268,wjla.com,3,0.815828
20269,wjla.com,3,0.815828
20283,wjtv.com,3,0.823700
20286,wjtv.com,3,0.813711
20289,wkow.com,3,0.841667
20297,wkrn.com,3,0.678523
20302,wkrn.com,3,0.821507
20303,wkrn.com,3,0.871287
20312,wkyc.com,3,0.808842
20329,wlbt.com,3,0.825218
20331,wlox.com,3,0.865975
20335,wlox.com,3,0.824613
20338,wlox.com,3,0.883267
20343,wlrn.org,3,0.784668
20347,wlrn.org,3,0.778502
20348,wlrn.org,3,0.858385
20349,wlrn.org,3,0.816505
20352,wlrn.org,3,0.784557
20353,wlwt.com,3,0.679456
20361,wlwt.com,3,0.835047
20362,wlwt.com,3,0.835047
20364,wlwt.com,3,0.808234
20370,wlwt.com,3,0.870270
20376,wmtw.com,3,0.834715
20380,wmur.com,3,0.720884
20391,wmur.com,3,0.851177
20394,wmur.com,3,0.773414
20395,wmur.com,3,0.870270
20398,wowt.com,3,0.907407
20399,wowt.com,3,0.907407
20409,wowt.com,3,0.830514
20418,wpr.org,3,0.797681
20419,wpr.org,3,0.743937
20422,wpr.org,3,0.826340
20425,wpr.org,3,0.733810
20458,wral.com,3,0.800257
20459,wral.com,3,0.737730
20469,wral.com,3,0.815590
20474,wrdw.com,3,0.869628
20495,wric.com,3,0.885825
20530,wsfa.com,3,0.889731
20541,wsj.com,3,0.849425
20543,wsj.com,3,0.832389
20545,wsj.com,3,0.764361
20546,wsj.com,3,0.742678
20571,wsj.com,3,0.820912
20576,wsj.com,3,0.804993
20579,wsj.com,3,0.811156
20580,wsj.com,3,0.783347
20582,wsj.com,3,0.793572
20589,wsj.com,3,0.722929
20603,wsj.com,3,0.733437
20624,wsj.com,3,0.825580
20625,wsj.com,3,0.859320
20630,wsj.com,3,0.824216
20643,wsj.com,3,0.774437
20644,wsj.com,3,0.772619
20647,wsj.com,3,0.780543
20666,wsj.com,3,0.762869
20669,wsj.com,3,0.759004
20670,wsj.com,3,0.803274
20677,wsj.com,3,0.758885
20681,wsj.com,3,0.777709
20685,wsj.com,3,0.789447
20696,wsj.com,3,0.793989
20698,wsj.com,3,0.758577
20701,wsj.com,3,0.686762
20705,wsj.com,3,0.808865
20722,wsj.com,3,0.750144
20725,wsj.com,3,0.716841
20726,wsj.com,3,0.743363
20741,wsj.com,3,0.771621
20742,wsj.com,3,0.786839
20748,wsj.com,3,0.783209
20749,wsj.com,3,0.831080
20768,wsj.com,3,0.863978
20775,wsj.com,3,0.761822
20793,wsls.com,3,0.837914
20794,wsls.com,3,0.848176
20808,wspa.com,3,0.821670
20811,wspa.com,3,0.845371
20855,wtop.com,3,0.805178
20860,wtop.com,3,0.753906
20862,wtop.com,3,0.787428
20877,wtvbam.com,3,0.864199
20889,wtvbam.com,3,0.802550
20910,wusa9.com,3,0.778588
20911,wusa9.com,3,0.834602
20922,wusa9.com,3,0.692999
20927,wusa9.com,3,0.686369
20928,wusa9.com,3,0.743605
20930,wusa9.com,3,0.790339
20955,wwltv.com,3,0.778278
20960,wwltv.com,3,0.826145
20963,wwltv.com,3,0.841151
20964,wwltv.com,3,0.875992
20965,wwltv.com,3,0.850123
20966,wwltv.com,3,0.864889
20967,wwltv.com,3,0.816352
20968,wwltv.com,3,0.842222
20969,wwltv.com,3,0.843307
20970,wwltv.com,3,0.832796
20971,wwltv.com,3,0.831555
20972,wwltv.com,3,0.862171
20973,wwltv.com,3,0.862919
20974,wwltv.com,3,0.852794
20975,wwltv.com,3,0.859553
20979,wwltv.com,3,0.834773
20980,wwltv.com,3,0.854666
20982,wwltv.com,3,0.851075
20985,wwltv.com,3,0.835320
20986,wwltv.com,3,0.905949
20987,wwltv.com,3,0.833827
20989,wwltv.com,3,0.840219
20990,wwltv.com,3,0.854536
20991,wwltv.com,3,0.822702
20995,wwnytv.com,3,0.833205
21004,wyff4.com,3,0.724553
21016,wyomingnews.com,3,0.810634
21017,wyomingnews.com,3,0.810634
21023,yahoo.com,3,0.787408
21042,yahoo.com,3,0.800309
21045,yahoo.com,3,0.824472
21060,yahoo.com,3,0.829795
21077,yahoo.com,3,0.820721
21078,yahoo.com,3,0.820721
21080,yahoo.com,3,0.826352
21081,yahoo.com,3,0.826352
21092,yahoo.com,3,0.851328
21095,yahoo.com,3,0.790166
21099,yahoo.com,3,0.771408
21102,yahoo.com,3,0.842509
21116,yahoo.com,3,0.840099
21130,yahoo.com,3,0.869701
21137,yahoo.com,3,0.857033
21160,yahoo.com,3,0.809420
21171,yahoo.com,3,0.830154
21172,yahoo.com,3,0.812757
21186,yahoo.com,3,0.831643
21188,yahoo.com,3,0.828438
21209,yahoo.com,3,0.743602
21210,yahoo.com,3,0.749097
21222,yahoo.com,3,0.803907
21224,yahoo.com,3,0.811755
21225,yahoo.com,3,0.814068
21227,yahoo.com,3,0.772982
21232,yahoo.com,3,0.796197
21235,yahoo.com,3,0.866476
21239,yahoo.com,3,0.788191
21240,yahoo.com,3,0.811399
21243,yahoo.com,3,0.817336
21246,yahoo.com,3,0.758609
21247,yahoo.com,3,0.802867
21248,yahoo.com,3,0.800857
21249,yahoo.com,3,0.825789
21255,yahoo.com,3,0.807363
21258,yahoo.com,3,0.774553
21260,yahoo.com,3,0.785273
21264,yahoo.com,3,0.826094
21265,yahoo.com,3,0.848176
21270,yahoo.com,3,0.814319
21271,yahoo.com,3,0.780890
21273,yahoo.com,3,0.875996
21274,yahoo.com,3,0.828293
21284,yahoo.com,3,0.792752
21294,yahoo.com,3,0.817888
21295,yahoo.com,3,0.770456
21301,yahoo.com,3,0.871287
21303,yahoo.com,3,0.840260
21306,yahoo.com,3,0.811324
21312,yahoo.com,3,0.823209
21335,ynetnews.com,3,0.801193
21336,ynetnews.com,3,0.799852
21344,yourvalley.net,3,0.847408
64,13newsnow.com,4,0.329542
65,13newsnow.com,4,0.329542
79,13newsnow.com,4,0.280629
11607,newsobserver.com,4,0.406239
19244,virginiamercury.com,4,0.445588
19922,wcnc.com,4,0.356936
20444,wral.com,4,0.439567
173,aa.com.tr,13,0.366908
407,abcnews.com,13,0.714813
4852,courthousenews.com,13,0.714813
5547,dw.com,13,0.384127
9354,lemonde.fr,13,0.313515
14484,reuters.com,13,0.223968
21142,yahoo.com,13,0.159731
340,abcnews.com,36,0.700345
3840,cbsnews.com,36,0.588941
3841,cbsnews.com,36,0.597226
3989,cbsnews.com,36,0.552915
4000,cbsnews.com,36,0.503244
5060,dailycaller.com,36,0.401053
5960,forbes.com,36,0.569919
5961,forbes.com,36,0.403447
6720,foxnews.com,36,0.366482
6721,foxnews.com,36,0.341494
10651,nbcnews.com,36,0.705311
10675,nbcnews.com,36,0.670296
10676,nbcnews.com,36,0.670296
10677,nbcnews.com,36,0.670296
11190,newrepublic.com,36,0.534733
13515,people.com,36,0.743026
13756,politico.com,36,0.733758
15057,slate.com,36,0.718878
15189,spectrumnews1.com,36,0.781343
15731,thedailybeast.com,36,0.751111
15759,thedailybeast.com,36,0.678000
17367,thehill.com,36,0.622730
17368,thehill.com,36,0.622730
20316,wkyt.com,36,0.772571
20317,wkyt.com,36,0.772571
20319,wkyt.com,36,0.609842
20320,wkyt.com,36,0.774949
20367,wlwt.com,36,0.717154
342,abcnews.com,37,0.017960
921,apnews.com,37,0.017960
1326,azfamily.com,37,0.352917
4430,cleveland19.com,37,0.352917
5321,democracydocket.com,37,0.516237
6201,fox5vegas.com,37,0.352917
7430,hawaiinewsnow.com,37,0.352917
8874,kptv.com,37,0.352917
11009,nbcnewyork.com,37,0.276029
18939,uppermichiganssource.com,37,0.352917
19302,wafb.com,37,0.352917
19466,washingtonpost.com,37,0.017960
386,abcnews.com,44,0.191793
779,aljazeera.com,44,0.288528
1025,apnews.com,44,0.306086
1026,apnews.com,44,0.146927
1690,bloomberg.com,44,0.317364
11490,newsday.com,44,0.191793
19640,washingtonpost.com,44,0.191793
415,abcnews.com,47,0.000000
566,abcnews.go.com,47,0.000000
1083,apnews.com,47,0.000000
5246,dallasnews.com,47,0.000000
8581,kdhnews.com,47,0.000000
9198,latimes.com,47,0.000000
11416,news4jax.com,47,0.000000
19711,washingtonpost.com,47,0.000000
20813,wspa.com,47,0.000000
419,abcnews.com,48,0.299669
4231,cbsnews.com,48,0.442123
4232,cbsnews.com,48,0.478791
7026,foxnews.com,48,0.330403
7902,huffpost.com,48,0.523100
8050,huffpost.com,48,0.692245
10897,nbcnews.com,48,0.566286
11951,npr.org,48,0.673161
12113,npr.org,48,0.414086
12912,nytimes.com,48,0.412257
16270,theguardian.com,48,0.418477
18168,thehill.com,48,0.412314
18187,thehill.com,48,0.455511
420,abcnews.com,49,0.336780
2805,breitbart.com,49,0.279697
3930,cbsnews.com,49,0.523747
3962,cbsnews.com,49,0.729286
5975,forbes.com,49,0.440552
10866,nbcnews.com,49,0.543425
12993,nytimes.com,49,0.719105
16224,theguardian.com,49,0.491377
16357,theguardian.com,49,0.598946
17221,thehill.com,49,0.528405
18612,time.com,49,0.660457
487,abcnews.go.com,59,0.027081
912,apnews.com,59,0.025595
8979,ktar.com,59,0.025595
14103,pressdemocrat.com,59,0.025595
14761,santafenewmexican.com,59,0.100618
15138,spectrumlocalnews.com,59,0.349110
19960,wdsu.com,59,0.027081
20381,wmur.com,59,0.027081
563,abcnews.go.com,78,0.334658
1079,apnews.com,78,0.334658
14795,scmp.com,78,0.134239
16202,theguardian.com,78,0.567881
19699,washingtonpost.com,78,0.334658
19734,washingtonpost.com,78,0.650586
733,aljazeera.com,98,0.393277
878,apnews.com,98,0.367350
1467,bbc.com,98,0.515963
1495,bbc.com,98,0.651915
1646,bloomberg.com,98,0.494425
13366,pbs.org,98,0.638616
15925,theguardian.com,98,0.393194
18237,thehill.com,98,0.452086
745,aljazeera.com,101,0.234633
6996,foxnews.com,101,0.248386
8023,huffpost.com,101,0.401697
10867,nbcnews.com,101,0.513891
10913,nbcnews.com,101,0.420887
12107,npr.org,101,0.519854
12894,nytimes.com,101,0.441456
16265,theguardian.com,101,0.460705
18092,thehill.com,101,0.548717
20659,wsj.com,101,0.425584
768,aljazeera.com,104,0.577633
769,aljazeera.com,104,0.362680
907,apnews.com,104,0.478535
1430,bbc.co.uk,104,0.388105
1508,bbc.com,104,0.388105
2788,breitbart.com,104,0.462153
4615,cnn.com,104,0.434582
5545,dw.com,104,0.396110
5758,euronews.com,104,0.516785
6456,foxnews.com,104,0.325806
6896,foxnews.com,104,0.544899
7171,france24.com,104,0.705190
7173,france24.com,104,0.718708
7222,ft.com,104,0.586098
7341,gazettextra.com,104,0.739843
7342,gazettextra.com,104,0.739843
7492,hjnews.com,104,0.739843
7493,hjnews.com,104,0.739843
7494,hjnews.com,104,0.739843
8186,inquirer.com,104,0.478535
8438,kare11.com,104,0.454732
9355,lemonde.fr,104,0.489344
9547,messenger-inquirer.com,104,0.478535
11480,newsday.com,104,0.418234
12556,nytimes.com,104,0.552715
13269,oskaloosa.com,104,0.478535
14425,reuters.com,104,0.275253
15439,staradvertiser.com,104,0.231880
16103,theguardian.com,104,0.572282
19450,washingtonpost.com,104,0.478535
826,alreporter.com,108,0.586048
5837,finance.yahoo.com,108,0.612081
5939,floridapolitics.com,108,0.628727
8230,insidernj.com,108,0.768210
8231,insidernj.com,108,0.768210
10047,nationalreview.com,108,0.159798
11178,newjerseyglobe.com,108,0.646471
17214,thehill.com,108,0.539650
17215,thehill.com,108,0.539650
20171,wispolitics.com,108,0.696194
20174,wispolitics.com,108,0.537478
880,apnews.com,116,0.154316
1449,bbc.com,116,0.499667
1496,bbc.com,116,0.586232
1565,bbc.com,116,0.619458
1603,bbc.com,116,0.643843
9607,middleeasteye.net,116,0.641804
13927,politico.com,116,0.532368
13928,politico.com,116,0.532368
15525,telegraph.co.uk,116,0.598186
946,apnews.com,121,0.348648
1772,bostonglobe.com,121,0.201377
3902,cbsnews.com,121,0.489947
3903,cbsnews.com,121,0.341825
3904,cbsnews.com,121,0.306631
4305,cbsnews.com,121,0.405859
4446,clickondetroit.com,121,0.201377
4470,clickorlando.com,121,0.201377
6059,fox10phoenix.com,121,0.502629
7727,huffpost.com,121,0.170467
9382,livenowfox.com,121,0.502629
13488,pbs.org,121,0.255616
14932,seattletimes.com,121,0.201377
16990,thehill.com,121,0.218257
16991,thehill.com,121,0.218257
16992,thehill.com,121,0.218257
21337,ynetnews.com,121,0.532285
954,apnews.com,122,0.055839
1826,bostonherald.com,122,0.055839
7362,gjsentinel.com,122,0.055839
9550,messenger-inquirer.com,122,0.055839
13272,oskaloosa.com,122,0.055839
13290,ottumwacourier.com,122,0.055839
14080,postregister.com,122,0.496224
14081,postregister.com,122,0.496224
14107,pressdemocrat.com,122,0.055839
14611,rockdalenewtoncitizen.com,122,0.496224
14612,rockdalenewtoncitizen.com,122,0.496224
14613,rockdalenewtoncitizen.com,122,0.496224
14615,rockdalenewtoncitizen.com,122,0.182284
14697,rutlandherald.com,122,0.496224
15009,sentinelcolorado.com,122,0.055839
18522,thehour.com,122,0.055839
18637,timesargus.com,122,0.496224
20854,wtop.com,122,0.055839
20945,wvnews.com,122,0.496224
979,apnews.com,125,0.497148
7498,hollywoodreporter.com,125,0.213746
10268,nationalreview.com,125,0.343806
12382,nytimes.com,125,0.299465
12729,nytimes.com,125,0.626483
16259,theguardian.com,125,0.507896
16573,thehill.com,125,0.471002
19507,washingtonpost.com,125,0.512169
993,apnews.com,130,0.104783
9018,kttc.com,130,0.737408
9110,ky3.com,130,0.737408
9410,localnewslive.com,130,0.737408
18942,uppermichiganssource.com,130,0.737408
19936,wctv.tv,130,0.737408
20327,wlbt.com,130,0.737408
20994,wwnytv.com,130,0.737408
21158,yahoo.com,130,0.108022
1094,apnews.com,135,0.462958
4560,cnn.com,135,0.656101
5868,finance.yahoo.com,135,0.740005
6021,fortune.com,135,0.568917
7864,huffpost.com,135,0.380446
9177,latimes.com,135,0.450084
11418,news8000.com,135,0.656101
12264,nypost.com,135,0.545587
13455,pbs.org,135,0.505233
13781,politico.com,135,0.493354
15018,sfchronicle.com,135,0.525743
17509,thehill.com,135,0.375368
19002,usatoday.com,135,0.473178
19375,washingtonexaminer.com,135,0.359363
19587,washingtonpost.com,135,0.371766
20732,wsj.com,135,0.453685
1200,audacy.com,142,0.481629
4072,cbsnews.com,142,0.471833
4073,cbsnews.com,142,0.465167
5655,eenews.net,142,0.483739
7917,huffpost.com,142,0.343753
14764,santafenewmexican.com,142,0.462982
19050,usatoday.com,142,0.317117
19440,washingtonpost.com,142,0.521608
20028,wgal.com,142,0.394922
1276,axios.com,153,0.696343
1341,azfamily.com,153,0.443733
1342,azfamily.com,153,0.443733
4075,cbsnews.com,153,0.420291
4076,cbsnews.com,153,0.420291
5084,dailycaller.com,153,0.164166
9930,ms.now,153,0.381615
10741,nbcnews.com,153,0.389001
10742,nbcnews.com,153,0.389001
11255,news.bgov.com,153,0.482129
11563,newsfromthestates.com,153,0.477221
12021,npr.org,153,0.381615
12022,npr.org,153,0.381615
12462,nytimes.com,153,0.491455
13817,politico.com,153,0.582360
13818,politico.com,153,0.582360
14628,rollcall.com,153,0.390616
17660,thehill.com,153,0.285884
17661,thehill.com,153,0.285884
18912,upi.com,153,0.416456
1355,baltimoresun.com,165,0.000000
8788,komonews.com,165,0.000000
8897,krcrtv.com,165,0.000000
18541,thenationaldesk.com,165,0.000000
18542,thenationaldesk.com,165,0.000000
20253,wjla.com,165,0.000000
1359,baltimoresun.com,166,0.150434
4512,cnbc.com,166,0.240008
6265,foxbaltimore.com,166,0.202252
8792,komonews.com,166,0.202252
9021,ktul.com,166,0.202252
9244,law360.com,166,0.202390
11392,news3lv.com,166,0.202252
18544,thenationaldesk.com,166,0.202252
1579,bbc.com,207,0.560304
1853,breitbart.com,207,0.702602
1877,breitbart.com,207,0.769835
1915,breitbart.com,207,0.718039
1918,breitbart.com,207,0.734975
1919,breitbart.com,207,0.728918
1950,breitbart.com,207,0.689264
2879,breitbart.com,207,0.725178
3129,breitbart.com,207,0.689907
5096,dailycaller.com,207,0.686470
7885,huffpost.com,207,0.524718
8144,independent.co.uk,207,0.442433
10840,nbcnews.com,207,0.654003
12438,nytimes.com,207,0.672513
12457,nytimes.com,207,0.752885
15606,theatlantic.com,207,0.734278
17001,thehill.com,207,0.512740
17002,thehill.com,207,0.541716
17071,thehill.com,207,0.763161
17072,thehill.com,207,0.763161
17723,thehill.com,207,0.659519
17862,thehill.com,207,0.728866
18169,thehill.com,207,0.584522
19042,usatoday.com,207,0.502007
19407,washingtonexaminer.com,207,0.763198
1662,bloomberg.com,224,0.140452
5946,forbes.com,224,0.325960
7163,france24.com,224,0.263714
14402,reuters.com,224,0.262075
19142,usnews.com,224,0.262075
1849,breitbart.com,256,0.206815
5130,dailycaller.com,256,0.221522
7589,huffpost.com,256,0.411992
12937,nytimes.com,256,0.379402
16291,theguardian.com,256,0.429974
16374,theguardian.com,256,0.549331
2790,breitbart.com,459,0.462283
3784,cbsnews.com,459,0.598594
7883,huffpost.com,459,0.481984
10681,nbcnews.com,459,0.541916
10682,nbcnews.com,459,0.550578
11986,npr.org,459,0.656554
11987,npr.org,459,0.656554
12267,nypost.com,459,0.256283
12701,nytimes.com,459,0.579086
13783,politico.com,459,0.634778
16104,theguardian.com,459,0.621575
16591,thehill.com,459,0.193741
3186,breitbart.com,544,0.204298
4277,cbsnews.com,544,0.433286
14571,reuters.com,544,0.456686
15850,theglobeandmail.com,544,0.489503
16258,theguardian.com,544,0.401177
18037,thehill.com,544,0.299884
18582,thewellnews.com,544,0.364921
3477,c-span.org,613,0.502452
5415,desmoinesregister.com,613,0.552019
5417,desmoinesregister.com,613,0.556270
5564,eciks.org,613,0.404229
6497,foxnews.com,613,0.450422
6498,foxnews.com,613,0.534059
6499,foxnews.com,613,0.534059
15844,thegazette.com,613,0.506060
16738,thehill.com,613,0.346804
16739,thehill.com,613,0.346804
3777,cbsnews.com,646,0.469194
7613,huffpost.com,646,0.585138
9885,ms.now,646,0.521154
10519,nbcnews.com,646,0.552127
12196,nymag.com,646,0.563948
13666,politico.com,646,0.559352
15006,sentinelcolorado.com,646,0.474468
16057,theguardian.com,646,0.628361
16674,thehill.com,646,0.341042
18901,upi.com,646,0.526478
19495,washingtonpost.com,646,0.597116
20601,wsj.com,646,0.347104
3785,cbsnews.com,647,0.491624
5408,deseret.com,647,0.266887
8938,ksl.com,647,0.270353
12962,nytimes.com,647,0.499896
16895,thehill.com,647,0.303182
16896,thehill.com,647,0.299496
3943,cbsnews.com,661,0.432622
5042,dailycaller.com,661,0.318005
5549,dw.com,661,0.319430
6532,foxnews.com,661,0.454017
7032,foxnews.com,661,0.427271
7679,huffpost.com,661,0.342878
9757,motherjones.com,661,0.664288
10149,nationalreview.com,661,0.535738
10520,nbcnews.com,661,0.435598
10521,nbcnews.com,661,0.435598
11964,npr.org,661,0.324851
12591,nytimes.com,661,0.394521
13348,pbs.org,661,0.364308
17154,thehill.com,661,0.329016
18113,thehill.com,661,0.554942
19479,washingtonpost.com,661,0.380548
4214,cbsnews.com,683,0.139879
7027,foxnews.com,683,0.402181
7028,foxnews.com,683,0.402181
16251,theguardian.com,683,0.234623
18094,thehill.com,683,0.185671
20660,wsj.com,683,0.260429
4692,cnn.com,733,0.244111
5553,dw.com,733,0.418001
9008,kten.com,733,0.244111
9009,kten.com,733,0.356621
12892,nytimes.com,733,0.212462
20294,wkow.com,733,0.356621
5560,eciks.org,852,0.131204
13812,politico.com,852,0.469081
15915,theguardian.com,852,0.144378
15916,theguardian.com,852,0.144378
16636,thehill.com,852,0.274324
16637,thehill.com,852,0.199078
21193,yahoo.com,852,0.481615
5788,ewtnnews.com,871,0.644289
11088,ncregister.com,871,0.644289
11342,news.wttw.com,871,0.373562
13477,pbs.org,871,0.531322
15523,talkingpointsmemo.com,871,0.529614
18192,thehill.com,871,0.080565
20108,whitehouse.gov,871,0.538834
7488,hjnews.com,1105,0.000000
8322,journal-news.com,1105,0.000000
9434,lufkindailynews.com,1105,0.000000
14692,rutlandherald.com,1105,0.000000
18633,timesargus.com,1105,0.000000
20943,wvnews.com,1105,0.000000
20944,wvnews.com,1105,0.000000
7510,houstonchronicle.com,1106,0.015445
14101,pressdemocrat.com,1106,0.015445
18516,thehour.com,1106,0.015445
18795,timesunion.com,1106,0.015445
18863,twincities.com,1106,0.015445
8637,kgou.org,1283,0.049106
8678,klcc.org,1283,0.049106
12039,npr.org,1283,0.017395
12040,npr.org,1283,0.049106
13207,opb.org,1283,0.049106
20895,wunc.org,1283,0.049106
