article_id,outlet,event_id,distance
2,1011now.com,2,0.900122
3,1011now.com,2,0.820424
4,1011now.com,2,0.820424
7,1011now.com,2,0.809866
10,10tv.com,2,0.821522
12,10tv.com,2,0.818008
13,10tv.com,2,0.781201
14,10tv.com,2,0.750318
16,10tv.com,2,0.793763
18,10tv.com,2,0.782002
20,10tv.com,2,0.749022
25,11alive.com,2,0.801101
26,11alive.com,2,0.794273
29,11alive.com,2,0.740992
30,11alive.com,2,0.757277
41,11alive.com,2,0.741964
42,11alive.com,2,0.782302
43,11alive.com,2,0.779382
44,11alive.com,2,0.842635
47,11alive.com,2,0.843308
48,11alive.com,2,0.791865
49,11alive.com,2,0.745943
50,11alive.com,2,0.839446
52,11alive.com,2,0.875023
53,11alive.com,2,0.779405
54,11alive.com,2,0.758741
56,11alive.com,2,0.808395
57,11alive.com,2,0.794011
58,11alive.com,2,0.765663
59,11alive.com,2,0.737379
60,11alive.com,2,0.755801
62,11alive.com,2,0.814076
66,13newsnow.com,2,0.801544
67,13newsnow.com,2,0.831822
68,13newsnow.com,2,0.732782
70,13newsnow.com,2,0.820038
71,13newsnow.com,2,0.820038
74,13newsnow.com,2,0.826812
75,13newsnow.com,2,0.823177
76,13newsnow.com,2,0.823177
80,13newsnow.com,2,0.852909
83,13wham.com,2,0.761392
85,13wham.com,2,0.778962
88,13wham.com,2,0.754857
91,13wham.com,2,0.793066
92,13wham.com,2,0.780273
93,13wham.com,2,0.827086
94,13wmaz.com,2,0.824734
96,13wmaz.com,2,0.735637
97,13wmaz.com,2,0.808345
100,13wmaz.com,2,0.759874
101,13wmaz.com,2,0.734914
102,13wmaz.com,2,0.720924
105,13wmaz.com,2,0.729214
106,13wmaz.com,2,0.748348
107,13wmaz.com,2,0.766478
108,14news.com,2,0.822713
109,14news.com,2,0.900122
110,14news.com,2,0.837814
111,14news.com,2,0.837814
113,14news.com,2,0.789391
116,19thnews.org,2,0.819351
118,19thnews.org,2,0.788765
122,19thnews.org,2,0.796809
124,6abc.com,2,0.791008
125,6abc.com,2,0.827611
127,6abc.com,2,0.808774
128,6abc.com,2,0.808774
129,6abc.com,2,0.800067
130,6abc.com,2,0.809596
133,6abc.com,2,0.760382
137,9news.com,2,0.764720
138,9news.com,2,0.777393
139,9news.com,2,0.744120
141,9news.com,2,0.775382
142,9news.com,2,0.777910
143,9news.com,2,0.716454
144,9news.com,2,0.764981
145,9news.com,2,0.759467
146,9news.com,2,0.781946
147,9news.com,2,0.819114
148,9news.com,2,0.906858
149,9news.com,2,0.764613
150,9news.com,2,0.757941
151,9news.com,2,0.842046
152,9news.com,2,0.744272
153,9news.com,2,0.854237
154,9news.com,2,0.795884
155,9news.com,2,0.760098
160,9news.com,2,0.754915
164,9news.com,2,0.797938
165,9news.com,2,0.812437
167,9news.com,2,0.866268
168,9news.com,2,0.800903
171,aa.com.tr,2,0.791742
175,aa.com.tr,2,0.863299
176,aa.com.tr,2,0.824641
179,aa.com.tr,2,0.755251
180,aa.com.tr,2,0.811936
182,aa.com.tr,2,0.799500
193,abc.net.au,2,0.870963
202,abc10.com,2,0.804736
203,abc10.com,2,0.860138
204,abc10.com,2,0.819442
207,abc10.com,2,0.829402
208,abc10.com,2,0.801544
209,abc10.com,2,0.830720
210,abc10.com,2,0.802599
211,abc10.com,2,0.819744
213,abc10.com,2,0.745743
214,abc10.com,2,0.761801
216,abc10.com,2,0.832130
217,abc11.com,2,0.778406
218,abc11.com,2,0.820907
224,abc11.com,2,0.830496
226,abc27.com,2,0.803695
227,abc27.com,2,0.839339
228,abc27.com,2,0.842534
229,abc27.com,2,0.839407
230,abc27.com,2,0.839407
231,abc27.com,2,0.796298
232,abc27.com,2,0.796298
233,abc3340.com,2,0.819162
234,abc3340.com,2,0.819162
236,abc3340.com,2,0.857895
238,abc3340.com,2,0.801695
239,abc3340.com,2,0.816600
241,abc3340.com,2,0.785430
242,abc4.com,2,0.745902
244,abc4.com,2,0.759179
245,abc4.com,2,0.747007
246,abc4.com,2,0.828792
247,abc4.com,2,0.776909
248,abc4.com,2,0.813706
249,abc4.com,2,0.813706
251,abc4.com,2,0.760577
252,abc4.com,2,0.817358
254,abc7.com,2,0.830896
255,abc7.com,2,0.830896
257,abc7.com,2,0.778406
258,abc7.com,2,0.827611
259,abc7.com,2,0.721107
261,abc7.com,2,0.798175
262,abc7.com,2,0.768866
263,abc7.com,2,0.795178
266,abc7.com,2,0.791892
268,abc7.com,2,0.759043
269,abc7.com,2,0.760382
276,abc7chicago.com,2,0.733278
277,abc7chicago.com,2,0.804802
278,abc7chicago.com,2,0.778406
279,abc7chicago.com,2,0.810510
281,abc7chicago.com,2,0.827611
283,abc7chicago.com,2,0.816022
284,abc7chicago.com,2,0.764882
286,abc7chicago.com,2,0.798175
287,abc7chicago.com,2,0.768866
289,abc7chicago.com,2,0.759043
290,abc7chicago.com,2,0.759043
291,abc7chicago.com,2,0.760382
293,abc7news.com,2,0.822376
294,abc7news.com,2,0.820907
295,abc7news.com,2,0.798535
296,abc7news.com,2,0.787103
297,abc7news.com,2,0.731315
300,abc7news.com,2,0.808828
303,abc7news.com,2,0.792195
304,abc7ny.com,2,0.808789
305,abc7ny.com,2,0.778406
306,abc7ny.com,2,0.769205
307,abc7ny.com,2,0.804043
308,abc7ny.com,2,0.827611
309,abc7ny.com,2,0.772344
312,abc7ny.com,2,0.760382
316,abcnews.com,2,0.769910
320,abcnews.com,2,0.772703
323,abcnews.com,2,0.773547
324,abcnews.com,2,0.816436
326,abcnews.com,2,0.788261
329,abcnews.com,2,0.805890
335,abcnews.com,2,0.825952
340,abcnews.com,2,0.808201
342,abcnews.com,2,0.906124
347,abcnews.com,2,0.797940
349,abcnews.com,2,0.798966
350,abcnews.com,2,0.890811
352,abcnews.com,2,0.773227
353,abcnews.com,2,0.816335
359,abcnews.com,2,0.806913
361,abcnews.com,2,0.792225
362,abcnews.com,2,0.792709
363,abcnews.com,2,0.792709
364,abcnews.com,2,0.802061
368,abcnews.com,2,0.809803
370,abcnews.com,2,0.829635
373,abcnews.com,2,0.778911
374,abcnews.com,2,0.822670
375,abcnews.com,2,0.795901
376,abcnews.com,2,0.814389
377,abcnews.com,2,0.745028
380,abcnews.com,2,0.859262
381,abcnews.com,2,0.795992
382,abcnews.com,2,0.822772
383,abcnews.com,2,0.860193
384,abcnews.com,2,0.793233
385,abcnews.com,2,0.783415
387,abcnews.com,2,0.784055
388,abcnews.com,2,0.784055
392,abcnews.com,2,0.770144
394,abcnews.com,2,0.798175
395,abcnews.com,2,0.798175
399,abcnews.com,2,0.795178
403,abcnews.com,2,0.818592
405,abcnews.com,2,0.802710
406,abcnews.com,2,0.802710
409,abcnews.com,2,0.755027
410,abcnews.com,2,0.764547
413,abcnews.com,2,0.752523
415,abcnews.com,2,0.732651
419,abcnews.com,2,0.809311
420,abcnews.com,2,0.824174
421,abcnews.com,2,0.833447
422,abcnews.com,2,0.846674
423,abcnews.com,2,0.835537
428,abcnews.com,2,0.828792
429,abcnews.com,2,0.770183
430,abcnews.com,2,0.794199
431,abcnews.com,2,0.816176
432,abcnews.com,2,0.807379
436,abcnews.com,2,0.820104
437,abcnews.com,2,0.834580
438,abcnews.com,2,0.773679
440,abcnews.com,2,0.838507
441,abcnews.com,2,0.772597
442,abcnews.com,2,0.852786
447,abcnews.com,2,0.772919
448,abcnews.com,2,0.784878
449,abcnews.com,2,0.790221
450,abcnews.com,2,0.795274
451,abcnews.com,2,0.807925
452,abcnews.com,2,0.765411
453,abcnews.com,2,0.778202
454,abcnews.com,2,0.778202
455,abcnews.com,2,0.821511
456,abcnews.com,2,0.747005
457,abcnews.com,2,0.749572
459,abcnews.com,2,0.847830
464,abcnews.go.com,2,0.845663
465,abcnews.go.com,2,0.813601
467,abcnews.go.com,2,0.818677
469,abcnews.go.com,2,0.828160
471,abcnews.go.com,2,0.778740
473,abcnews.go.com,2,0.821182
474,abcnews.go.com,2,0.847426
475,abcnews.go.com,2,0.841554
476,abcnews.go.com,2,0.782364
477,abcnews.go.com,2,0.793516
478,abcnews.go.com,2,0.853888
483,abcnews.go.com,2,0.835478
484,abcnews.go.com,2,0.820376
488,abcnews.go.com,2,0.839597
492,abcnews.go.com,2,0.832800
493,abcnews.go.com,2,0.794590
495,abcnews.go.com,2,0.803065
496,abcnews.go.com,2,0.793415
498,abcnews.go.com,2,0.797940
499,abcnews.go.com,2,0.840302
501,abcnews.go.com,2,0.817870
508,abcnews.go.com,2,0.764963
512,abcnews.go.com,2,0.821375
516,abcnews.go.com,2,0.819209
518,abcnews.go.com,2,0.789278
519,abcnews.go.com,2,0.793292
520,abcnews.go.com,2,0.816424
524,abcnews.go.com,2,0.772687
527,abcnews.go.com,2,0.830710
528,abcnews.go.com,2,0.811620
529,abcnews.go.com,2,0.808065
533,abcnews.go.com,2,0.796046
537,abcnews.go.com,2,0.822670
538,abcnews.go.com,2,0.845118
540,abcnews.go.com,2,0.778709
543,abcnews.go.com,2,0.745028
545,abcnews.go.com,2,0.781738
547,abcnews.go.com,2,0.830772
550,abcnews.go.com,2,0.793415
551,abcnews.go.com,2,0.778049
553,abcnews.go.com,2,0.809006
560,abcnews.go.com,2,0.790823
564,abcnews.go.com,2,0.800855
565,abcnews.go.com,2,0.804085
567,abcnews.go.com,2,0.804075
570,abcnews.go.com,2,0.809311
571,abcnews.go.com,2,0.819525
574,abcnews.go.com,2,0.808458
578,abcnews.go.com,2,0.836691
579,abcnews.go.com,2,0.866228
580,abcnews.go.com,2,0.792546
582,abcnews.go.com,2,0.794299
584,actionnews5.com,2,0.822713
585,actionnews5.com,2,0.900122
587,actionnews5.com,2,0.827940
588,actionnews5.com,2,0.827940
592,actionnews5.com,2,0.852544
593,actionnews5.com,2,0.852544
594,actionnews5.com,2,0.852544
595,actionnews5.com,2,0.783662
596,adn.com,2,0.816951
598,adn.com,2,0.805089
599,adn.com,2,0.820863
600,adn.com,2,0.880733
601,adn.com,2,0.778955
602,adn.com,2,0.851519
603,adn.com,2,0.852117
605,adn.com,2,0.846418
607,adn.com,2,0.840481
610,adn.com,2,0.816539
613,adn.com,2,0.823070
617,aei.org,2,0.854961
618,aei.org,2,0.777239
621,aei.org,2,0.738629
623,aei.org,2,0.786075
625,ajc.com,2,0.811704
626,ajc.com,2,0.820340
627,ajc.com,2,0.840464
629,ajc.com,2,0.787427
630,ajc.com,2,0.787427
631,ajc.com,2,0.805090
632,ajc.com,2,0.813066
633,ajc.com,2,0.793590
639,ajc.com,2,0.840190
641,ajc.com,2,0.794625
646,al.com,2,0.750840
648,al.com,2,0.781814
653,al.com,2,0.772053
654,al.com,2,0.781358
658,al.com,2,0.812732
662,al.com,2,0.784125
664,al.com,2,0.840531
665,al.com,2,0.804281
669,alabamareflector.com,2,0.808029
673,alabamareflector.com,2,0.786028
676,alaskabeacon.com,2,0.788993
677,alaskabeacon.com,2,0.815712
678,alaskabeacon.com,2,0.814124
679,alaskabeacon.com,2,0.857333
681,alaskabeacon.com,2,0.792576
682,alaskabeacon.com,2,0.814609
683,alaskabeacon.com,2,0.834915
686,alaskabeacon.com,2,0.867662
688,alaskabeacon.com,2,0.802647
689,alaskabeacon.com,2,0.872600
691,alaskapublic.org,2,0.789588
692,alaskapublic.org,2,0.862080
693,alaskapublic.org,2,0.799941
694,alaskapublic.org,2,0.802706
697,alaskapublic.org,2,0.817569
699,alaskapublic.org,2,0.843699
700,alaskapublic.org,2,0.797269
706,alaskasnewssource.com,2,0.822713
707,alaskasnewssource.com,2,0.822713
708,alaskasnewssource.com,2,0.841246
709,alaskasnewssource.com,2,0.865291
710,alaskasnewssource.com,2,0.865291
711,alaskasnewssource.com,2,0.865291
712,alaskasnewssource.com,2,0.838474
714,aldailynews.com,2,0.890385
717,aldailynews.com,2,0.812148
720,aldailynews.com,2,0.780903
721,aldailynews.com,2,0.767738
723,aldailynews.com,2,0.859068
724,aldailynews.com,2,0.812259
726,aldailynews.com,2,0.845761
727,aldailynews.com,2,0.817894
728,aljazeera.com,2,0.778972
730,aljazeera.com,2,0.823504
732,aljazeera.com,2,0.872463
734,aljazeera.com,2,0.860633
736,aljazeera.com,2,0.872629
737,aljazeera.com,2,0.862932
738,aljazeera.com,2,0.806828
739,aljazeera.com,2,0.790267
741,aljazeera.com,2,0.818270
744,aljazeera.com,2,0.831766
752,aljazeera.com,2,0.805304
753,aljazeera.com,2,0.863901
754,aljazeera.com,2,0.861869
755,aljazeera.com,2,0.772049
756,aljazeera.com,2,0.780501
758,aljazeera.com,2,0.800897
759,aljazeera.com,2,0.809671
762,aljazeera.com,2,0.821602
770,aljazeera.com,2,0.837482
771,aljazeera.com,2,0.838950
772,aljazeera.com,2,0.866322
773,aljazeera.com,2,0.790843
774,aljazeera.com,2,0.847278
777,aljazeera.com,2,0.851614
778,aljazeera.com,2,0.810607
781,aljazeera.com,2,0.841348
783,aljazeera.com,2,0.822430
785,aljazeera.com,2,0.801143
786,aljazeera.com,2,0.746224
789,aljazeera.com,2,0.792517
790,aljazeera.com,2,0.792517
791,aljazeera.com,2,0.848069
792,aljazeera.com,2,0.775758
793,aljazeera.com,2,0.751564
795,aljazeera.com,2,0.782412
796,aljazeera.com,2,0.774517
801,aljazeera.com,2,0.796678
802,aljazeera.com,2,0.794904
803,aljazeera.com,2,0.820863
804,aljazeera.com,2,0.798652
805,aljazeera.com,2,0.833295
808,aljazeera.com,2,0.770468
809,aljazeera.com,2,0.878004
812,aljazeera.com,2,0.859924
813,aljazeera.com,2,0.827638
815,aljazeera.com,2,0.817633
818,aljazeera.com,2,0.779024
819,aljazeera.com,2,0.746594
820,aljazeera.com,2,0.792849
821,aljazeera.com,2,0.793361
823,aljazeera.com,2,0.849299
825,aljazeera.com,2,0.788025
829,alreporter.com,2,0.840546
831,alreporter.com,2,0.838030
832,alreporter.com,2,0.848439
835,alreporter.com,2,0.865246
852,aol.com,2,0.848101
853,aol.com,2,0.785902
858,aol.com,2,0.848631
867,apnews.com,2,0.813601
868,apnews.com,2,0.767905
869,apnews.com,2,0.810260
870,apnews.com,2,0.811843
871,apnews.com,2,0.816622
874,apnews.com,2,0.764763
875,apnews.com,2,0.778960
876,apnews.com,2,0.818677
881,apnews.com,2,0.851521
882,apnews.com,2,0.878551
883,apnews.com,2,0.861017
888,apnews.com,2,0.796969
889,apnews.com,2,0.841554
890,apnews.com,2,0.898354
892,apnews.com,2,0.800523
895,apnews.com,2,0.790793
896,apnews.com,2,0.773405
897,apnews.com,2,0.853888
902,apnews.com,2,0.863083
903,apnews.com,2,0.852717
905,apnews.com,2,0.856382
906,apnews.com,2,0.817020
907,apnews.com,2,0.765565
910,apnews.com,2,0.790071
912,apnews.com,2,0.807575
913,apnews.com,2,0.819073
916,apnews.com,2,0.815771
918,apnews.com,2,0.803065
920,apnews.com,2,0.793415
923,apnews.com,2,0.772886
931,apnews.com,2,0.773227
932,apnews.com,2,0.820714
933,apnews.com,2,0.821522
934,apnews.com,2,0.843894
936,apnews.com,2,0.869085
937,apnews.com,2,0.841323
940,apnews.com,2,0.765680
942,apnews.com,2,0.797989
944,apnews.com,2,0.764963
954,apnews.com,2,0.780000
956,apnews.com,2,0.936728
958,apnews.com,2,0.734884
959,apnews.com,2,0.768078
960,apnews.com,2,0.806913
962,apnews.com,2,0.738518
964,apnews.com,2,0.822902
965,apnews.com,2,0.840888
966,apnews.com,2,0.766089
967,apnews.com,2,0.772687
968,apnews.com,2,0.774185
971,apnews.com,2,0.865873
972,apnews.com,2,0.808384
973,apnews.com,2,0.855029
977,apnews.com,2,0.778924
979,apnews.com,2,0.776110
980,apnews.com,2,0.817078
982,apnews.com,2,0.819984
983,apnews.com,2,0.814964
984,apnews.com,2,0.809612
985,apnews.com,2,0.829635
992,apnews.com,2,0.807878
994,apnews.com,2,0.841505
998,apnews.com,2,0.789823
999,apnews.com,2,0.791140
1000,apnews.com,2,0.783719
1001,apnews.com,2,0.781582
1006,apnews.com,2,0.832306
1007,apnews.com,2,0.760461
1008,apnews.com,2,0.814389
1011,apnews.com,2,0.808143
1014,apnews.com,2,0.850988
1015,apnews.com,2,0.806045
1018,apnews.com,2,0.732530
1021,apnews.com,2,0.767738
1022,apnews.com,2,0.793415
1023,apnews.com,2,0.816324
1024,apnews.com,2,0.778049
1025,apnews.com,2,0.812259
1026,apnews.com,2,0.782952
1031,apnews.com,2,0.799418
1034,apnews.com,2,0.864402
1035,apnews.com,2,0.830488
1040,apnews.com,2,0.842848
1043,apnews.com,2,0.784361
1045,apnews.com,2,0.827258
1049,apnews.com,2,0.801880
1051,apnews.com,2,0.795933
1053,apnews.com,2,0.780557
1058,apnews.com,2,0.782496
1060,apnews.com,2,0.781480
1063,apnews.com,2,0.790823
1066,apnews.com,2,0.797453
1069,apnews.com,2,0.738351
1070,apnews.com,2,0.753529
1071,apnews.com,2,0.755027
1072,apnews.com,2,0.800855
1073,apnews.com,2,0.804085
1074,apnews.com,2,0.824222
1075,apnews.com,2,0.702535
1078,apnews.com,2,0.750078
1079,apnews.com,2,0.831557
1087,apnews.com,2,0.801850
1089,apnews.com,2,0.828103
1090,apnews.com,2,0.822284
1091,apnews.com,2,0.827228
1092,apnews.com,2,0.795252
1093,apnews.com,2,0.827576
1095,apnews.com,2,0.821658
1096,apnews.com,2,0.808074
1098,apnews.com,2,0.750550
1099,apnews.com,2,0.750550
1100,apnews.com,2,0.682452
1102,apnews.com,2,0.771964
1106,apnews.com,2,0.836648
1107,apnews.com,2,0.772617
1121,arkansasonline.com,2,0.808414
1122,arkansasonline.com,2,0.846418
1124,arkansasonline.com,2,0.798550
1125,arkansasonline.com,2,0.871435
1126,arkansasonline.com,2,0.863266
1127,arkansasonline.com,2,0.807980
1129,arkansasonline.com,2,0.833732
1131,arkansasonline.com,2,0.833279
1135,arkansasonline.com,2,0.842039
1137,arkansasonline.com,2,0.851477
1141,arkansasonline.com,2,0.772348
1144,arkansasonline.com,2,0.773927
1145,arkansasonline.com,2,0.801879
1146,arkansasonline.com,2,0.808192
1149,arkansasonline.com,2,0.789731
1150,arkansasonline.com,2,0.751949
1153,ashingtonexaminer.com,2,0.797541
1159,ashingtonexaminer.com,2,0.858081
1165,ashingtonexaminer.com,2,0.789096
1166,atlantanewsfirst.com,2,0.818131
1168,atlantanewsfirst.com,2,0.822713
1169,atlantanewsfirst.com,2,0.848407
1170,atlantanewsfirst.com,2,0.900122
1171,atlantanewsfirst.com,2,0.766707
1173,atlantanewsfirst.com,2,0.806053
1174,atlantanewsfirst.com,2,0.865466
1176,atlantanewsfirst.com,2,0.810404
1178,atlantanewsfirst.com,2,0.830269
1179,atlantanewsfirst.com,2,0.807906
1181,atlantanewsfirst.com,2,0.789185
1187,atlantanewsfirst.com,2,0.809866
1188,audacy.com,2,0.794759
1189,audacy.com,2,0.825775
1190,audacy.com,2,0.837644
1191,audacy.com,2,0.751785
1192,audacy.com,2,0.850073
1193,audacy.com,2,0.836528
1194,audacy.com,2,0.821522
1197,audacy.com,2,0.827992
1198,audacy.com,2,0.848572
1201,audacy.com,2,0.838339
1202,audacy.com,2,0.805604
1204,audacy.com,2,0.832993
1206,audacy.com,2,0.793902
1207,audacy.com,2,0.839848
1208,audacy.com,2,0.811155
1213,axios.com,2,0.781867
1214,axios.com,2,0.810718
1216,axios.com,2,0.766281
1217,axios.com,2,0.807386
1218,axios.com,2,0.859178
1219,axios.com,2,0.794858
1220,axios.com,2,0.845491
1225,axios.com,2,0.845226
1226,axios.com,2,0.793973
1227,axios.com,2,0.836002
1228,axios.com,2,0.835160
1229,axios.com,2,0.814619
1231,axios.com,2,0.809415
1235,axios.com,2,0.844297
1239,axios.com,2,0.856963
1240,axios.com,2,0.843081
1242,axios.com,2,0.864069
1245,axios.com,2,0.866931
1248,axios.com,2,0.787382
1250,axios.com,2,0.842885
1251,axios.com,2,0.735754
1253,axios.com,2,0.803205
1258,axios.com,2,0.808039
1265,axios.com,2,0.864996
1266,axios.com,2,0.880078
1267,axios.com,2,0.850384
1270,axios.com,2,0.838632
1272,axios.com,2,0.799110
1273,axios.com,2,0.881119
1274,axios.com,2,0.917574
1277,axios.com,2,0.830310
1281,axios.com,2,0.783859
1282,axios.com,2,0.805224
1286,axios.com,2,0.774602
1288,axios.com,2,0.796453
1291,axios.com,2,0.808140
1297,axios.com,2,0.879823
1305,axios.com,2,0.826275
1309,axios.com,2,0.869470
1310,axios.com,2,0.806021
1312,axios.com,2,0.827716
1314,axios.com,2,0.808470
1316,axios.com,2,0.880161
1317,axios.com,2,0.837843
1319,axios.com,2,0.815050
1321,axios.com,2,0.761560
1322,axios.com,2,0.836968
1325,azfamily.com,2,0.785122
1326,azfamily.com,2,0.822713
1327,azfamily.com,2,0.812239
1328,azfamily.com,2,0.807295
1329,azfamily.com,2,0.798547
1332,azfamily.com,2,0.900122
1333,azfamily.com,2,0.777641
1335,azfamily.com,2,0.768961
1336,azfamily.com,2,0.834091
1337,azfamily.com,2,0.813414
1338,azfamily.com,2,0.801961
1339,azfamily.com,2,0.765618
1340,azfamily.com,2,0.834091
1341,azfamily.com,2,0.821214
1342,azfamily.com,2,0.759640
1348,azfamily.com,2,0.828753
1349,azfamily.com,2,0.774249
1350,ballsandstrikes.org,2,0.794641
1351,ballsandstrikes.org,2,0.780377
1352,ballsandstrikes.org,2,0.806060
1353,ballsandstrikes.org,2,0.789428
1355,ballsandstrikes.org,2,0.780322
1360,baltimoresun.com,2,0.830111
1361,baltimoresun.com,2,0.820842
1366,baltimoresun.com,2,0.837534
1373,baltimoresun.com,2,0.827880
1375,baltimoresun.com,2,0.807926
1376,baltimoresun.com,2,0.807926
1377,baltimoresun.com,2,0.807926
1378,baltimoresun.com,2,0.807926
1379,baltimoresun.com,2,0.807926
1380,baltimoresun.com,2,0.807926
1381,baltimoresun.com,2,0.807926
1382,baltimoresun.com,2,0.807926
1388,baltimoresun.com,2,0.789151
1392,baltimoresun.com,2,0.806663
1396,baltimoresun.com,2,0.758332
1397,baltimoresun.com,2,0.755027
1398,baltimoresun.com,2,0.789391
1399,baltimoresun.com,2,0.835136
1400,bangordailynews.com,2,0.857505
1401,bangordailynews.com,2,0.858403
1404,bangordailynews.com,2,0.869252
1406,bangordailynews.com,2,0.796941
1408,bangordailynews.com,2,0.767237
1411,barrons.com,2,0.771169
1413,barrons.com,2,0.854961
1415,barrons.com,2,0.781982
1417,barrons.com,2,0.744192
1419,barrons.com,2,0.840653
1420,barrons.com,2,0.802842
1421,barrons.com,2,0.778109
1422,barrons.com,2,0.832692
1423,barrons.com,2,0.800195
1425,barrons.com,2,0.809689
1426,bbc.co.uk,2,0.831921
1434,bbc.co.uk,2,0.805283
1442,bbc.com,2,0.857341
1444,bbc.com,2,0.796655
1445,bbc.com,2,0.823532
1447,bbc.com,2,0.900928
1450,bbc.com,2,0.797811
1452,bbc.com,2,0.839480
1453,bbc.com,2,0.880956
1454,bbc.com,2,0.882827
1455,bbc.com,2,0.812102
1460,bbc.com,2,0.835635
1464,bbc.com,2,0.846736
1465,bbc.com,2,0.846736
1467,bbc.com,2,0.831775
1470,bbc.com,2,0.850368
1471,bbc.com,2,0.861249
1474,bbc.com,2,0.810589
1475,bbc.com,2,0.793509
1489,bbc.com,2,0.849093
1498,bbc.com,2,0.774995
1499,bbc.com,2,0.855987
1500,bbc.com,2,0.873678
1512,bbc.com,2,0.805283
1513,bbc.com,2,0.882055
1519,bbc.com,2,0.816207
1520,bbc.com,2,0.816207
1521,bbc.com,2,0.842944
1525,bbc.com,2,0.844076
1526,bbc.com,2,0.739922
1527,bbc.com,2,0.815898
1529,bbc.com,2,0.857756
1533,bbc.com,2,0.814077
1534,bbc.com,2,0.860465
1535,bbc.com,2,0.807163
1541,bbc.com,2,0.898463
1542,bbc.com,2,0.851151
1552,bbc.com,2,0.864101
1553,bbc.com,2,0.847445
1557,bbc.com,2,0.843420
1563,bbc.com,2,0.776142
1565,bbc.com,2,0.805736
1568,bbc.com,2,0.866604
1569,bbc.com,2,0.876586
1570,bbc.com,2,0.818671
1581,bbc.com,2,0.821449
1582,bbc.com,2,0.787423
1584,bbc.com,2,0.868674
1585,bbc.com,2,0.820113
1586,bbc.com,2,0.812265
1587,bbc.com,2,0.816759
1588,bbc.com,2,0.747707
1589,bbc.com,2,0.761789
1590,bbc.com,2,0.785774
1593,bbc.com,2,0.848625
1596,bbc.com,2,0.813813
1597,bbc.com,2,0.793362
1599,bbc.com,2,0.786398
1600,bbc.com,2,0.876265
1601,bbc.com,2,0.834689
1605,bbc.com,2,0.784299
1607,bbc.com,2,0.881095
1608,bbc.com,2,0.900946
1616,bbc.com,2,0.760898
1620,benzinga.com,2,0.750518
1621,benzinga.com,2,0.750518
1628,benzinga.com,2,0.787365
1630,blogs.loc.gov,2,0.762484
1631,blogs.loc.gov,2,0.847459
1632,blogs.loc.gov,2,0.847459
1633,blogs.loc.gov,2,0.814124
1634,blogs.loc.gov,2,0.823370
1635,blogs.loc.gov,2,0.823370
1638,blogs.loc.gov,2,0.821083
1639,blogs.loc.gov,2,0.773750
1641,bloomberg.com,2,0.880708
1647,bloomberg.com,2,0.801045
1649,bloomberg.com,2,0.854670
1651,bloomberg.com,2,0.868460
1652,bloomberg.com,2,0.843736
1653,bloomberg.com,2,0.851313
1654,bloomberg.com,2,0.764111
1655,bloomberg.com,2,0.806405
1657,bloomberg.com,2,0.890244
1658,bloomberg.com,2,0.799145
1659,bloomberg.com,2,0.841190
1662,bloomberg.com,2,0.796494
1665,bloomberg.com,2,0.823682
1667,bloomberg.com,2,0.802646
1668,bloomberg.com,2,0.849139
1670,bloomberg.com,2,0.801716
1671,bloomberg.com,2,0.784479
1672,bloomberg.com,2,0.825415
1674,bloomberg.com,2,0.821177
1677,bloomberg.com,2,0.840167
1682,bloomberg.com,2,0.845714
1685,bloomberg.com,2,0.853353
1686,bloomberg.com,2,0.842108
1695,bloomberg.com,2,0.802488
1696,bloomberg.com,2,0.789906
1700,bloomberg.com,2,0.864013
1702,bloomberg.com,2,0.799557
1703,bloomberg.com,2,0.782362
1704,bloomberg.com,2,0.805250
1705,bloomberg.com,2,0.821156
1706,bloomberg.com,2,0.816172
1707,bloomberg.com,2,0.826914
1708,bloomberg.com,2,0.796891
1710,bloomberg.com,2,0.742633
1711,bloomberg.com,2,0.821281
1716,bloomberg.com,2,0.850152
1717,bloomberg.com,2,0.772182
1719,bloomberg.com,2,0.791405
1721,bloomberg.com,2,0.828649
1722,bloomberg.com,2,0.801390
1723,bloomberg.com,2,0.770300
1724,bloomberg.com,2,0.782526
1727,bloomberg.com,2,0.753774
1728,bloomberg.com,2,0.807651
1729,bloomberg.com,2,0.807651
1734,bloomberg.com,2,0.760154
1735,bloomberg.com,2,0.760154
1738,bloomberg.com,2,0.898569
1740,bloomberg.com,2,0.852603
1741,bloomberg.com,2,0.852603
1743,bloomberg.com,2,0.801127
1744,bloomberg.com,2,0.850042
1745,bloomberg.com,2,0.787399
1746,bloomberg.com,2,0.837550
1747,bloomberg.com,2,0.814522
1748,bloomberg.com,2,0.758690
1752,bloomberg.com,2,0.774207
1753,bloomberg.com,2,0.833850
1754,bloomberg.com,2,0.873911
1763,bloomberg.com,2,0.829533
1769,bostonglobe.com,2,0.841554
1771,bostonglobe.com,2,0.756078
1774,bostonglobe.com,2,0.841979
1778,bostonglobe.com,2,0.837193
1781,bostonglobe.com,2,0.777517
1783,bostonglobe.com,2,0.738518
1784,bostonglobe.com,2,0.824580
1791,bostonglobe.com,2,0.807878
1793,bostonglobe.com,2,0.822670
1794,bostonglobe.com,2,0.870478
1795,bostonglobe.com,2,0.828690
1796,bostonglobe.com,2,0.757896
1798,bostonglobe.com,2,0.853736
1799,bostonglobe.com,2,0.793233
1803,bostonglobe.com,2,0.806049
1805,bostonglobe.com,2,0.782355
1806,bostonglobe.com,2,0.845277
1807,bostonglobe.com,2,0.774743
1808,bostonglobe.com,2,0.773561
1811,bostonglobe.com,2,0.834776
1821,bostonglobe.com,2,0.745390
1824,bostonherald.com,2,0.817674
1830,bostonherald.com,2,0.866867
1834,bostonherald.com,2,0.857531
1839,bostonherald.com,2,0.747455
1843,breitbart.com,2,0.821961
1848,breitbart.com,2,0.865545
1849,breitbart.com,2,0.872347
1851,breitbart.com,2,0.797912
1853,breitbart.com,2,0.839891
1854,breitbart.com,2,0.865710
1855,breitbart.com,2,0.822999
1856,breitbart.com,2,0.859415
1859,breitbart.com,2,0.827158
1862,breitbart.com,2,0.784149
1863,breitbart.com,2,0.813513
1865,breitbart.com,2,0.865701
1867,breitbart.com,2,0.856464
1869,breitbart.com,2,0.825072
1870,breitbart.com,2,0.845237
1875,breitbart.com,2,0.864695
1877,breitbart.com,2,0.810447
1878,breitbart.com,2,0.808382
1879,breitbart.com,2,0.799638
1880,breitbart.com,2,0.829559
1885,breitbart.com,2,0.801379
1887,breitbart.com,2,0.802612
1889,breitbart.com,2,0.809473
1891,breitbart.com,2,0.824157
1894,breitbart.com,2,0.820016
1895,breitbart.com,2,0.830048
1896,breitbart.com,2,0.825436
1900,breitbart.com,2,0.754922
1901,breitbart.com,2,0.769264
1904,breitbart.com,2,0.839669
1908,breitbart.com,2,0.828272
1911,breitbart.com,2,0.821279
1919,breitbart.com,2,0.815570
1920,breitbart.com,2,0.777707
1921,breitbart.com,2,0.801078
1926,breitbart.com,2,0.790175
1927,breitbart.com,2,0.800654
1929,breitbart.com,2,0.801269
1930,breitbart.com,2,0.772223
1931,breitbart.com,2,0.795655
1932,breitbart.com,2,0.845895
1933,breitbart.com,2,0.840083
1937,breitbart.com,2,0.855228
1938,breitbart.com,2,0.753788
1943,breitbart.com,2,0.862190
1945,breitbart.com,2,0.908814
1946,breitbart.com,2,0.872452
1951,breitbart.com,2,0.813428
1952,breitbart.com,2,0.850539
1953,breitbart.com,2,0.846160
1954,breitbart.com,2,0.848281
1955,breitbart.com,2,0.757472
1956,breitbart.com,2,0.823269
1960,breitbart.com,2,0.774952
1961,breitbart.com,2,0.803193
1962,breitbart.com,2,0.815500
1963,breitbart.com,2,0.807791
1964,breitbart.com,2,0.854251
1965,breitbart.com,2,0.810220
1966,breitbart.com,2,0.838693
1967,breitbart.com,2,0.798552
1968,breitbart.com,2,0.827313
1969,breitbart.com,2,0.838621
1970,breitbart.com,2,0.769469
1971,breitbart.com,2,0.851046
1972,breitbart.com,2,0.868244
1973,breitbart.com,2,0.813162
1974,breitbart.com,2,0.817457
1975,breitbart.com,2,0.832173
1976,breitbart.com,2,0.831664
1977,breitbart.com,2,0.805534
1978,breitbart.com,2,0.868543
1979,breitbart.com,2,0.843026
1980,breitbart.com,2,0.782033
1984,breitbart.com,2,0.852783
1987,breitbart.com,2,0.869611
1989,breitbart.com,2,0.812052
1990,breitbart.com,2,0.818906
1991,breitbart.com,2,0.857213
1993,breitbart.com,2,0.847581
2006,breitbart.com,2,0.824798
2007,breitbart.com,2,0.869718
2008,breitbart.com,2,0.839345
2009,breitbart.com,2,0.794690
2011,breitbart.com,2,0.886339
2012,breitbart.com,2,0.821331
2015,breitbart.com,2,0.723074
2016,breitbart.com,2,0.863110
2020,breitbart.com,2,0.873318
2022,breitbart.com,2,0.810162
2023,breitbart.com,2,0.730820
2024,breitbart.com,2,0.769057
2025,breitbart.com,2,0.856800
2027,breitbart.com,2,0.869142
2028,breitbart.com,2,0.827212
2033,breitbart.com,2,0.879828
2034,breitbart.com,2,0.862683
2035,breitbart.com,2,0.875960
2036,breitbart.com,2,0.891007
2037,breitbart.com,2,0.881218
2038,breitbart.com,2,0.842768
2039,breitbart.com,2,0.850176
2040,breitbart.com,2,0.888639
2041,breitbart.com,2,0.913494
2042,breitbart.com,2,0.847780
2043,breitbart.com,2,0.819771
2044,breitbart.com,2,0.819771
2045,breitbart.com,2,0.803062
2046,breitbart.com,2,0.871994
2047,breitbart.com,2,0.885647
2053,breitbart.com,2,0.868707
2054,breitbart.com,2,0.816190
2055,breitbart.com,2,0.812499
2064,breitbart.com,2,0.879629
2070,breitbart.com,2,0.864564
2071,breitbart.com,2,0.845606
2073,breitbart.com,2,0.830412
2074,breitbart.com,2,0.822931
2075,breitbart.com,2,0.872523
2076,breitbart.com,2,0.832840
2079,breitbart.com,2,0.855939
2081,breitbart.com,2,0.848905
2084,breitbart.com,2,0.860841
2085,breitbart.com,2,0.854307
2095,breitbart.com,2,0.899375
2098,breitbart.com,2,0.822267
2099,breitbart.com,2,0.747645
2100,breitbart.com,2,0.835378
2102,breitbart.com,2,0.827355
2105,breitbart.com,2,0.850898
2106,breitbart.com,2,0.842034
2107,breitbart.com,2,0.804458
2109,breitbart.com,2,0.853691
2111,breitbart.com,2,0.774944
2113,breitbart.com,2,0.759512
2118,breitbart.com,2,0.883555
2119,breitbart.com,2,0.886277
2123,breitbart.com,2,0.792490
2125,breitbart.com,2,0.832076
2128,breitbart.com,2,0.852587
2131,breitbart.com,2,0.836756
2132,breitbart.com,2,0.809840
2136,breitbart.com,2,0.887195
2137,breitbart.com,2,0.829562
2138,breitbart.com,2,0.786279
2141,breitbart.com,2,0.856676
2143,breitbart.com,2,0.827906
2147,breitbart.com,2,0.818758
2150,breitbart.com,2,0.816011
2152,breitbart.com,2,0.823268
2153,breitbart.com,2,0.839600
2156,breitbart.com,2,0.830169
2157,breitbart.com,2,0.853240
2158,breitbart.com,2,0.868527
2161,breitbart.com,2,0.838347
2162,breitbart.com,2,0.867291
2163,breitbart.com,2,0.848667
2165,breitbart.com,2,0.839703
2166,breitbart.com,2,0.836011
2167,breitbart.com,2,0.859578
2168,breitbart.com,2,0.863341
2169,breitbart.com,2,0.818354
2170,breitbart.com,2,0.803990
2171,breitbart.com,2,0.789358
2172,breitbart.com,2,0.842956
2173,breitbart.com,2,0.827131
2174,breitbart.com,2,0.789405
2175,breitbart.com,2,0.809570
2180,breitbart.com,2,0.795649
2183,breitbart.com,2,0.830372
2185,breitbart.com,2,0.782604
2192,breitbart.com,2,0.819064
2195,breitbart.com,2,0.834711
2197,breitbart.com,2,0.889047
2202,breitbart.com,2,0.847161
2204,breitbart.com,2,0.852661
2205,breitbart.com,2,0.863291
2206,breitbart.com,2,0.863788
2213,breitbart.com,2,0.819270
2217,breitbart.com,2,0.865569
2220,breitbart.com,2,0.887646
2223,breitbart.com,2,0.843271
2225,breitbart.com,2,0.849719
2227,breitbart.com,2,0.779713
2228,breitbart.com,2,0.837189
2229,breitbart.com,2,0.832264
2230,breitbart.com,2,0.876263
2234,breitbart.com,2,0.872856
2235,breitbart.com,2,0.819231
2237,breitbart.com,2,0.847616
2240,breitbart.com,2,0.775425
2241,breitbart.com,2,0.812081
2242,breitbart.com,2,0.783970
2243,breitbart.com,2,0.831305
2246,breitbart.com,2,0.805112
2251,breitbart.com,2,0.803633
2252,breitbart.com,2,0.794112
2253,breitbart.com,2,0.847488
2255,breitbart.com,2,0.802392
2256,breitbart.com,2,0.803200
2257,breitbart.com,2,0.831695
2258,breitbart.com,2,0.820390
2259,breitbart.com,2,0.792238
2260,breitbart.com,2,0.774409
2261,breitbart.com,2,0.805908
2262,breitbart.com,2,0.850873
2263,breitbart.com,2,0.766723
2264,breitbart.com,2,0.825716
2265,breitbart.com,2,0.815881
2266,breitbart.com,2,0.778697
2267,breitbart.com,2,0.812730
2268,breitbart.com,2,0.795758
2269,breitbart.com,2,0.809358
2270,breitbart.com,2,0.763015
2271,breitbart.com,2,0.761689
2275,breitbart.com,2,0.773872
2276,breitbart.com,2,0.781284
2277,breitbart.com,2,0.801024
2281,breitbart.com,2,0.833875
2282,breitbart.com,2,0.867340
2283,breitbart.com,2,0.880485
2284,breitbart.com,2,0.791761
2285,breitbart.com,2,0.870387
2286,breitbart.com,2,0.773695
2287,breitbart.com,2,0.850317
2288,breitbart.com,2,0.804838
2289,breitbart.com,2,0.824239
2293,breitbart.com,2,0.857557
2299,breitbart.com,2,0.883951
2300,breitbart.com,2,0.878514
2301,breitbart.com,2,0.848240
2302,breitbart.com,2,0.834564
2313,breitbart.com,2,0.850164
2315,breitbart.com,2,0.815924
2317,breitbart.com,2,0.819116
2319,breitbart.com,2,0.819643
2323,breitbart.com,2,0.880005
2324,breitbart.com,2,0.828858
2325,breitbart.com,2,0.856574
2326,breitbart.com,2,0.750183
2331,breitbart.com,2,0.826117
2332,breitbart.com,2,0.777952
2333,breitbart.com,2,0.830585
2334,breitbart.com,2,0.796326
2335,breitbart.com,2,0.859828
2336,breitbart.com,2,0.838152
2338,breitbart.com,2,0.863210
2340,breitbart.com,2,0.800833
2341,breitbart.com,2,0.853156
2342,breitbart.com,2,0.828640
2343,breitbart.com,2,0.832212
2345,breitbart.com,2,0.846230
2347,breitbart.com,2,0.779965
2351,breitbart.com,2,0.899053
2352,breitbart.com,2,0.847898
2354,breitbart.com,2,0.900077
2359,breitbart.com,2,0.839966
2362,breitbart.com,2,0.850718
2366,breitbart.com,2,0.804710
2368,breitbart.com,2,0.850755
2376,breitbart.com,2,0.857625
2378,breitbart.com,2,0.812907
2379,breitbart.com,2,0.870938
2381,breitbart.com,2,0.787890
2382,breitbart.com,2,0.848838
2383,breitbart.com,2,0.784226
2384,breitbart.com,2,0.812705
2385,breitbart.com,2,0.848982
2387,breitbart.com,2,0.830774
2389,breitbart.com,2,0.737141
2393,breitbart.com,2,0.846929
2398,breitbart.com,2,0.878953
2399,breitbart.com,2,0.825217
2401,breitbart.com,2,0.820490
2403,breitbart.com,2,0.869699
2404,breitbart.com,2,0.851395
2407,breitbart.com,2,0.834032
2413,breitbart.com,2,0.845732
2416,breitbart.com,2,0.864137
2417,breitbart.com,2,0.861023
2418,breitbart.com,2,0.823309
2421,breitbart.com,2,0.815950
2432,breitbart.com,2,0.825181
2436,breitbart.com,2,0.823511
2438,breitbart.com,2,0.854947
2447,breitbart.com,2,0.823590
2448,breitbart.com,2,0.808145
2454,breitbart.com,2,0.786691
2456,breitbart.com,2,0.826586
2459,breitbart.com,2,0.829288
2460,breitbart.com,2,0.842393
2464,breitbart.com,2,0.743134
2469,breitbart.com,2,0.807291
2479,breitbart.com,2,0.806820
2483,breitbart.com,2,0.842838
2484,breitbart.com,2,0.834499
2486,breitbart.com,2,0.855334
2489,breitbart.com,2,0.846352
2492,breitbart.com,2,0.835402
2493,breitbart.com,2,0.822893
2494,breitbart.com,2,0.847992
2497,breitbart.com,2,0.853904
2498,breitbart.com,2,0.876268
2501,breitbart.com,2,0.889907
2504,breitbart.com,2,0.901208
2506,breitbart.com,2,0.855934
2512,breitbart.com,2,0.808923
2513,breitbart.com,2,0.841665
2514,breitbart.com,2,0.825822
2515,breitbart.com,2,0.845046
2516,breitbart.com,2,0.831208
2521,breitbart.com,2,0.753874
2522,breitbart.com,2,0.811967
2527,breitbart.com,2,0.802129
2530,breitbart.com,2,0.792577
2539,breitbart.com,2,0.834803
2541,breitbart.com,2,0.824370
2544,breitbart.com,2,0.842413
2545,breitbart.com,2,0.891534
2546,breitbart.com,2,0.820368
2549,breitbart.com,2,0.869030
2550,breitbart.com,2,0.868749
2557,breitbart.com,2,0.814254
2558,breitbart.com,2,0.813356
2559,breitbart.com,2,0.831804
2562,breitbart.com,2,0.827561
2571,breitbart.com,2,0.869925
2575,breitbart.com,2,0.811820
2579,breitbart.com,2,0.839194
2582,breitbart.com,2,0.812080
2586,breitbart.com,2,0.816075
2588,breitbart.com,2,0.868484
2601,breitbart.com,2,0.877736
2604,breitbart.com,2,0.865694
2605,breitbart.com,2,0.821999
2609,breitbart.com,2,0.812319
2611,breitbart.com,2,0.866735
2612,breitbart.com,2,0.825156
2613,breitbart.com,2,0.816145
2614,breitbart.com,2,0.853547
2618,breitbart.com,2,0.836623
2620,breitbart.com,2,0.849735
2621,breitbart.com,2,0.898947
2622,breitbart.com,2,0.789154
2623,breitbart.com,2,0.852301
2624,breitbart.com,2,0.794033
2625,breitbart.com,2,0.822114
2626,breitbart.com,2,0.767246
2632,breitbart.com,2,0.809007
2634,breitbart.com,2,0.869492
2636,breitbart.com,2,0.878158
2637,breitbart.com,2,0.869911
2638,breitbart.com,2,0.824893
2639,breitbart.com,2,0.874154
2640,breitbart.com,2,0.830874
2642,breitbart.com,2,0.845053
2643,breitbart.com,2,0.830846
2648,breitbart.com,2,0.805454
2650,breitbart.com,2,0.816916
2665,breitbart.com,2,0.834067
2667,breitbart.com,2,0.852017
2668,breitbart.com,2,0.851501
2671,breitbart.com,2,0.782608
2676,breitbart.com,2,0.850686
2677,breitbart.com,2,0.905175
2679,breitbart.com,2,0.852991
2680,breitbart.com,2,0.842011
2685,breitbart.com,2,0.817324
2689,breitbart.com,2,0.845975
2690,breitbart.com,2,0.792606
2691,breitbart.com,2,0.847325
2693,breitbart.com,2,0.826332
2694,breitbart.com,2,0.821314
2698,breitbart.com,2,0.866646
2699,breitbart.com,2,0.869906
2700,breitbart.com,2,0.831427
2703,breitbart.com,2,0.778611
2708,breitbart.com,2,0.792933
2712,breitbart.com,2,0.783217
2715,breitbart.com,2,0.820864
2717,breitbart.com,2,0.752416
2718,breitbart.com,2,0.851100
2719,breitbart.com,2,0.794849
2724,breitbart.com,2,0.859960
2725,breitbart.com,2,0.860599
2726,breitbart.com,2,0.850845
2727,breitbart.com,2,0.848478
2728,breitbart.com,2,0.876922
2730,breitbart.com,2,0.876482
2731,breitbart.com,2,0.884333
2733,breitbart.com,2,0.870729
2739,breitbart.com,2,0.799995
2742,breitbart.com,2,0.862052
2744,breitbart.com,2,0.851302
2745,breitbart.com,2,0.824183
2746,breitbart.com,2,0.871826
2747,breitbart.com,2,0.847001
2748,breitbart.com,2,0.870351
2750,breitbart.com,2,0.849461
2751,breitbart.com,2,0.872610
2752,breitbart.com,2,0.868773
2757,breitbart.com,2,0.803457
2759,breitbart.com,2,0.850243
2761,breitbart.com,2,0.802340
2762,breitbart.com,2,0.853413
2764,breitbart.com,2,0.861260
2769,breitbart.com,2,0.852022
2770,breitbart.com,2,0.874470
2771,breitbart.com,2,0.823441
2772,breitbart.com,2,0.787930
2774,breitbart.com,2,0.830237
2775,breitbart.com,2,0.810914
2780,breitbart.com,2,0.808722
2782,breitbart.com,2,0.868647
2786,breitbart.com,2,0.824665
2787,breitbart.com,2,0.825805
2791,breitbart.com,2,0.818032
2798,breitbart.com,2,0.824981
2799,breitbart.com,2,0.855785
2801,breitbart.com,2,0.827339
2803,breitbart.com,2,0.827307
2804,breitbart.com,2,0.840403
2806,breitbart.com,2,0.797430
2807,breitbart.com,2,0.786617
2808,breitbart.com,2,0.837512
2809,breitbart.com,2,0.821950
2817,breitbart.com,2,0.868494
2824,breitbart.com,2,0.801589
2829,breitbart.com,2,0.825867
2831,breitbart.com,2,0.857525
2832,breitbart.com,2,0.823255
2833,breitbart.com,2,0.793952
2835,breitbart.com,2,0.894287
2836,breitbart.com,2,0.805731
2837,breitbart.com,2,0.817194
2839,breitbart.com,2,0.823767
2840,breitbart.com,2,0.841081
2841,breitbart.com,2,0.772834
2843,breitbart.com,2,0.794886
2844,breitbart.com,2,0.814560
2845,breitbart.com,2,0.867097
2846,breitbart.com,2,0.841313
2847,breitbart.com,2,0.840034
2852,breitbart.com,2,0.864733
2854,breitbart.com,2,0.769532
2855,breitbart.com,2,0.764534
2856,breitbart.com,2,0.725780
2857,breitbart.com,2,0.763133
2858,breitbart.com,2,0.770102
2859,breitbart.com,2,0.817335
2860,breitbart.com,2,0.771838
2863,breitbart.com,2,0.838340
2864,breitbart.com,2,0.873041
2865,breitbart.com,2,0.866480
2869,breitbart.com,2,0.812093
2875,breitbart.com,2,0.834820
2881,breitbart.com,2,0.841915
2886,breitbart.com,2,0.837191
2887,breitbart.com,2,0.838269
2888,breitbart.com,2,0.853835
2889,breitbart.com,2,0.821333
2890,breitbart.com,2,0.814168
2892,breitbart.com,2,0.804888
2893,breitbart.com,2,0.828610
2894,breitbart.com,2,0.809935
2895,breitbart.com,2,0.776565
2898,breitbart.com,2,0.836988
2903,breitbart.com,2,0.808750
2904,breitbart.com,2,0.817141
2912,breitbart.com,2,0.869737
2914,breitbart.com,2,0.798574
2916,breitbart.com,2,0.860682
2917,breitbart.com,2,0.875071
2919,breitbart.com,2,0.795067
2920,breitbart.com,2,0.851784
2934,breitbart.com,2,0.844289
2937,breitbart.com,2,0.840049
2939,breitbart.com,2,0.835221
2941,breitbart.com,2,0.846705
2942,breitbart.com,2,0.829486
2948,breitbart.com,2,0.801382
2949,breitbart.com,2,0.897653
2951,breitbart.com,2,0.836466
2952,breitbart.com,2,0.800867
2967,breitbart.com,2,0.884161
2968,breitbart.com,2,0.887103
2971,breitbart.com,2,0.848285
2972,breitbart.com,2,0.859943
2975,breitbart.com,2,0.782807
2976,breitbart.com,2,0.868330
2980,breitbart.com,2,0.846968
2982,breitbart.com,2,0.836908
2986,breitbart.com,2,0.810247
2990,breitbart.com,2,0.854437
2992,breitbart.com,2,0.821156
2993,breitbart.com,2,0.787881
2995,breitbart.com,2,0.859090
3000,breitbart.com,2,0.810560
3002,breitbart.com,2,0.839791
3005,breitbart.com,2,0.811796
3009,breitbart.com,2,0.834151
3013,breitbart.com,2,0.798539
3014,breitbart.com,2,0.774377
3015,breitbart.com,2,0.846891
3016,breitbart.com,2,0.847476
3018,breitbart.com,2,0.796799
3019,breitbart.com,2,0.812860
3020,breitbart.com,2,0.832506
3022,breitbart.com,2,0.822186
3023,breitbart.com,2,0.753260
3024,breitbart.com,2,0.877761
3025,breitbart.com,2,0.843866
3031,breitbart.com,2,0.828683
3036,breitbart.com,2,0.839848
3038,breitbart.com,2,0.860636
3039,breitbart.com,2,0.820843
3040,breitbart.com,2,0.765217
3041,breitbart.com,2,0.851160
3042,breitbart.com,2,0.842809
3043,breitbart.com,2,0.824740
3049,breitbart.com,2,0.829482
3051,breitbart.com,2,0.883632
3053,breitbart.com,2,0.829822
3056,breitbart.com,2,0.839010
3059,breitbart.com,2,0.759248
3060,breitbart.com,2,0.831148
3062,breitbart.com,2,0.839180
3064,breitbart.com,2,0.806456
3065,breitbart.com,2,0.845658
3066,breitbart.com,2,0.853871
3067,breitbart.com,2,0.811564
3073,breitbart.com,2,0.845182
3074,breitbart.com,2,0.858176
3077,breitbart.com,2,0.853578
3078,breitbart.com,2,0.761464
3079,breitbart.com,2,0.796465
3080,breitbart.com,2,0.829792
3081,breitbart.com,2,0.812671
3082,breitbart.com,2,0.775804
3086,breitbart.com,2,0.846572
3093,breitbart.com,2,0.833623
3099,breitbart.com,2,0.849524
3100,breitbart.com,2,0.872243
3101,breitbart.com,2,0.864911
3102,breitbart.com,2,0.902030
3106,breitbart.com,2,0.894980
3118,breitbart.com,2,0.848785
3119,breitbart.com,2,0.815208
3122,breitbart.com,2,0.844429
3124,breitbart.com,2,0.786539
3135,breitbart.com,2,0.821793
3136,breitbart.com,2,0.825062
3137,breitbart.com,2,0.747822
3139,breitbart.com,2,0.757799
3140,breitbart.com,2,0.880376
3142,breitbart.com,2,0.794134
3144,breitbart.com,2,0.835087
3145,breitbart.com,2,0.828628
3146,breitbart.com,2,0.787151
3147,breitbart.com,2,0.795729
3148,breitbart.com,2,0.813711
3150,breitbart.com,2,0.788849
3151,breitbart.com,2,0.798134
3155,breitbart.com,2,0.792743
3156,breitbart.com,2,0.793776
3158,breitbart.com,2,0.834326
3160,breitbart.com,2,0.803442
3161,breitbart.com,2,0.797497
3162,breitbart.com,2,0.810944
3169,breitbart.com,2,0.789718
3170,breitbart.com,2,0.770425
3171,breitbart.com,2,0.808624
3172,breitbart.com,2,0.823870
3173,breitbart.com,2,0.853347
3174,breitbart.com,2,0.735222
3178,breitbart.com,2,0.844550
3180,breitbart.com,2,0.760941
3181,breitbart.com,2,0.813874
3182,breitbart.com,2,0.808038
3183,breitbart.com,2,0.824522
3184,breitbart.com,2,0.798329
3185,breitbart.com,2,0.811554
3186,breitbart.com,2,0.768118
3187,breitbart.com,2,0.744475
3190,breitbart.com,2,0.823602
3196,breitbart.com,2,0.848585
3198,breitbart.com,2,0.870946
3199,breitbart.com,2,0.835619
3201,breitbart.com,2,0.847797
3202,breitbart.com,2,0.839178
3205,breitbart.com,2,0.859059
3208,breitbart.com,2,0.873127
3209,breitbart.com,2,0.858848
3215,breitbart.com,2,0.825095
3216,breitbart.com,2,0.899738
3218,breitbart.com,2,0.785866
3222,breitbart.com,2,0.811220
3227,breitbart.com,2,0.833029
3229,breitbart.com,2,0.892801
3230,breitbart.com,2,0.882068
3231,breitbart.com,2,0.887549
3233,breitbart.com,2,0.903158
3234,breitbart.com,2,0.873031
3235,breitbart.com,2,0.886739
3237,breitbart.com,2,0.882942
3241,breitbart.com,2,0.846851
3243,breitbart.com,2,0.843483
3244,breitbart.com,2,0.812735
3245,breitbart.com,2,0.833869
3247,breitbart.com,2,0.839371
3248,breitbart.com,2,0.830361
3249,breitbart.com,2,0.805630
3250,breitbart.com,2,0.790149
3256,breitbart.com,2,0.861341
3257,breitbart.com,2,0.861597
3263,breitbart.com,2,0.847049
3264,breitbart.com,2,0.860291
3265,breitbart.com,2,0.844137
3268,breitbart.com,2,0.841115
3270,breitbart.com,2,0.846106
3275,breitbart.com,2,0.787680
3276,breitbart.com,2,0.885194
3277,breitbart.com,2,0.846832
3278,breitbart.com,2,0.821684
3279,breitbart.com,2,0.809277
3281,breitbart.com,2,0.822753
3283,breitbart.com,2,0.840089
3284,breitbart.com,2,0.849147
3285,breitbart.com,2,0.832473
3286,breitbart.com,2,0.825064
3288,breitbart.com,2,0.841726
3289,breitbart.com,2,0.819640
3290,breitbart.com,2,0.792865
3298,breitbart.com,2,0.829503
3299,breitbart.com,2,0.809306
3302,breitbart.com,2,0.823499
3305,breitbart.com,2,0.742827
3310,breitbart.com,2,0.738205
3321,breitbart.com,2,0.841917
3323,breitbart.com,2,0.812774
3325,breitbart.com,2,0.880706
3331,breitbart.com,2,0.879340
3332,breitbart.com,2,0.862580
3334,breitbart.com,2,0.873964
3335,breitbart.com,2,0.891981
3337,breitbart.com,2,0.777640
3338,breitbart.com,2,0.774827
3342,breitbart.com,2,0.874804
3344,breitbart.com,2,0.805441
3345,breitbart.com,2,0.875557
3347,breitbart.com,2,0.778073
3350,breitbart.com,2,0.813709
3353,breitbart.com,2,0.864209
3357,breitbart.com,2,0.796582
3363,breitbart.com,2,0.849009
3364,breitbart.com,2,0.838392
3372,breitbart.com,2,0.842451
3376,breitbart.com,2,0.844344
3377,breitbart.com,2,0.771608
3378,breitbart.com,2,0.745930
3380,breitbart.com,2,0.856040
3382,breitbart.com,2,0.831514
3383,breitbart.com,2,0.820850
3385,breitbart.com,2,0.865806
3386,breitbart.com,2,0.833485
3387,breitbart.com,2,0.867428
3388,breitbart.com,2,0.860666
3389,breitbart.com,2,0.800360
3390,breitbart.com,2,0.819763
3391,breitbart.com,2,0.776761
3392,breitbart.com,2,0.819815
3393,breitbart.com,2,0.852282
3394,breitbart.com,2,0.845726
3395,breitbart.com,2,0.870012
3396,breitbart.com,2,0.825177
3397,breitbart.com,2,0.843400
3399,breitbart.com,2,0.834482
3400,breitbart.com,2,0.832849
3403,breitbart.com,2,0.768567
3404,breitbart.com,2,0.830214
3408,breitbart.com,2,0.795353
3410,breitbart.com,2,0.833750
3413,breitbart.com,2,0.791911
3415,breitbart.com,2,0.791382
3417,breitbart.com,2,0.806957
3421,breitbart.com,2,0.820544
3426,breitbart.com,2,0.843395
3427,breitbart.com,2,0.813338
3428,breitbart.com,2,0.812431
3429,breitbart.com,2,0.804213
3433,breitbart.com,2,0.887938
3435,breitbart.com,2,0.866086
3436,breitbart.com,2,0.880001
3440,brennancenter.org,2,0.762783
3441,brennancenter.org,2,0.791640
3442,brennancenter.org,2,0.863793
3447,brennancenter.org,2,0.764253
3448,brennancenter.org,2,0.786356
3450,brennancenter.org,2,0.877210
3451,brennancenter.org,2,0.792159
3454,brennancenter.org,2,0.807141
3455,brennancenter.org,2,0.806863
3456,brennancenter.org,2,0.834984
3457,broadbandbreakfast.com,2,0.916540
3459,broadbandbreakfast.com,2,0.817974
3464,broadbandbreakfast.com,2,0.869411
3465,broadbandbreakfast.com,2,0.835393
3470,brownfieldagnews.com,2,0.799514
3473,brownfieldagnews.com,2,0.884825
3474,brownfieldagnews.com,2,0.856945
3475,brownfieldagnews.com,2,0.817213
3477,brownfieldagnews.com,2,0.813227
3478,businessinsider.com,2,0.779983
3479,businessinsider.com,2,0.776079
3481,businessinsider.com,2,0.866728
3482,businessinsider.com,2,0.831319
3483,businessinsider.com,2,0.770799
3485,businessinsider.com,2,0.739430
3486,businessinsider.com,2,0.854433
3488,businessinsider.com,2,0.784678
3489,businessinsider.com,2,0.815220
3490,c-span.org,2,0.828271
3492,c-span.org,2,0.866998
3493,c-span.org,2,0.838694
3497,c-span.org,2,0.877185
3498,c-span.org,2,0.807846
3499,c-span.org,2,0.807846
3504,c-span.org,2,0.842136
3505,c-span.org,2,0.835048
3506,c-span.org,2,0.826469
3507,c-span.org,2,0.807930
3508,c-span.org,2,0.853684
3509,c-span.org,2,0.868033
3510,c-span.org,2,0.888351
3511,c-span.org,2,0.816896
3512,c-span.org,2,0.783592
3513,c-span.org,2,0.863500
3514,c-span.org,2,0.796314
3515,c-span.org,2,0.839382
3516,c-span.org,2,0.839382
3517,c-span.org,2,0.781961
3519,c-span.org,2,0.825592
3522,c-span.org,2,0.763105
3524,c-span.org,2,0.872071
3525,c-span.org,2,0.872071
3526,c-span.org,2,0.864021
3527,c-span.org,2,0.871951
3530,c-span.org,2,0.806807
3531,c-span.org,2,0.836591
3533,c-span.org,2,0.856098
3536,c-span.org,2,0.831783
3537,c-span.org,2,0.810861
3538,c-span.org,2,0.810861
3539,c-span.org,2,0.810861
3540,c-span.org,2,0.810861
3541,c-span.org,2,0.810861
3542,c-span.org,2,0.810861
3543,c-span.org,2,0.810861
3544,c-span.org,2,0.810861
3545,c-span.org,2,0.796147
3555,c-span.org,2,0.820169
3556,c-span.org,2,0.820169
3557,c-span.org,2,0.839117
3558,c-span.org,2,0.839117
3559,c-span.org,2,0.835831
3560,c-span.org,2,0.822230
3561,c-span.org,2,0.822230
3562,c-span.org,2,0.796109
3563,c-span.org,2,0.796109
3566,calmatters.org,2,0.834358
3567,calmatters.org,2,0.804608
3568,calmatters.org,2,0.770544
3569,calmatters.org,2,0.844437
3570,calmatters.org,2,0.862392
3571,calmatters.org,2,0.808384
3572,calmatters.org,2,0.780503
3573,calmatters.org,2,0.831551
3575,calmatters.org,2,0.760305
3576,calmatters.org,2,0.814355
3577,calmatters.org,2,0.888444
3578,calmatters.org,2,0.784070
3579,calmatters.org,2,0.798648
3580,calmatters.org,2,0.847155
3581,calmatters.org,2,0.856364
3583,capcity.news,2,0.850280
3584,capcity.news,2,0.806530
3585,capcity.news,2,0.806530
3586,capcity.news,2,0.825745
3587,capcity.news,2,0.851066
3588,capcity.news,2,0.834888
3589,capcity.news,2,0.854522
3590,capcity.news,2,0.831822
3591,capcity.news,2,0.799452
3592,capcity.news,2,0.807979
3593,capcity.news,2,0.855973
3594,capcity.news,2,0.812696
3595,capcity.news,2,0.853008
3596,capcity.news,2,0.837729
3597,capcity.news,2,0.796774
3598,capcity.news,2,0.830993
3599,capcity.news,2,0.846174
3600,capcity.news,2,0.831912
3601,capcity.news,2,0.801587
3602,capcity.news,2,0.854252
3603,capcity.news,2,0.823127
3604,capcity.news,2,0.798184
3605,capcity.news,2,0.827349
3606,capcity.news,2,0.838409
3607,capcity.news,2,0.801104
3608,capcity.news,2,0.842411
3609,capcity.news,2,0.804548
3610,capcity.news,2,0.848444
3611,capcity.news,2,0.806598
3612,capcity.news,2,0.832322
3617,capitalgazette.com,2,0.853753
3620,capitalgazette.com,2,0.849835
3626,capito.senate.gov,2,0.796176
3627,capito.senate.gov,2,0.838456
3633,carolinajournal.com,2,0.859735
3641,carolinajournal.com,2,0.838758
3645,carolinajournal.com,2,0.830486
3646,carolinajournal.com,2,0.835304
3652,cato.org,2,0.766873
3653,cato.org,2,0.780537
3659,cato.org,2,0.796246
3670,cbc.ca,2,0.799839
3673,cbc.ca,2,0.814791
3678,cbs17.com,2,0.865787
3679,cbs17.com,2,0.803156
3680,cbs17.com,2,0.837656
3682,cbs19.tv,2,0.792556
3685,cbs19.tv,2,0.821647
3686,cbs19.tv,2,0.809667
3689,cbs19.tv,2,0.793921
3690,cbs19.tv,2,0.801156
3691,cbs8.com,2,0.801544
3695,cbs8.com,2,0.805895
3698,cbs8.com,2,0.744013
3699,cbsnews.com,2,0.763121
3705,cbsnews.com,2,0.819396
3706,cbsnews.com,2,0.827322
3711,cbsnews.com,2,0.858613
3721,cbsnews.com,2,0.937663
3725,cbsnews.com,2,0.869744
3726,cbsnews.com,2,0.935897
3727,cbsnews.com,2,0.935897
3741,cbsnews.com,2,0.938493
3745,cbsnews.com,2,0.870732
3746,cbsnews.com,2,0.870732
3757,cbsnews.com,2,0.936849
3761,cbsnews.com,2,0.871193
3762,cbsnews.com,2,0.936689
3774,cbsnews.com,2,0.938310
3778,cbsnews.com,2,0.862811
3780,cbsnews.com,2,0.803430
3784,cbsnews.com,2,0.880300
3785,cbsnews.com,2,0.817839
3786,cbsnews.com,2,0.824152
3789,cbsnews.com,2,0.854091
3790,cbsnews.com,2,0.780264
3792,cbsnews.com,2,0.838808
3793,cbsnews.com,2,0.809621
3797,cbsnews.com,2,0.793262
3799,cbsnews.com,2,0.793925
3803,cbsnews.com,2,0.846524
3804,cbsnews.com,2,0.841015
3806,cbsnews.com,2,0.838231
3807,cbsnews.com,2,0.861644
3809,cbsnews.com,2,0.837921
3810,cbsnews.com,2,0.754398
3811,cbsnews.com,2,0.875245
3812,cbsnews.com,2,0.875245
3813,cbsnews.com,2,0.892074
3814,cbsnews.com,2,0.875142
3816,cbsnews.com,2,0.839383
3817,cbsnews.com,2,0.789301
3818,cbsnews.com,2,0.797421
3819,cbsnews.com,2,0.790476
3820,cbsnews.com,2,0.795600
3821,cbsnews.com,2,0.868955
3822,cbsnews.com,2,0.784473
3824,cbsnews.com,2,0.793353
3826,cbsnews.com,2,0.765229
3827,cbsnews.com,2,0.803345
3828,cbsnews.com,2,0.803345
3829,cbsnews.com,2,0.794759
3831,cbsnews.com,2,0.747609
3832,cbsnews.com,2,0.780337
3833,cbsnews.com,2,0.742213
3834,cbsnews.com,2,0.762245
3836,cbsnews.com,2,0.739147
3837,cbsnews.com,2,0.768279
3838,cbsnews.com,2,0.773046
3839,cbsnews.com,2,0.777317
3840,cbsnews.com,2,0.807866
3841,cbsnews.com,2,0.838882
3842,cbsnews.com,2,0.847381
3843,cbsnews.com,2,0.826806
3845,cbsnews.com,2,0.826503
3847,cbsnews.com,2,0.817280
3851,cbsnews.com,2,0.863639
3853,cbsnews.com,2,0.842603
3854,cbsnews.com,2,0.856251
3858,cbsnews.com,2,0.832442
3859,cbsnews.com,2,0.785554
3860,cbsnews.com,2,0.812849
3862,cbsnews.com,2,0.798954
3863,cbsnews.com,2,0.812695
3868,cbsnews.com,2,0.819886
3869,cbsnews.com,2,0.862983
3870,cbsnews.com,2,0.864007
3871,cbsnews.com,2,0.855153
3872,cbsnews.com,2,0.792187
3875,cbsnews.com,2,0.810232
3877,cbsnews.com,2,0.816748
3879,cbsnews.com,2,0.928942
3880,cbsnews.com,2,0.908409
3881,cbsnews.com,2,0.873022
3886,cbsnews.com,2,0.842773
3887,cbsnews.com,2,0.763184
3888,cbsnews.com,2,0.763184
3889,cbsnews.com,2,0.784491
3890,cbsnews.com,2,0.785913
3894,cbsnews.com,2,0.806204
3897,cbsnews.com,2,0.787223
3898,cbsnews.com,2,0.835138
3899,cbsnews.com,2,0.837745
3900,cbsnews.com,2,0.837792
3901,cbsnews.com,2,0.837124
3906,cbsnews.com,2,0.796516
3910,cbsnews.com,2,0.840043
3911,cbsnews.com,2,0.869742
3913,cbsnews.com,2,0.848293
3915,cbsnews.com,2,0.764484
3916,cbsnews.com,2,0.843709
3917,cbsnews.com,2,0.843709
3922,cbsnews.com,2,0.808426
3923,cbsnews.com,2,0.787689
3926,cbsnews.com,2,0.768087
3927,cbsnews.com,2,0.801210
3937,cbsnews.com,2,0.751608
3940,cbsnews.com,2,0.810334
3941,cbsnews.com,2,0.804349
3942,cbsnews.com,2,0.820985
3944,cbsnews.com,2,0.854041
3945,cbsnews.com,2,0.832926
3947,cbsnews.com,2,0.776482
3949,cbsnews.com,2,0.736215
3950,cbsnews.com,2,0.806502
3951,cbsnews.com,2,0.760255
3952,cbsnews.com,2,0.754702
3953,cbsnews.com,2,0.900185
3954,cbsnews.com,2,0.748647
3955,cbsnews.com,2,0.777823
3956,cbsnews.com,2,0.790702
3958,cbsnews.com,2,0.761314
3959,cbsnews.com,2,0.832971
3962,cbsnews.com,2,0.844811
3963,cbsnews.com,2,0.872652
3964,cbsnews.com,2,0.834151
3965,cbsnews.com,2,0.854146
3968,cbsnews.com,2,0.887379
3969,cbsnews.com,2,0.887379
3971,cbsnews.com,2,0.807187
3973,cbsnews.com,2,0.818049
3974,cbsnews.com,2,0.784067
3975,cbsnews.com,2,0.807760
3976,cbsnews.com,2,0.818021
3977,cbsnews.com,2,0.809168
3978,cbsnews.com,2,0.853103
3979,cbsnews.com,2,0.857219
3980,cbsnews.com,2,0.830759
3981,cbsnews.com,2,0.860210
3982,cbsnews.com,2,0.907394
3983,cbsnews.com,2,0.781998
3984,cbsnews.com,2,0.781998
3987,cbsnews.com,2,0.890087
3991,cbsnews.com,2,0.876399
3992,cbsnews.com,2,0.860720
3993,cbsnews.com,2,0.815225
3995,cbsnews.com,2,0.767327
3996,cbsnews.com,2,0.773965
3999,cbsnews.com,2,0.801861
4003,cbsnews.com,2,0.818591
4004,cbsnews.com,2,0.808386
4008,cbsnews.com,2,0.792081
4009,cbsnews.com,2,0.810361
4010,cbsnews.com,2,0.783921
4012,cbsnews.com,2,0.879033
4013,cbsnews.com,2,0.791116
4014,cbsnews.com,2,0.806762
4016,cbsnews.com,2,0.764996
4017,cbsnews.com,2,0.834428
4018,cbsnews.com,2,0.888615
4019,cbsnews.com,2,0.819358
4020,cbsnews.com,2,0.851500
4021,cbsnews.com,2,0.785542
4023,cbsnews.com,2,0.819709
4025,cbsnews.com,2,0.879552
4026,cbsnews.com,2,0.866863
4027,cbsnews.com,2,0.787455
4028,cbsnews.com,2,0.891795
4029,cbsnews.com,2,0.864045
4030,cbsnews.com,2,0.774993
4033,cbsnews.com,2,0.810917
4034,cbsnews.com,2,0.855092
4035,cbsnews.com,2,0.782964
4036,cbsnews.com,2,0.826904
4037,cbsnews.com,2,0.753308
4042,cbsnews.com,2,0.881655
4043,cbsnews.com,2,0.863586
4044,cbsnews.com,2,0.830639
4047,cbsnews.com,2,0.870724
4048,cbsnews.com,2,0.880608
4049,cbsnews.com,2,0.837145
4050,cbsnews.com,2,0.827644
4053,cbsnews.com,2,0.841155
4054,cbsnews.com,2,0.825576
4055,cbsnews.com,2,0.826394
4059,cbsnews.com,2,0.806774
4060,cbsnews.com,2,0.840534
4061,cbsnews.com,2,0.858797
4062,cbsnews.com,2,0.838355
4063,cbsnews.com,2,0.826232
4065,cbsnews.com,2,0.796943
4066,cbsnews.com,2,0.768672
4067,cbsnews.com,2,0.776992
4068,cbsnews.com,2,0.779787
4069,cbsnews.com,2,0.782012
4071,cbsnews.com,2,0.822598
4072,cbsnews.com,2,0.812513
4074,cbsnews.com,2,0.857476
4075,cbsnews.com,2,0.758607
4083,cbsnews.com,2,0.833969
4084,cbsnews.com,2,0.807766
4085,cbsnews.com,2,0.804101
4086,cbsnews.com,2,0.828157
4087,cbsnews.com,2,0.777126
4088,cbsnews.com,2,0.746782
4089,cbsnews.com,2,0.728012
4091,cbsnews.com,2,0.812278
4092,cbsnews.com,2,0.841156
4093,cbsnews.com,2,0.840627
4094,cbsnews.com,2,0.840627
4096,cbsnews.com,2,0.872053
4106,cbsnews.com,2,0.773868
4107,cbsnews.com,2,0.773868
4108,cbsnews.com,2,0.862028
4110,cbsnews.com,2,0.841319
4111,cbsnews.com,2,0.824136
4112,cbsnews.com,2,0.838210
4113,cbsnews.com,2,0.831121
4114,cbsnews.com,2,0.831121
4115,cbsnews.com,2,0.786512
4116,cbsnews.com,2,0.777962
4117,cbsnews.com,2,0.802686
4118,cbsnews.com,2,0.815883
4119,cbsnews.com,2,0.786829
4120,cbsnews.com,2,0.792104
4121,cbsnews.com,2,0.803268
4122,cbsnews.com,2,0.765596
4126,cbsnews.com,2,0.792546
4128,cbsnews.com,2,0.820260
4129,cbsnews.com,2,0.806206
4130,cbsnews.com,2,0.758520
4132,cbsnews.com,2,0.829310
4141,cbsnews.com,2,0.767248
4142,cbsnews.com,2,0.779143
4148,cbsnews.com,2,0.776990
4149,cbsnews.com,2,0.804657
4151,cbsnews.com,2,0.817352
4153,cbsnews.com,2,0.805396
4157,cbsnews.com,2,0.751255
4158,cbsnews.com,2,0.726949
4162,cbsnews.com,2,0.747784
4163,cbsnews.com,2,0.747784
4164,cbsnews.com,2,0.784096
4165,cbsnews.com,2,0.784635
4170,cbsnews.com,2,0.794628
4171,cbsnews.com,2,0.809587
4174,cbsnews.com,2,0.834458
4175,cbsnews.com,2,0.834458
4176,cbsnews.com,2,0.789911
4177,cbsnews.com,2,0.789911
4180,cbsnews.com,2,0.829538
4185,cbsnews.com,2,0.792725
4187,cbsnews.com,2,0.808894
4192,cbsnews.com,2,0.824100
4193,cbsnews.com,2,0.784285
4194,cbsnews.com,2,0.839804
4198,cbsnews.com,2,0.837453
4199,cbsnews.com,2,0.834014
4200,cbsnews.com,2,0.845577
4201,cbsnews.com,2,0.845577
4202,cbsnews.com,2,0.843737
4203,cbsnews.com,2,0.831614
4204,cbsnews.com,2,0.836874
4205,cbsnews.com,2,0.839230
4206,cbsnews.com,2,0.832772
4207,cbsnews.com,2,0.835402
4208,cbsnews.com,2,0.841144
4214,cbsnews.com,2,0.777725
4216,cbsnews.com,2,0.831998
4217,cbsnews.com,2,0.776164
4222,cbsnews.com,2,0.799964
4223,cbsnews.com,2,0.785899
4225,cbsnews.com,2,0.763888
4226,cbsnews.com,2,0.785750
4227,cbsnews.com,2,0.777775
4230,cbsnews.com,2,0.813656
4231,cbsnews.com,2,0.814399
4232,cbsnews.com,2,0.814399
4235,cbsnews.com,2,0.816002
4236,cbsnews.com,2,0.828668
4237,cbsnews.com,2,0.804807
4240,cbsnews.com,2,0.807691
4244,cbsnews.com,2,0.860445
4247,cbsnews.com,2,0.816013
4252,cbsnews.com,2,0.816331
4254,cbsnews.com,2,0.813841
4256,cbsnews.com,2,0.790639
4257,cbsnews.com,2,0.808560
4258,cbsnews.com,2,0.839457
4261,cbsnews.com,2,0.868284
4262,cbsnews.com,2,0.859034
4263,cbsnews.com,2,0.841136
4268,cbsnews.com,2,0.812959
4270,cbsnews.com,2,0.862489
4271,cbsnews.com,2,0.865453
4275,cbsnews.com,2,0.839851
4278,cbsnews.com,2,0.813659
4279,cbsnews.com,2,0.835956
4280,cbsnews.com,2,0.794565
4282,cbsnews.com,2,0.807882
4283,cbsnews.com,2,0.830831
4284,cbsnews.com,2,0.821633
4285,cbsnews.com,2,0.783027
4286,cbsnews.com,2,0.783474
4287,cbsnews.com,2,0.772654
4288,cbsnews.com,2,0.805485
4289,cbsnews.com,2,0.793763
4290,cbsnews.com,2,0.822731
4291,cbsnews.com,2,0.805821
4293,cbsnews.com,2,0.791935
4294,cbsnews.com,2,0.791935
4295,cbsnews.com,2,0.766438
4296,cbsnews.com,2,0.812427
4297,cbsnews.com,2,0.809652
4298,cbsnews.com,2,0.843216
4300,cbsnews.com,2,0.882543
4304,cbsnews.com,2,0.814645
4308,cbsnews.com,2,0.847306
4311,cbsnews.com,2,0.860575
4312,cbsnews.com,2,0.810798
4313,cbsnews.com,2,0.852802
4316,cbsnews.com,2,0.862069
4317,cbsnews.com,2,0.772341
4319,cbsnews.com,2,0.859654
4320,cbsnews.com,2,0.819135
4321,cbsnews.com,2,0.818274
4325,cbsnews.com,2,0.783448
4326,cbsnews.com,2,0.828020
4327,cbsnews.com,2,0.839466
4328,cbsnews.com,2,0.795666
4329,cbsnews.com,2,0.825686
4330,cbsnews.com,2,0.764720
4331,cbsnews.com,2,0.875080
4332,cbsnews.com,2,0.829989
4334,cbsnews.com,2,0.783829
4339,cbsnews.com,2,0.800068
4340,cbsnews.com,2,0.783211
4341,cbsnews.com,2,0.813670
4343,cbsnews.com,2,0.784913
4344,cbsnews.com,2,0.763930
4346,cbssports.com,2,0.753730
4347,cbssports.com,2,0.847961
4348,cbssports.com,2,0.814492
4349,cbssports.com,2,0.771814
4350,cbssports.com,2,0.796967
4351,cbssports.com,2,0.791026
4352,cbssports.com,2,0.791026
4353,cbssports.com,2,0.798536
4354,cbssports.com,2,0.768310
4355,cbssports.com,2,0.763188
4356,cbssports.com,2,0.754246
4358,centraloregondaily.com,2,0.784952
4359,centraloregondaily.com,2,0.785209
4361,centraloregondaily.com,2,0.827744
4365,centraloregondaily.com,2,0.777264
4366,centraloregondaily.com,2,0.788637
4367,centraloregondaily.com,2,0.818636
4368,centraloregondaily.com,2,0.835349
4369,channel3000.com,2,0.815340
4370,channel3000.com,2,0.865124
4372,channel3000.com,2,0.711840
4373,channel3000.com,2,0.825274
4374,channel3000.com,2,0.762736
4375,channel3000.com,2,0.784716
4376,channel3000.com,2,0.792244
4379,channel3000.com,2,0.848932
4381,channel3000.com,2,0.815746
4382,channel3000.com,2,0.823287
4383,channel3000.com,2,0.825452
4384,channel3000.com,2,0.805670
4385,chicago.suntimes.com,2,0.798433
4386,chicago.suntimes.com,2,0.771628
4387,chicago.suntimes.com,2,0.790970
4399,chicagotribune.com,2,0.788652
4402,chicagotribune.com,2,0.848006
4403,chicagotribune.com,2,0.800455
4411,chicagotribune.com,2,0.813390
4412,chicagotribune.com,2,0.829008
4414,chicagotribune.com,2,0.793415
4416,chicagotribune.com,2,0.833510
4417,chicagotribune.com,2,0.808854
4422,chicagotribune.com,2,0.729795
4424,citizensvoice.com,2,0.817674
4426,citizensvoice.com,2,0.829163
4429,citizensvoice.com,2,0.800810
4431,citizensvoice.com,2,0.831364
4433,citizensvoice.com,2,0.866228
4434,civilbeat.org,2,0.794441
4435,civilbeat.org,2,0.790341
4436,civilbeat.org,2,0.821107
4440,civilbeat.org,2,0.860294
4441,civilbeat.org,2,0.864064
4442,civilbeat.org,2,0.866078
4443,civilbeat.org,2,0.868028
4444,civilbeat.org,2,0.869669
4445,civilbeat.org,2,0.860110
4446,civilbeat.org,2,0.860908
4447,civilbeat.org,2,0.867033
4450,civilbeat.org,2,0.801067
4452,civilbeat.org,2,0.823770
4453,civilbeat.org,2,0.866829
4454,civilbeat.org,2,0.842147
4455,civilbeat.org,2,0.840877
4456,civilbeat.org,2,0.781187
4457,civilbeat.org,2,0.835328
4460,cleveland19.com,2,0.822713
4463,cleveland19.com,2,0.819577
4464,cleveland19.com,2,0.900122
4468,cleveland19.com,2,0.809866
4471,clickondetroit.com,2,0.778406
4475,clickondetroit.com,2,0.833568
4484,clickondetroit.com,2,0.822772
4486,clickondetroit.com,2,0.817764
4487,clickondetroit.com,2,0.790779
4489,clickorlando.com,2,0.853437
4490,clickorlando.com,2,0.852765
4491,clickorlando.com,2,0.816622
4495,clickorlando.com,2,0.794590
4496,clickorlando.com,2,0.815771
4500,clickorlando.com,2,0.830275
4501,clickorlando.com,2,0.830275
4506,clickorlando.com,2,0.784977
4508,clickorlando.com,2,0.793415
4509,clickorlando.com,2,0.846133
4510,clickorlando.com,2,0.793293
4512,clickorlando.com,2,0.790779
4513,clickorlando.com,2,0.779555
4520,clickorlando.com,2,0.772617
4521,cnbc.com,2,0.830606
4522,cnbc.com,2,0.855482
4524,cnbc.com,2,0.821078
4526,cnbc.com,2,0.849960
4528,cnbc.com,2,0.843366
4529,cnbc.com,2,0.839132
4533,cnbc.com,2,0.798307
4537,cnbc.com,2,0.752763
4539,cnbc.com,2,0.878837
4540,cnbc.com,2,0.851052
4543,cnbc.com,2,0.816856
4546,cnbc.com,2,0.815506
4550,cnbc.com,2,0.800080
4551,cnbc.com,2,0.846917
4552,cnbc.com,2,0.806049
4553,cnbc.com,2,0.785476
4557,cnbc.com,2,0.844123
4558,cnbc.com,2,0.796862
4559,cnbc.com,2,0.787511
4561,cnbc.com,2,0.784201
4562,cnbc.com,2,0.810702
4566,cnbc.com,2,0.826159
4567,cnbc.com,2,0.823090
4576,cnbc.com,2,0.832767
4577,cnbc.com,2,0.803288
4578,cnbc.com,2,0.873972
4583,cnbc.com,2,0.794545
4584,cnbc.com,2,0.800212
4590,cnn.com,2,0.806762
4594,cnn.com,2,0.799246
4596,cnn.com,2,0.755618
4604,cnn.com,2,0.809208
4605,cnn.com,2,0.840793
4611,cnn.com,2,0.815996
4612,cnn.com,2,0.806843
4615,cnn.com,2,0.803923
4616,cnn.com,2,0.754738
4620,cnn.com,2,0.772967
4621,cnn.com,2,0.798120
4622,cnn.com,2,0.824053
4623,cnn.com,2,0.860392
4631,cnn.com,2,0.866045
4636,cnn.com,2,0.797213
4637,cnn.com,2,0.750680
4638,cnn.com,2,0.757174
4640,cnn.com,2,0.757177
4644,cnn.com,2,0.803856
4645,cnn.com,2,0.789564
4646,cnn.com,2,0.903513
4647,cnn.com,2,0.783406
4648,cnn.com,2,0.847031
4649,cnn.com,2,0.868019
4650,cnn.com,2,0.798394
4651,cnn.com,2,0.731050
4652,cnn.com,2,0.783751
4653,cnn.com,2,0.773178
4654,cnn.com,2,0.794157
4655,cnn.com,2,0.825843
4656,cnn.com,2,0.733517
4658,cnn.com,2,0.898012
4660,cnn.com,2,0.841234
4662,cnn.com,2,0.816987
4663,cnn.com,2,0.857681
4665,cnn.com,2,0.804567
4667,cnn.com,2,0.794036
4668,cnn.com,2,0.864141
4670,cnn.com,2,0.875372
4675,cnn.com,2,0.790566
4676,cnn.com,2,0.790287
4677,cnn.com,2,0.790287
4678,cnn.com,2,0.790287
4680,cnn.com,2,0.779060
4681,cnn.com,2,0.832412
4682,cnn.com,2,0.790918
4686,cnn.com,2,0.789695
4691,cnn.com,2,0.806628
4692,cnn.com,2,0.756996
4694,cnn.com,2,0.778487
4697,cnn.com,2,0.785526
4701,cnn.com,2,0.753020
4706,cnn.com,2,0.831339
4711,cnn.com,2,0.815201
4712,cnn.com,2,0.803902
4713,cnn.com,2,0.727303
4714,cnn.com,2,0.750877
4715,cnn.com,2,0.847664
4718,cnn.com,2,0.799670
4724,cnn.com,2,0.767649
4725,cnn.com,2,0.832972
4726,cnn.com,2,0.838263
4727,cnn.com,2,0.796742
4728,cnn.com,2,0.812471
4729,cnn.com,2,0.815523
4730,cnn.com,2,0.794955
4736,cnn.com,2,0.845987
4742,cnn.com,2,0.854843
4744,cnn.com,2,0.856187
4745,cnn.com,2,0.805840
4746,cnn.com,2,0.833230
4747,cnn.com,2,0.827561
4748,cnn.com,2,0.790755
4749,cnn.com,2,0.795061
4750,cnn.com,2,0.798793
4755,cnn.com,2,0.807096
4756,cnn.com,2,0.910399
4758,coloradonewsline.com,2,0.885029
4760,coloradonewsline.com,2,0.814748
4761,coloradonewsline.com,2,0.838700
4763,coloradonewsline.com,2,0.813520
4764,coloradonewsline.com,2,0.766260
4765,coloradonewsline.com,2,0.796252
4767,coloradonewsline.com,2,0.812871
4768,coloradonewsline.com,2,0.772966
4769,coloradonewsline.com,2,0.783803
4770,coloradonewsline.com,2,0.783803
4772,coloradopolitics.com,2,0.760614
4774,coloradopolitics.com,2,0.756364
4775,coloradopolitics.com,2,0.802101
4776,coloradopolitics.com,2,0.810346
4777,coloradopolitics.com,2,0.794514
4779,coloradopolitics.com,2,0.791398
4780,coloradopolitics.com,2,0.778190
4781,coloradopolitics.com,2,0.744484
4782,coloradopolitics.com,2,0.744120
4784,coloradopolitics.com,2,0.756053
4785,coloradopolitics.com,2,0.761118
4786,coloradopolitics.com,2,0.796642
4787,coloradopolitics.com,2,0.815543
4788,coloradopolitics.com,2,0.742191
4789,coloradopolitics.com,2,0.805876
4790,coloradopolitics.com,2,0.793673
4793,coloradopolitics.com,2,0.823632
4795,coloradopolitics.com,2,0.834710
4796,coloradopolitics.com,2,0.796939
4800,coloradopolitics.com,2,0.783274
4801,coloradopolitics.com,2,0.743333
4804,coloradopolitics.com,2,0.783414
4807,coloradosun.com,2,0.763870
4808,coloradosun.com,2,0.733982
4809,coloradosun.com,2,0.781252
4810,coloradosun.com,2,0.804349
4811,coloradosun.com,2,0.797734
4812,coloradosun.com,2,0.813417
4813,coloradosun.com,2,0.794959
4816,columbiamissourian.com,2,0.857074
4817,columbiamissourian.com,2,0.792315
4818,columbiamissourian.com,2,0.821522
4824,columbiamissourian.com,2,0.812259
4825,columbiamissourian.com,2,0.828202
4827,conduitstreet.mdcounties.org,2,0.808323
4828,conduitstreet.mdcounties.org,2,0.794844
4829,conduitstreet.mdcounties.org,2,0.783097
4830,conduitstreet.mdcounties.org,2,0.787190
4831,conduitstreet.mdcounties.org,2,0.815036
4832,conduitstreet.mdcounties.org,2,0.784868
4833,conduitstreet.mdcounties.org,2,0.834682
4834,conduitstreet.mdcounties.org,2,0.808971
4835,conduitstreet.mdcounties.org,2,0.824013
4836,county17.com,2,0.782308
4837,county17.com,2,0.815938
4838,county17.com,2,0.806530
4839,county17.com,2,0.850095
4840,county17.com,2,0.846633
4841,county17.com,2,0.840032
4842,county17.com,2,0.831822
4843,county17.com,2,0.809932
4844,county17.com,2,0.837286
4845,county17.com,2,0.841821
4846,county17.com,2,0.807871
4847,county17.com,2,0.794876
4848,county17.com,2,0.841514
4849,county17.com,2,0.830993
4850,county17.com,2,0.849487
4851,county17.com,2,0.801587
4852,county17.com,2,0.845380
4853,county17.com,2,0.798184
4854,county17.com,2,0.838409
4855,county17.com,2,0.843811
4856,county17.com,2,0.806598
4860,courthousenews.com,2,0.820109
4865,courthousenews.com,2,0.811134
4866,courthousenews.com,2,0.808360
4868,courthousenews.com,2,0.789329
4869,courthousenews.com,2,0.844277
4870,courthousenews.com,2,0.793586
4871,courthousenews.com,2,0.829502
4872,courthousenews.com,2,0.829502
4873,courthousenews.com,2,0.842649
4876,courthousenews.com,2,0.783214
4877,courthousenews.com,2,0.805881
4878,courthousenews.com,2,0.760352
4886,courthousenews.com,2,0.793059
4887,courthousenews.com,2,0.764547
4891,courthousenews.com,2,0.787850
4893,courthousenews.com,2,0.821718
4894,courthousenews.com,2,0.816953
4898,courtnewsohio.gov,2,0.867603
4904,courtnewsohio.gov,2,0.775783
4909,cpr.org,2,0.802702
4910,cpr.org,2,0.832028
4912,cpr.org,2,0.841675
4913,cpr.org,2,0.818742
4914,cpr.org,2,0.800776
4915,cpr.org,2,0.791700
4916,cpr.org,2,0.827630
4917,cpr.org,2,0.786414
4920,cpr.org,2,0.806345
4921,cpr.org,2,0.835880
4922,cpr.org,2,0.808985
4923,cpr.org,2,0.807894
4927,cpr.org,2,0.728031
4929,cpr.org,2,0.873791
4930,cpr.org,2,0.824359
4933,csmonitor.com,2,0.851484
4939,csmonitor.com,2,0.771653
4940,csmonitor.com,2,0.798484
4944,ctinsider.com,2,0.793135
4947,ctinsider.com,2,0.803175
4949,ctinsider.com,2,0.808389
4950,ctinsider.com,2,0.822914
4951,ctinsider.com,2,0.783081
4965,ctvnews.ca,2,0.873048
4972,dailycaller.com,2,0.815759
4979,dailycaller.com,2,0.871701
4980,dailycaller.com,2,0.792419
4981,dailycaller.com,2,0.855060
4982,dailycaller.com,2,0.801599
4984,dailycaller.com,2,0.809815
4986,dailycaller.com,2,0.940607
4988,dailycaller.com,2,0.863722
4989,dailycaller.com,2,0.843946
4990,dailycaller.com,2,0.824070
4992,dailycaller.com,2,0.876381
4993,dailycaller.com,2,0.803849
4994,dailycaller.com,2,0.875698
4995,dailycaller.com,2,0.778100
4997,dailycaller.com,2,0.836087
4998,dailycaller.com,2,0.833167
5000,dailycaller.com,2,0.827534
5002,dailycaller.com,2,0.857550
5006,dailycaller.com,2,0.878112
5012,dailycaller.com,2,0.786999
5018,dailycaller.com,2,0.771189
5019,dailycaller.com,2,0.813217
5020,dailycaller.com,2,0.851817
5021,dailycaller.com,2,0.886855
5033,dailycaller.com,2,0.867895
5034,dailycaller.com,2,0.816372
5038,dailycaller.com,2,0.789304
5042,dailycaller.com,2,0.820472
5046,dailycaller.com,2,0.867080
5047,dailycaller.com,2,0.842431
5050,dailycaller.com,2,0.854623
5051,dailycaller.com,2,0.903357
5052,dailycaller.com,2,0.823180
5055,dailycaller.com,2,0.857534
5057,dailycaller.com,2,0.797606
5058,dailycaller.com,2,0.832446
5059,dailycaller.com,2,0.823744
5060,dailycaller.com,2,0.809665
5062,dailycaller.com,2,0.805463
5064,dailycaller.com,2,0.790470
5066,dailycaller.com,2,0.828256
5067,dailycaller.com,2,0.832929
5068,dailycaller.com,2,0.846294
5070,dailycaller.com,2,0.906897
5071,dailycaller.com,2,0.818270
5073,dailycaller.com,2,0.833756
5074,dailycaller.com,2,0.836434
5075,dailycaller.com,2,0.888139
5080,dailycaller.com,2,0.837264
5081,dailycaller.com,2,0.880375
5082,dailycaller.com,2,0.837611
5083,dailycaller.com,2,0.830628
5088,dailycaller.com,2,0.862306
5089,dailycaller.com,2,0.839745
5092,dailycaller.com,2,0.838804
5095,dailycaller.com,2,0.906391
5097,dailycaller.com,2,0.810235
5098,dailycaller.com,2,0.806190
5099,dailycaller.com,2,0.827651
5100,dailycaller.com,2,0.868431
5108,dailycaller.com,2,0.847962
5110,dailycaller.com,2,0.857669
5113,dailycaller.com,2,0.833881
5117,dailycaller.com,2,0.856897
5118,dailycaller.com,2,0.811637
5121,dailycaller.com,2,0.781696
5122,dailycaller.com,2,0.826087
5124,dailycaller.com,2,0.851599
5129,dailycaller.com,2,0.795681
5132,dailycaller.com,2,0.838158
5133,dailycaller.com,2,0.796927
5134,dailycaller.com,2,0.774934
5135,dailycaller.com,2,0.739964
5136,dailycaller.com,2,0.797844
5137,dailycaller.com,2,0.797359
5139,dailycaller.com,2,0.797746
5147,dailycaller.com,2,0.815462
5148,dailycaller.com,2,0.859135
5155,dailycaller.com,2,0.846849
5156,dailycaller.com,2,0.803472
5158,dailycaller.com,2,0.834392
5159,dailycaller.com,2,0.767352
5161,dailycaller.com,2,0.825773
5163,dailycaller.com,2,0.862389
5165,dailycaller.com,2,0.843844
5168,dailycaller.com,2,0.847733
5169,dailycaller.com,2,0.857048
5170,dailycaller.com,2,0.859406
5171,dailycaller.com,2,0.816451
5173,dailycaller.com,2,0.808684
5182,dailykos.com,2,0.884626
5184,dailykos.com,2,0.788995
5193,dailykos.com,2,0.828358
5206,dailynews.com,2,0.828606
5207,dailynews.com,2,0.718177
5208,dailynews.com,2,0.789413
5211,dailynews.com,2,0.853753
5212,dailynews.com,2,0.718649
5213,dailynews.com,2,0.726126
5220,dailypress.com,2,0.824494
5222,dailypress.com,2,0.806965
5226,dailypress.com,2,0.831364
5230,dailypress.senate.gov,2,0.935793
5231,dailypress.senate.gov,2,0.937751
5232,dailypress.senate.gov,2,0.932573
5233,dailypress.senate.gov,2,0.934737
5234,dailypress.senate.gov,2,0.930177
5235,dailypress.senate.gov,2,0.934420
5236,dailypress.senate.gov,2,0.935421
5237,dailypress.senate.gov,2,0.933127
5238,dailypress.senate.gov,2,0.932015
5247,dakotanewsnow.com,2,0.765415
5248,dakotanewsnow.com,2,0.819258
5250,dakotanewsnow.com,2,0.777641
5252,dakotanewsnow.com,2,0.846394
5253,dakotanewsnow.com,2,0.803867
5254,dakotanewsnow.com,2,0.848005
5255,dakotanewsnow.com,2,0.893396
5256,dakotanewsnow.com,2,0.799527
5257,dakotanewsnow.com,2,0.799527
5259,dallasnews.com,2,0.767905
5261,dallasnews.com,2,0.886836
5269,dallasnews.com,2,0.773227
5273,dallasnews.com,2,0.820194
5275,dallasnews.com,2,0.845069
5279,dallasnews.com,2,0.779965
5280,dallasnews.com,2,0.847862
5282,dallasnews.com,2,0.788714
5283,dallasnews.com,2,0.827228
5289,davisenterprise.com,2,0.777250
5290,davisenterprise.com,2,0.800855
5291,davisenterprise.com,2,0.812794
5292,davisenterprise.com,2,0.782763
5293,davisenterprise.com,2,0.747620
5294,davisenterprise.com,2,0.747620
5295,davisenterprise.com,2,0.777324
5297,davisvanguard.org,2,0.760668
5299,davisvanguard.org,2,0.775292
5300,davisvanguard.org,2,0.803909
5302,davisvanguard.org,2,0.776377
5303,davisvanguard.org,2,0.790486
5305,dcnewsnow.com,2,0.769677
5306,dcnewsnow.com,2,0.769677
5307,dcnewsnow.com,2,0.793687
5308,dcnewsnow.com,2,0.823256
5310,dcnewsnow.com,2,0.770378
5311,dcnewsnow.com,2,0.820631
5312,dcnewsnow.com,2,0.786584
5313,dcnewsnow.com,2,0.785688
5314,dcnewsnow.com,2,0.769917
5315,deadline.com,2,0.778655
5317,deadline.com,2,0.856518
5318,deadline.com,2,0.864753
5319,deadline.com,2,0.784772
5320,deadline.com,2,0.834764
5322,deadline.com,2,0.766884
5323,deadline.com,2,0.779398
5325,deadline.com,2,0.814907
5346,democracydocket.com,2,0.811536
5348,democracydocket.com,2,0.798846
5351,democracydocket.com,2,0.787291
5354,democracydocket.com,2,0.809464
5355,democracydocket.com,2,0.795197
5363,democracydocket.com,2,0.841235
5367,democracydocket.com,2,0.838598
5368,democracydocket.com,2,0.811639
5369,democracydocket.com,2,0.793447
5373,democracydocket.com,2,0.848676
5374,democracydocket.com,2,0.761279
5375,democracydocket.com,2,0.804871
5376,democracydocket.com,2,0.725973
5379,democracydocket.com,2,0.814798
5383,democracydocket.com,2,0.795631
5384,democracynow.org,2,0.789067
5385,democracynow.org,2,0.797007
5386,democracynow.org,2,0.788661
5387,democracynow.org,2,0.761458
5389,democracynow.org,2,0.897612
5391,democracynow.org,2,0.835416
5392,democracynow.org,2,0.806861
5393,democracynow.org,2,0.810526
5394,democracynow.org,2,0.801932
5396,democracynow.org,2,0.788396
5398,democracynow.org,2,0.764151
5399,democracynow.org,2,0.846581
5400,democracynow.org,2,0.768989
5401,denverpost.com,2,0.790629
5402,denverpost.com,2,0.726875
5403,denverpost.com,2,0.809253
5404,denverpost.com,2,0.773718
5405,denverpost.com,2,0.729561
5406,denverpost.com,2,0.726719
5407,denverpost.com,2,0.741239
5408,denverpost.com,2,0.734898
5409,denverpost.com,2,0.724981
5410,denverpost.com,2,0.848009
5412,denverpost.com,2,0.797839
5414,denverpost.com,2,0.796336
5415,denverpost.com,2,0.762343
5417,denverpost.com,2,0.842995
5419,denverpost.com,2,0.784211
5421,denverpost.com,2,0.813662
5422,denverpost.com,2,0.765158
5424,denverpost.com,2,0.747005
5425,deseret.com,2,0.795739
5426,deseret.com,2,0.818126
5427,deseret.com,2,0.791120
5428,deseret.com,2,0.807162
5435,deseret.com,2,0.779882
5439,deseret.com,2,0.844949
5443,deseret.com,2,0.844719
5444,deseret.com,2,0.768212
5447,desmoinesregister.com,2,0.879498
5450,desmoinesregister.com,2,0.835044
5452,desmoinesregister.com,2,0.837175
5456,detroitnews.com,2,0.832404
5458,detroitnews.com,2,0.831570
5460,detroitnews.com,2,0.807571
5464,detroitnews.com,2,0.762222
5470,detroitnews.com,2,0.823681
5471,detroitnews.com,2,0.764070
5472,detroitnews.com,2,0.818017
5473,detroitnews.com,2,0.832429
5474,detroitnews.com,2,0.808893
5476,detroitnews.com,2,0.826424
5477,detroitnews.com,2,0.828076
5483,detroitnews.com,2,0.772980
5485,detroitnews.com,2,0.803046
5486,detroitnews.com,2,0.804967
5488,detroitnews.com,2,0.764917
5490,detroitnews.com,2,0.784628
5491,dispatch.com,2,0.835103
5495,dispatch.com,2,0.805906
5503,djournal.com,2,0.767905
5504,djournal.com,2,0.833348
5505,djournal.com,2,0.805523
5506,djournal.com,2,0.825067
5507,djournal.com,2,0.782711
5508,djournal.com,2,0.830488
5513,djournal.com,2,0.767428
5514,djournal.com,2,0.827228
5515,djournal.com,2,0.823654
5516,djournal.com,2,0.827576
5517,douglasco.gov,2,0.758056
5518,douglasco.gov,2,0.790232
5519,douglasco.gov,2,0.761816
5522,douglasco.gov,2,0.795696
5523,douglasco.gov,2,0.720005
5524,douglasco.gov,2,0.720071
5528,dsu.com,2,0.766948
5532,dsu.com,2,0.817127
5534,dsu.com,2,0.817005
5535,durangoherald.com,2,0.790910
5536,durangoherald.com,2,0.844207
5538,durangoherald.com,2,0.845485
5539,durangoherald.com,2,0.845844
5540,durangoherald.com,2,0.823044
5541,durangoherald.com,2,0.844083
5542,durangoherald.com,2,0.860259
5543,durangoherald.com,2,0.802629
5544,durangoherald.com,2,0.844621
5545,durangoherald.com,2,0.863422
5546,durangoherald.com,2,0.846133
5547,dvidshub.net,2,0.758508
5548,dvidshub.net,2,0.759999
5549,dvidshub.net,2,0.758258
5551,dvidshub.net,2,0.756539
5552,dvidshub.net,2,0.825350
5553,dvidshub.net,2,0.817356
5554,dvidshub.net,2,0.818917
5555,dvidshub.net,2,0.818053
5560,dw.com,2,0.854812
5561,dw.com,2,0.854812
5562,dw.com,2,0.814535
5563,dw.com,2,0.855511
5577,dw.com,2,0.846064
5578,dw.com,2,0.870758
5579,dw.com,2,0.855275
5580,dw.com,2,0.829680
5581,dw.com,2,0.828761
5582,dw.com,2,0.820484
5583,dw.com,2,0.837030
5584,dw.com,2,0.877569
5590,dw.com,2,0.840041
5591,dw.com,2,0.789712
5592,dw.com,2,0.859961
5593,dw.com,2,0.795904
5595,dw.com,2,0.866066
5596,dw.com,2,0.864331
5598,eciks.org,2,0.830398
5600,eciks.org,2,0.787950
5601,eciks.org,2,0.803428
5602,eciks.org,2,0.812514
5605,eciks.org,2,0.851907
5606,eciks.org,2,0.836105
5607,eciks.org,2,0.782246
5608,eciks.org,2,0.774695
5611,eciks.org,2,0.830458
5612,eciks.org,2,0.815071
5619,economist.com,2,0.853505
5622,economist.com,2,0.807904
5629,economist.com,2,0.952277
5631,economist.com,2,0.802250
5632,economist.com,2,0.766811
5635,economist.com,2,0.845454
5640,economist.com,2,0.821650
5641,economist.com,2,0.771943
5645,edition.cnn.com,2,0.815071
5648,edition.cnn.com,2,0.807720
5649,edition.cnn.com,2,0.824053
5651,edition.cnn.com,2,0.803856
5653,edition.cnn.com,2,0.816987
5656,edition.cnn.com,2,0.790287
5657,edition.cnn.com,2,0.779060
5660,edition.cnn.com,2,0.760073
5662,edition.cnn.com,2,0.811798
5664,edition.cnn.com,2,0.847664
5666,edition.cnn.com,2,0.788682
5667,edition.cnn.com,2,0.771358
5668,edition.cnn.com,2,0.838263
5669,edition.cnn.com,2,0.831774
5670,edition.cnn.com,2,0.828157
5671,edition.cnn.com,2,0.798793
5673,eenews.net,2,0.821615
5675,eenews.net,2,0.844645
5676,eenews.net,2,0.804986
5677,eenews.net,2,0.855269
5679,eenews.net,2,0.844104
5681,eenews.net,2,0.811269
5685,eenews.net,2,0.872429
5686,eenews.net,2,0.853323
5688,eenews.net,2,0.833102
5689,eenews.net,2,0.806624
5691,eenews.net,2,0.826640
5696,eenews.net,2,0.766168
5697,eenews.net,2,0.781817
5700,eenews.net,2,0.832023
5701,eenews.net,2,0.852654
5702,eenews.net,2,0.829097
5703,eenews.net,2,0.813402
5704,eenews.net,2,0.836796
5709,eenews.net,2,0.824091
5721,eenews.net,2,0.823220
5730,elpasotimes.com,2,0.899378
5731,elpasotimes.com,2,0.879740
5732,elpasotimes.com,2,0.831947
5733,elpasotimes.com,2,0.825222
5735,elpasotimes.com,2,0.844294
5736,elpasotimes.com,2,0.815819
5737,elpasotimes.com,2,0.788412
5738,english.elpais.com,2,0.828581
5739,english.elpais.com,2,0.806349
5740,english.elpais.com,2,0.757331
5743,english.elpais.com,2,0.799933
5744,english.elpais.com,2,0.767695
5750,espn.com,2,0.780101
5751,espn.com,2,0.802412
5752,espn.com,2,0.810903
5753,espn.com,2,0.779638
5757,espn.com,2,0.791713
5758,espn.com,2,0.839781
5759,espn.com,2,0.766632
5763,espn.com,2,0.784627
5765,espn.com,2,0.797428
5766,espn.com,2,0.802886
5767,espn.com,2,0.790059
5768,espn.com,2,0.810215
5769,espn.com,2,0.755432
5770,espn.com,2,0.864086
5771,espn.com,2,0.871145
5772,espn.com,2,0.813220
5773,espn.com,2,0.784968
5774,espn.com,2,0.805406
5775,espn.com,2,0.731730
5776,espn.com,2,0.782654
5777,espn.com,2,0.734586
5778,espn.com,2,0.781208
5779,espn.com,2,0.875694
5780,espn.com,2,0.794970
5781,espn.com,2,0.761355
5782,espn.com,2,0.764738
5785,euronews.com,2,0.873220
5788,euronews.com,2,0.860195
5797,euronews.com,2,0.803849
5799,euronews.com,2,0.869082
5804,euronews.com,2,0.878274
5811,euronews.com,2,0.827635
5813,euronews.com,2,0.836173
5815,euronews.com,2,0.817779
5816,euronews.com,2,0.846448
5817,euronews.com,2,0.742489
5820,ewtnnews.com,2,0.747334
5821,ewtnnews.com,2,0.802734
5822,ewtnnews.com,2,0.810852
5823,ewtnnews.com,2,0.850172
5827,ewtnnews.com,2,0.820380
5836,federalnewsnetwork.com,2,0.820118
5841,federalnewsnetwork.com,2,0.884635
5847,federalnewsnetwork.com,2,0.836336
5851,federalnewsnetwork.com,2,0.795933
5861,finance.yahoo.com,2,0.745708
5862,finance.yahoo.com,2,0.772636
5863,finance.yahoo.com,2,0.789948
5864,finance.yahoo.com,2,0.853592
5867,finance.yahoo.com,2,0.788482
5868,finance.yahoo.com,2,0.834333
5869,finance.yahoo.com,2,0.835720
5870,finance.yahoo.com,2,0.850359
5872,finance.yahoo.com,2,0.818624
5874,finance.yahoo.com,2,0.845929
5875,finance.yahoo.com,2,0.833932
5880,finance.yahoo.com,2,0.794491
5885,finance.yahoo.com,2,0.822261
5886,finance.yahoo.com,2,0.819209
5887,finance.yahoo.com,2,0.823795
5888,finance.yahoo.com,2,0.787649
5889,finance.yahoo.com,2,0.769230
5894,finance.yahoo.com,2,0.752888
5898,finance.yahoo.com,2,0.770736
5902,finance.yahoo.com,2,0.777869
5905,finance.yahoo.com,2,0.844535
5906,finance.yahoo.com,2,0.789312
5909,finance.yahoo.com,2,0.799803
5910,finance.yahoo.com,2,0.857344
5912,finance.yahoo.com,2,0.864986
5917,finance.yahoo.com,2,0.848809
5919,finance.yahoo.com,2,0.864759
5921,finance.yahoo.com,2,0.848431
5922,finance.yahoo.com,2,0.829779
5923,finance.yahoo.com,2,0.795071
5924,finance.yahoo.com,2,0.779111
5926,finance.yahoo.com,2,0.789144
5927,finance.yahoo.com,2,0.763690
5928,finance.yahoo.com,2,0.676441
5931,finance.yahoo.com,2,0.817222
5934,finance.yahoo.com,2,0.792669
5935,finance.yahoo.com,2,0.781691
5940,finance.yahoo.com,2,0.806684
5942,finance.yahoo.com,2,0.758847
5943,finance.yahoo.com,2,0.791020
5944,finance.yahoo.com,2,0.834398
5946,finance.yahoo.com,2,0.800250
5947,finance.yahoo.com,2,0.773267
5948,firstalert4.com,2,0.822713
5949,firstalert4.com,2,0.812444
5952,firstalert4.com,2,0.900122
5954,firstalert4.com,2,0.794821
5956,firstalert4.com,2,0.823204
5957,firstalert4.com,2,0.787527
5967,floridapolitics.com,2,0.834251
5973,floridapolitics.com,2,0.772411
5974,floridapolitics.com,2,0.830367
5976,floridapolitics.com,2,0.745043
5981,forbes.com,2,0.782762
5982,forbes.com,2,0.832979
5983,forbes.com,2,0.830844
5984,forbes.com,2,0.830844
5985,forbes.com,2,0.866448
5986,forbes.com,2,0.792842
5987,forbes.com,2,0.836828
5989,forbes.com,2,0.811168
5991,forbes.com,2,0.872639
5992,forbes.com,2,0.850650
5993,forbes.com,2,0.839400
5994,forbes.com,2,0.818167
5996,forbes.com,2,0.790152
5997,forbes.com,2,0.791554
5999,forbes.com,2,0.799460
6000,forbes.com,2,0.888361
6001,forbes.com,2,0.887709
6004,forbes.com,2,0.825756
6005,forbes.com,2,0.804181
6006,forbes.com,2,0.799629
6007,forbes.com,2,0.823947
6010,forbes.com,2,0.831288
6011,forbes.com,2,0.801198
6012,forbes.com,2,0.820173
6013,forbes.com,2,0.801778
6014,forbes.com,2,0.846838
6015,forbes.com,2,0.841946
6016,forbes.com,2,0.830668
6018,forbes.com,2,0.789931
6019,forbes.com,2,0.792954
6020,forbes.com,2,0.786847
6023,forbes.com,2,0.867751
6024,forbes.com,2,0.791544
6025,forbes.com,2,0.783525
6026,forbes.com,2,0.773423
6028,forbes.com,2,0.796694
6031,forbes.com,2,0.781489
6032,forbes.com,2,0.819107
6033,forbes.com,2,0.831589
6034,forbes.com,2,0.813347
6035,foreignpolicy.com,2,0.873681
6036,foreignpolicy.com,2,0.873681
6037,foreignpolicy.com,2,0.867697
6041,foreignpolicy.com,2,0.853092
6042,foreignpolicy.com,2,0.853092
6043,foreignpolicy.com,2,0.841151
6044,foreignpolicy.com,2,0.903345
6047,fortune.com,2,0.819624
6049,fortune.com,2,0.802906
6052,fortune.com,2,0.863979
6054,fortune.com,2,0.790201
6060,fortune.com,2,0.849894
6068,fortune.com,2,0.791112
6070,fortune.com,2,0.849452
6072,fortune.com,2,0.717213
6078,fortune.com,2,0.743641
6079,fortune.com,2,0.791743
6080,fox10phoenix.com,2,0.791233
6081,fox10phoenix.com,2,0.782662
6082,fox10phoenix.com,2,0.839790
6083,fox10phoenix.com,2,0.798899
6084,fox10phoenix.com,2,0.784258
6086,fox10phoenix.com,2,0.798616
6089,fox10phoenix.com,2,0.936043
6090,fox10phoenix.com,2,0.808821
6091,fox10phoenix.com,2,0.830793
6095,fox10phoenix.com,2,0.762322
6100,fox10tv.com,2,0.787446
6101,fox10tv.com,2,0.822713
6102,fox10tv.com,2,0.819577
6103,fox10tv.com,2,0.834091
6106,fox10tv.com,2,0.832306
6109,fox10tv.com,2,0.791281
6113,fox13news.com,2,0.863728
6115,fox13news.com,2,0.799929
6116,fox13news.com,2,0.820031
6119,fox13now.com,2,0.766665
6121,fox13now.com,2,0.837299
6122,fox13now.com,2,0.800549
6123,fox13now.com,2,0.811992
6124,fox13now.com,2,0.766696
6125,fox13now.com,2,0.764049
6129,fox17.com,2,0.818338
6130,fox17.com,2,0.826267
6135,fox23.com,2,0.772247
6136,fox23.com,2,0.835478
6138,fox23.com,2,0.817383
6140,fox23.com,2,0.816589
6142,fox23.com,2,0.770904
6144,fox43.com,2,0.839240
6146,fox43.com,2,0.792626
6147,fox43.com,2,0.812718
6151,fox43.com,2,0.862465
6153,fox5atlanta.com,2,0.850198
6161,fox5atlanta.com,2,0.759514
6162,fox5atlanta.com,2,0.795814
6163,fox5atlanta.com,2,0.755145
6164,fox5atlanta.com,2,0.755145
6165,fox5atlanta.com,2,0.754450
6166,fox5atlanta.com,2,0.761395
6167,fox5atlanta.com,2,0.875198
6168,fox5atlanta.com,2,0.832557
6171,fox5atlanta.com,2,0.837156
6172,fox5atlanta.com,2,0.818003
6173,fox5dc.com,2,0.798763
6174,fox5dc.com,2,0.787583
6178,fox5dc.com,2,0.810920
6179,fox5dc.com,2,0.802442
6180,fox5dc.com,2,0.789459
6181,fox5dc.com,2,0.779594
6182,fox5dc.com,2,0.745609
6183,fox5dc.com,2,0.745609
6184,fox5dc.com,2,0.734302
6185,fox5dc.com,2,0.770138
6186,fox5dc.com,2,0.748521
6187,fox5dc.com,2,0.748521
6188,fox5dc.com,2,0.807196
6189,fox5dc.com,2,0.704691
6190,fox5dc.com,2,0.761420
6191,fox5dc.com,2,0.817572
6192,fox5dc.com,2,0.817572
6193,fox5dc.com,2,0.804866
6194,fox5dc.com,2,0.815982
6195,fox5dc.com,2,0.761055
6197,fox5dc.com,2,0.765362
6198,fox5dc.com,2,0.858206
6199,fox5dc.com,2,0.765441
6200,fox5dc.com,2,0.753674
6201,fox5dc.com,2,0.784759
6202,fox5dc.com,2,0.767926
6203,fox5dc.com,2,0.739814
6204,fox5dc.com,2,0.745895
6205,fox5dc.com,2,0.810784
6206,fox5dc.com,2,0.770938
6207,fox5dc.com,2,0.861103
6209,fox5dc.com,2,0.773304
6210,fox5dc.com,2,0.776754
6211,fox5dc.com,2,0.804619
6212,fox5dc.com,2,0.793841
6219,fox5ny.com,2,0.819167
6220,fox5ny.com,2,0.736481
6221,fox5ny.com,2,0.746717
6222,fox5ny.com,2,0.741660
6223,fox5ny.com,2,0.741649
6224,fox5ny.com,2,0.737046
6228,fox5ny.com,2,0.824281
6230,fox5ny.com,2,0.720346
6231,fox5ny.com,2,0.815219
6232,fox5ny.com,2,0.815219
6233,fox5ny.com,2,0.821397
6235,fox5ny.com,2,0.753609
6236,fox5ny.com,2,0.863728
6240,fox5vegas.com,2,0.822713
6242,fox5vegas.com,2,0.900122
6243,fox5vegas.com,2,0.793043
6244,fox5vegas.com,2,0.865466
6245,fox5vegas.com,2,0.763847
6246,fox5vegas.com,2,0.770268
6249,fox5vegas.com,2,0.809866
6251,fox8live.com,2,0.822713
6252,fox8live.com,2,0.785762
6253,fox8live.com,2,0.785762
6254,fox8live.com,2,0.822690
6255,fox8live.com,2,0.777228
6256,fox8live.com,2,0.820806
6257,fox8live.com,2,0.900122
6258,fox8live.com,2,0.809982
6259,fox8live.com,2,0.865466
6260,fox8live.com,2,0.854347
6261,fox8live.com,2,0.821782
6262,fox8live.com,2,0.842847
6263,fox8live.com,2,0.848806
6264,fox8live.com,2,0.848806
6266,fox8live.com,2,0.840836
6267,fox8live.com,2,0.827658
6268,fox8live.com,2,0.827658
6269,fox8live.com,2,0.849620
6270,fox8live.com,2,0.820967
6271,fox8live.com,2,0.813143
6272,fox8live.com,2,0.825924
6273,fox8live.com,2,0.825924
6274,fox8live.com,2,0.815909
6275,fox8live.com,2,0.816690
6276,fox8live.com,2,0.796036
6278,fox8live.com,2,0.808555
6279,fox8live.com,2,0.817634
6280,fox8live.com,2,0.816074
6281,fox8live.com,2,0.840463
6283,fox8live.com,2,0.833918
6284,fox8live.com,2,0.833918
6285,fox8live.com,2,0.822253
6286,fox8live.com,2,0.801327
6287,fox8live.com,2,0.801327
6288,fox8live.com,2,0.808257
6289,fox8live.com,2,0.808257
6290,fox8live.com,2,0.808257
6292,fox8live.com,2,0.896200
6293,fox8live.com,2,0.774249
6295,fox8live.com,2,0.798611
6296,foxbaltimore.com,2,0.781586
6297,foxbaltimore.com,2,0.765580
6301,foxbaltimore.com,2,0.831031
6302,foxbaltimore.com,2,0.831031
6303,foxbaltimore.com,2,0.832561
6304,foxbaltimore.com,2,0.784078
6307,foxbaltimore.com,2,0.761392
6308,foxbaltimore.com,2,0.787868
6309,foxbaltimore.com,2,0.844761
6310,foxbaltimore.com,2,0.742627
6312,foxbaltimore.com,2,0.827880
6316,foxbaltimore.com,2,0.827815
6317,foxbaltimore.com,2,0.829663
6318,foxbaltimore.com,2,0.829663
6321,foxbaltimore.com,2,0.817872
6325,foxbaltimore.com,2,0.791644
6328,foxbaltimore.com,2,0.785430
6330,foxbaltimore.com,2,0.782337
6332,foxbusiness.com,2,0.832062
6334,foxbusiness.com,2,0.802578
6339,foxbusiness.com,2,0.764280
6340,foxbusiness.com,2,0.798019
6341,foxbusiness.com,2,0.800418
6344,foxbusiness.com,2,0.900540
6348,foxbusiness.com,2,0.774969
6351,foxbusiness.com,2,0.756166
6353,foxbusiness.com,2,0.800177
6359,foxbusiness.com,2,0.800873
6360,foxbusiness.com,2,0.822938
6361,foxbusiness.com,2,0.815985
6362,foxbusiness.com,2,0.723965
6363,foxbusiness.com,2,0.762322
6364,foxbusiness.com,2,0.762322
6366,foxbusiness.com,2,0.734497
6367,foxbusiness.com,2,0.830742
6371,foxcarolina.com,2,0.821261
6372,foxcarolina.com,2,0.821903
6373,foxcarolina.com,2,0.822713
6374,foxcarolina.com,2,0.779687
6375,foxcarolina.com,2,0.819577
6376,foxcarolina.com,2,0.834587
6377,foxcarolina.com,2,0.900122
6379,foxcarolina.com,2,0.760863
6381,foxcarolina.com,2,0.780730
6382,foxcarolina.com,2,0.828305
6383,foxcarolina.com,2,0.831655
6387,foxcarolina.com,2,0.828753
6390,foxnews.com,2,0.846410
6391,foxnews.com,2,0.843042
6402,foxnews.com,2,0.886802
6409,foxnews.com,2,0.853968
6415,foxnews.com,2,0.776793
6419,foxnews.com,2,0.796259
6420,foxnews.com,2,0.796259
6437,foxnews.com,2,0.766551
6441,foxnews.com,2,0.805977
6444,foxnews.com,2,0.777309
6451,foxnews.com,2,0.866242
6456,foxnews.com,2,0.819584
6463,foxnews.com,2,0.780808
6470,foxnews.com,2,0.807810
6472,foxnews.com,2,0.747018
6475,foxnews.com,2,0.810438
6480,foxnews.com,2,0.860691
6481,foxnews.com,2,0.852053
6482,foxnews.com,2,0.871032
6483,foxnews.com,2,0.859191
6484,foxnews.com,2,0.852818
6485,foxnews.com,2,0.819990
6488,foxnews.com,2,0.797827
6493,foxnews.com,2,0.777342
6495,foxnews.com,2,0.825802
6496,foxnews.com,2,0.824859
6500,foxnews.com,2,0.809462
6521,foxnews.com,2,0.808791
6522,foxnews.com,2,0.868766
6523,foxnews.com,2,0.856320
6524,foxnews.com,2,0.823824
6526,foxnews.com,2,0.806356
6527,foxnews.com,2,0.778813
6528,foxnews.com,2,0.734763
6535,foxnews.com,2,0.849175
6540,foxnews.com,2,0.823558
6544,foxnews.com,2,0.775581
6545,foxnews.com,2,0.788162
6546,foxnews.com,2,0.802944
6547,foxnews.com,2,0.788223
6549,foxnews.com,2,0.814969
6555,foxnews.com,2,0.796795
6564,foxnews.com,2,0.803981
6565,foxnews.com,2,0.803981
6566,foxnews.com,2,0.793422
6579,foxnews.com,2,0.874235
6580,foxnews.com,2,0.821414
6582,foxnews.com,2,0.817044
6583,foxnews.com,2,0.817044
6584,foxnews.com,2,0.817044
6585,foxnews.com,2,0.813449
6587,foxnews.com,2,0.790021
6588,foxnews.com,2,0.790021
6596,foxnews.com,2,0.891022
6598,foxnews.com,2,0.842769
6599,foxnews.com,2,0.830459
6600,foxnews.com,2,0.875826
6603,foxnews.com,2,0.802531
6604,foxnews.com,2,0.802531
6614,foxnews.com,2,0.789769
6615,foxnews.com,2,0.812193
6618,foxnews.com,2,0.837941
6619,foxnews.com,2,0.837941
6620,foxnews.com,2,0.837941
6621,foxnews.com,2,0.827966
6622,foxnews.com,2,0.827966
6623,foxnews.com,2,0.827966
6625,foxnews.com,2,0.819986
6626,foxnews.com,2,0.819986
6627,foxnews.com,2,0.838911
6628,foxnews.com,2,0.855811
6629,foxnews.com,2,0.835378
6630,foxnews.com,2,0.873164
6638,foxnews.com,2,0.847917
6641,foxnews.com,2,0.830824
6642,foxnews.com,2,0.808221
6647,foxnews.com,2,0.854873
6648,foxnews.com,2,0.827121
6649,foxnews.com,2,0.799790
6650,foxnews.com,2,0.820161
6662,foxnews.com,2,0.853451
6663,foxnews.com,2,0.840639
6664,foxnews.com,2,0.853451
6665,foxnews.com,2,0.825506
6666,foxnews.com,2,0.796945
6671,foxnews.com,2,0.841482
6675,foxnews.com,2,0.823809
6678,foxnews.com,2,0.806253
6679,foxnews.com,2,0.806253
6683,foxnews.com,2,0.788657
6695,foxnews.com,2,0.783647
6698,foxnews.com,2,0.758613
6699,foxnews.com,2,0.823703
6702,foxnews.com,2,0.827373
6703,foxnews.com,2,0.870602
6706,foxnews.com,2,0.797019
6709,foxnews.com,2,0.788423
6710,foxnews.com,2,0.770364
6713,foxnews.com,2,0.822316
6715,foxnews.com,2,0.799425
6717,foxnews.com,2,0.806361
6719,foxnews.com,2,0.767139
6722,foxnews.com,2,0.877275
6724,foxnews.com,2,0.797124
6726,foxnews.com,2,0.867121
6727,foxnews.com,2,0.859924
6729,foxnews.com,2,0.794489
6734,foxnews.com,2,0.839600
6735,foxnews.com,2,0.857223
6739,foxnews.com,2,0.828614
6740,foxnews.com,2,0.828614
6741,foxnews.com,2,0.836359
6742,foxnews.com,2,0.849742
6743,foxnews.com,2,0.849094
6744,foxnews.com,2,0.793106
6745,foxnews.com,2,0.857028
6749,foxnews.com,2,0.837306
6751,foxnews.com,2,0.827014
6752,foxnews.com,2,0.841409
6753,foxnews.com,2,0.863900
6754,foxnews.com,2,0.842194
6755,foxnews.com,2,0.819523
6756,foxnews.com,2,0.833222
6757,foxnews.com,2,0.809138
6758,foxnews.com,2,0.819239
6762,foxnews.com,2,0.844600
6764,foxnews.com,2,0.880747
6765,foxnews.com,2,0.874810
6766,foxnews.com,2,0.861566
6767,foxnews.com,2,0.804238
6771,foxnews.com,2,0.826407
6772,foxnews.com,2,0.810061
6774,foxnews.com,2,0.831900
6775,foxnews.com,2,0.808476
6776,foxnews.com,2,0.878678
6780,foxnews.com,2,0.747540
6782,foxnews.com,2,0.827407
6783,foxnews.com,2,0.761710
6785,foxnews.com,2,0.783824
6786,foxnews.com,2,0.806781
6788,foxnews.com,2,0.833152
6789,foxnews.com,2,0.799891
6790,foxnews.com,2,0.829123
6791,foxnews.com,2,0.865064
6795,foxnews.com,2,0.884572
6796,foxnews.com,2,0.867950
6797,foxnews.com,2,0.860812
6798,foxnews.com,2,0.855371
6799,foxnews.com,2,0.877787
6800,foxnews.com,2,0.825858
6801,foxnews.com,2,0.851781
6802,foxnews.com,2,0.859412
6805,foxnews.com,2,0.842430
6806,foxnews.com,2,0.853002
6807,foxnews.com,2,0.799227
6808,foxnews.com,2,0.799812
6809,foxnews.com,2,0.779503
6810,foxnews.com,2,0.779503
6814,foxnews.com,2,0.857795
6824,foxnews.com,2,0.871779
6825,foxnews.com,2,0.819601
6826,foxnews.com,2,0.808088
6827,foxnews.com,2,0.897139
6830,foxnews.com,2,0.846549
6831,foxnews.com,2,0.838208
6832,foxnews.com,2,0.837010
6836,foxnews.com,2,0.775737
6837,foxnews.com,2,0.768419
6841,foxnews.com,2,0.807613
6842,foxnews.com,2,0.837976
6843,foxnews.com,2,0.836467
6844,foxnews.com,2,0.770128
6845,foxnews.com,2,0.812664
6847,foxnews.com,2,0.826187
6850,foxnews.com,2,0.777575
6851,foxnews.com,2,0.777575
6852,foxnews.com,2,0.829635
6866,foxnews.com,2,0.798752
6867,foxnews.com,2,0.784684
6869,foxnews.com,2,0.827607
6871,foxnews.com,2,0.825211
6872,foxnews.com,2,0.837901
6875,foxnews.com,2,0.827627
6883,foxnews.com,2,0.833360
6890,foxnews.com,2,0.845783
6900,foxnews.com,2,0.804824
6901,foxnews.com,2,0.822066
6902,foxnews.com,2,0.809956
6903,foxnews.com,2,0.895875
6905,foxnews.com,2,0.850633
6908,foxnews.com,2,0.820840
6909,foxnews.com,2,0.852717
6910,foxnews.com,2,0.827444
6911,foxnews.com,2,0.806253
6912,foxnews.com,2,0.791338
6913,foxnews.com,2,0.824167
6914,foxnews.com,2,0.831345
6915,foxnews.com,2,0.831345
6916,foxnews.com,2,0.800964
6917,foxnews.com,2,0.800964
6918,foxnews.com,2,0.878530
6919,foxnews.com,2,0.862922
6920,foxnews.com,2,0.783951
6927,foxnews.com,2,0.770936
6932,foxnews.com,2,0.824580
6941,foxnews.com,2,0.810441
6943,foxnews.com,2,0.817997
6944,foxnews.com,2,0.828963
6948,foxnews.com,2,0.781041
6955,foxnews.com,2,0.816495
6956,foxnews.com,2,0.749219
6957,foxnews.com,2,0.749219
6960,foxnews.com,2,0.783529
6963,foxnews.com,2,0.798086
6964,foxnews.com,2,0.798086
6965,foxnews.com,2,0.815148
6966,foxnews.com,2,0.815148
6967,foxnews.com,2,0.813770
6968,foxnews.com,2,0.880242
6969,foxnews.com,2,0.867472
6970,foxnews.com,2,0.867472
6971,foxnews.com,2,0.865789
6972,foxnews.com,2,0.843968
6973,foxnews.com,2,0.842016
6974,foxnews.com,2,0.821424
6982,foxnews.com,2,0.749668
6986,foxnews.com,2,0.842049
6989,foxnews.com,2,0.847099
7007,foxnews.com,2,0.811198
7013,foxnews.com,2,0.815626
7014,foxnews.com,2,0.795600
7015,foxnews.com,2,0.796338
7016,foxnews.com,2,0.842268
7018,foxnews.com,2,0.819708
7019,foxnews.com,2,0.855954
7022,foxnews.com,2,0.795308
7023,foxnews.com,2,0.829944
7024,foxnews.com,2,0.813376
7030,foxnews.com,2,0.814485
7033,foxnews.com,2,0.814667
7037,foxnews.com,2,0.779239
7040,foxnews.com,2,0.849425
7042,foxnews.com,2,0.786802
7043,foxnews.com,2,0.786802
7045,foxnews.com,2,0.815210
7050,foxnews.com,2,0.824802
7054,foxnews.com,2,0.784871
7057,foxnews.com,2,0.760075
7058,foxnews.com,2,0.738814
7060,foxnews.com,2,0.818348
7062,foxnews.com,2,0.804231
7072,foxnews.com,2,0.822540
7073,foxnews.com,2,0.793518
7074,foxnews.com,2,0.793518
7075,foxnews.com,2,0.783685
7093,foxnews.com,2,0.800006
7094,foxnews.com,2,0.813347
7095,foxnews.com,2,0.804470
7097,foxnews.com,2,0.828465
7101,foxnews.com,2,0.814208
7102,foxnews.com,2,0.778788
7104,foxnews.com,2,0.804349
7105,foxnews.com,2,0.813484
7106,foxnews.com,2,0.794107
7107,foxnews.com,2,0.834538
7108,foxnews.com,2,0.800640
7109,foxnews.com,2,0.800640
7110,foxnews.com,2,0.810382
7114,foxnews.com,2,0.813239
7119,foxnews.com,2,0.783128
7120,foxnews.com,2,0.814329
7121,foxnews.com,2,0.814329
7124,foxnews.com,2,0.857226
7127,foxnews.com,2,0.816202
7132,foxnews.com,2,0.858691
7133,foxnews.com,2,0.847051
7134,foxnews.com,2,0.820058
7136,foxnews.com,2,0.867535
7138,foxnews.com,2,0.717716
7140,foxnews.com,2,0.800389
7142,foxnews.com,2,0.731535
7143,foxnews.com,2,0.719097
7146,foxnews.com,2,0.800979
7157,foxnews.com,2,0.759414
7161,foxnews.com,2,0.833534
7163,foxnews.com,2,0.766569
7167,foxnews.com,2,0.865154
7168,foxnews.com,2,0.797508
7172,foxnews.com,2,0.813556
7176,foxnews.com,2,0.803757
7180,foxnews.com,2,0.837565
7181,foxnews.com,2,0.824581
7183,foxnews.com,2,0.734033
7184,foxnews.com,2,0.798427
7187,foxnews.com,2,0.740154
7188,foxnews.com,2,0.740154
7189,foxnews.com,2,0.796058
7192,foxnews.com,2,0.745798
7195,foxnews.com,2,0.837630
7196,foxnews.com,2,0.858949
7197,foxnews.com,2,0.791776
7199,foxnews.com,2,0.854845
7206,france24.com,2,0.794286
7207,france24.com,2,0.800650
7210,france24.com,2,0.817934
7212,france24.com,2,0.779191
7213,france24.com,2,0.787505
7214,france24.com,2,0.774694
7218,france24.com,2,0.805994
7219,france24.com,2,0.753281
7220,france24.com,2,0.854468
7221,france24.com,2,0.788660
7224,france24.com,2,0.771425
7226,france24.com,2,0.821471
7227,france24.com,2,0.840077
7228,france24.com,2,0.809485
7231,france24.com,2,0.786351
7232,france24.com,2,0.812488
7233,freep.com,2,0.812637
7234,freep.com,2,0.802165
7236,freep.com,2,0.805534
7238,freep.com,2,0.856693
7239,freep.com,2,0.765472
7240,freep.com,2,0.817671
7242,freep.com,2,0.831359
7243,freep.com,2,0.829401
7246,freep.com,2,0.805448
7247,freep.com,2,0.753196
7248,frontofficesports.com,2,0.801962
7249,frontofficesports.com,2,0.842719
7250,frontofficesports.com,2,0.828959
7251,frontofficesports.com,2,0.854471
7252,frontofficesports.com,2,0.773142
7253,frontofficesports.com,2,0.801072
7254,frontofficesports.com,2,0.785009
7255,frontofficesports.com,2,0.823383
7256,ft.com,2,0.893393
7260,ft.com,2,0.873241
7262,ft.com,2,0.880092
7263,ft.com,2,0.815848
7264,ft.com,2,0.815848
7265,ft.com,2,0.948977
7268,ft.com,2,0.875834
7269,ft.com,2,0.836726
7274,ft.com,2,0.838140
7275,ft.com,2,0.880111
7276,ft.com,2,0.857355
7281,ft.com,2,0.833150
7292,ft.com,2,0.868650
7298,ft.com,2,0.848274
7301,ft.com,2,0.859421
7302,ft.com,2,0.793091
7303,ft.com,2,0.793091
7309,ft.com,2,0.877919
7321,ft.com,2,0.813196
7322,ft.com,2,0.829854
7323,ft.com,2,0.828118
7326,gazette.com,2,0.807543
7327,gazette.com,2,0.775534
7328,gazette.com,2,0.767796
7329,gazette.com,2,0.806000
7330,gazette.com,2,0.744120
7331,gazette.com,2,0.764023
7332,gazette.com,2,0.786152
7333,gazette.com,2,0.780935
7334,gazette.com,2,0.807581
7335,gazette.com,2,0.756287
7341,gazette.com,2,0.743333
7342,gazettextra.com,2,0.874473
7343,gazettextra.com,2,0.874473
7344,gazettextra.com,2,0.874473
7345,gazettextra.com,2,0.860702
7346,gazettextra.com,2,0.860702
7347,gazettextra.com,2,0.860702
7348,gazettextra.com,2,0.860702
7349,gazettextra.com,2,0.860702
7350,gazettextra.com,2,0.860702
7351,gazettextra.com,2,0.860702
7352,gazettextra.com,2,0.860702
7353,gazettextra.com,2,0.860702
7354,gazettextra.com,2,0.860702
7355,gazettextra.com,2,0.860702
7356,gazettextra.com,2,0.860702
7357,gazettextra.com,2,0.860702
7358,gazettextra.com,2,0.860702
7359,gazettextra.com,2,0.860702
7360,gazettextra.com,2,0.860702
7361,gazettextra.com,2,0.860702
7362,gazettextra.com,2,0.860702
7363,gazettextra.com,2,0.860702
7364,gazettextra.com,2,0.860702
7365,gazettextra.com,2,0.860702
7366,gazettextra.com,2,0.860702
7367,gazettextra.com,2,0.860702
7368,gazettextra.com,2,0.860702
7369,gazettextra.com,2,0.860702
7370,gazettextra.com,2,0.860702
7371,gazettextra.com,2,0.860702
7372,gazettextra.com,2,0.860702
7373,gazettextra.com,2,0.860702
7374,gazettextra.com,2,0.860702
7375,gazettextra.com,2,0.860702
7376,gazettextra.com,2,0.860702
7377,gazettextra.com,2,0.860702
7378,gazettextra.com,2,0.860702
7379,gazettextra.com,2,0.860702
7380,gazettextra.com,2,0.860702
7381,gazettextra.com,2,0.860702
7382,gazettextra.com,2,0.860702
7383,gazettextra.com,2,0.860702
7384,gazettextra.com,2,0.860702
7385,gazettextra.com,2,0.860702
7386,gazettextra.com,2,0.860702
7388,gazettextra.com,2,0.834908
7389,gazettextra.com,2,0.834908
7396,georgiarecorder.com,2,0.760332
7397,georgiarecorder.com,2,0.807849
7402,georgiarecorder.com,2,0.772282
7406,gjsentinel.com,2,0.833348
7407,gjsentinel.com,2,0.898162
7408,gjsentinel.com,2,0.898162
7410,gjsentinel.com,2,0.798257
7411,gjsentinel.com,2,0.822772
7412,gjsentinel.com,2,0.768192
7425,govexec.com,2,0.796795
7428,govexec.com,2,0.806556
7429,govexec.com,2,0.819293
7435,gpb.org,2,0.822337
7436,gpb.org,2,0.798439
7437,gpb.org,2,0.855970
7438,gpb.org,2,0.761194
7439,gpb.org,2,0.751438
7441,gpb.org,2,0.777065
7442,gpb.org,2,0.783451
7443,gpb.org,2,0.821892
7445,gpb.org,2,0.744308
7447,gvwire.com,2,0.809138
7449,gvwire.com,2,0.812588
7450,gvwire.com,2,0.769432
7451,gvwire.com,2,0.822302
7452,gvwire.com,2,0.888999
7454,gvwire.com,2,0.794574
7455,gvwire.com,2,0.745582
7456,gvwire.com,2,0.737652
7458,gvwire.com,2,0.847811
7465,haaretz.com,2,0.798135
7466,haaretz.com,2,0.789366
7471,haaretz.com,2,0.804502
7473,haaretz.com,2,0.772268
7477,hawaiinewsnow.com,2,0.822713
7478,hawaiinewsnow.com,2,0.792824
7480,hawaiinewsnow.com,2,0.819577
7481,hawaiinewsnow.com,2,0.900122
7487,hawaiinewsnow.com,2,0.798683
7488,hawaiinewsnow.com,2,0.809866
7520,hjnews.com,2,0.874473
7521,hjnews.com,2,0.874473
7522,hjnews.com,2,0.874473
7523,hjnews.com,2,0.874473
7524,hjnews.com,2,0.874473
7525,hjnews.com,2,0.860702
7526,hjnews.com,2,0.860702
7527,hjnews.com,2,0.860702
7528,hjnews.com,2,0.860702
7529,hjnews.com,2,0.860702
7530,hjnews.com,2,0.860702
7531,hjnews.com,2,0.860702
7532,hjnews.com,2,0.860702
7533,hjnews.com,2,0.860702
7534,hjnews.com,2,0.860702
7535,hjnews.com,2,0.860702
7536,hjnews.com,2,0.860702
7539,hjnews.com,2,0.887142
7541,hjnews.com,2,0.834908
7542,hjnews.com,2,0.834908
7543,hjnews.com,2,0.834908
7545,hjnews.com,2,0.727047
7546,hjnews.com,2,0.784885
7547,hollywoodreporter.com,2,0.773746
7548,hollywoodreporter.com,2,0.828058
7550,hollywoodreporter.com,2,0.719498
7551,hollywoodreporter.com,2,0.837118
7552,hollywoodreporter.com,2,0.782120
7554,hollywoodreporter.com,2,0.782599
7555,hollywoodreporter.com,2,0.783461
7556,hollywoodreporter.com,2,0.767681
7565,houstonchronicle.com,2,0.873922
7567,houstonchronicle.com,2,0.805182
7572,houstonpublicmedia.org,2,0.878270
7573,houstonpublicmedia.org,2,0.820459
7576,houstonpublicmedia.org,2,0.855970
7580,houstonpublicmedia.org,2,0.823562
7581,houstonpublicmedia.org,2,0.819478
7582,houstonpublicmedia.org,2,0.815165
7583,houstonpublicmedia.org,2,0.830036
7584,houstonpublicmedia.org,2,0.816405
7592,huffpost.com,2,0.838815
7593,huffpost.com,2,0.861363
7594,huffpost.com,2,0.860058
7596,huffpost.com,2,0.835134
7598,huffpost.com,2,0.846841
7599,huffpost.com,2,0.825757
7604,huffpost.com,2,0.817726
7608,huffpost.com,2,0.828459
7613,huffpost.com,2,0.871915
7615,huffpost.com,2,0.823961
7617,huffpost.com,2,0.855625
7618,huffpost.com,2,0.764954
7622,huffpost.com,2,0.794380
7624,huffpost.com,2,0.860696
7625,huffpost.com,2,0.880192
7629,huffpost.com,2,0.854477
7631,huffpost.com,2,0.869801
7635,huffpost.com,2,0.879894
7637,huffpost.com,2,0.815210
7638,huffpost.com,2,0.849091
7639,huffpost.com,2,0.829990
7640,huffpost.com,2,0.844768
7641,huffpost.com,2,0.866327
7642,huffpost.com,2,0.816810
7647,huffpost.com,2,0.820497
7648,huffpost.com,2,0.828006
7651,huffpost.com,2,0.786958
7653,huffpost.com,2,0.805120
7654,huffpost.com,2,0.843932
7657,huffpost.com,2,0.823800
7658,huffpost.com,2,0.723296
7659,huffpost.com,2,0.802680
7660,huffpost.com,2,0.809319
7661,huffpost.com,2,0.880706
7662,huffpost.com,2,0.891192
7663,huffpost.com,2,0.834501
7664,huffpost.com,2,0.822188
7665,huffpost.com,2,0.832030
7668,huffpost.com,2,0.844802
7676,huffpost.com,2,0.811608
7677,huffpost.com,2,0.852563
7681,huffpost.com,2,0.827168
7682,huffpost.com,2,0.786318
7684,huffpost.com,2,0.805200
7685,huffpost.com,2,0.812814
7690,huffpost.com,2,0.884831
7692,huffpost.com,2,0.869409
7694,huffpost.com,2,0.849740
7698,huffpost.com,2,0.806891
7699,huffpost.com,2,0.831580
7704,huffpost.com,2,0.853032
7705,huffpost.com,2,0.780977
7706,huffpost.com,2,0.846741
7707,huffpost.com,2,0.824029
7708,huffpost.com,2,0.851073
7709,huffpost.com,2,0.848872
7710,huffpost.com,2,0.835694
7713,huffpost.com,2,0.828017
7714,huffpost.com,2,0.797852
7715,huffpost.com,2,0.777426
7716,huffpost.com,2,0.866379
7718,huffpost.com,2,0.812208
7721,huffpost.com,2,0.759960
7722,huffpost.com,2,0.790049
7723,huffpost.com,2,0.828782
7733,huffpost.com,2,0.829831
7734,huffpost.com,2,0.854253
7735,huffpost.com,2,0.821217
7736,huffpost.com,2,0.815755
7737,huffpost.com,2,0.841976
7738,huffpost.com,2,0.826592
7739,huffpost.com,2,0.810351
7741,huffpost.com,2,0.798161
7743,huffpost.com,2,0.856683
7745,huffpost.com,2,0.838279
7746,huffpost.com,2,0.847015
7747,huffpost.com,2,0.896334
7748,huffpost.com,2,0.823149
7751,huffpost.com,2,0.870120
7753,huffpost.com,2,0.824943
7756,huffpost.com,2,0.811406
7768,huffpost.com,2,0.742037
7770,huffpost.com,2,0.855767
7771,huffpost.com,2,0.754897
7773,huffpost.com,2,0.798562
7781,huffpost.com,2,0.751245
7782,huffpost.com,2,0.812357
7783,huffpost.com,2,0.842938
7784,huffpost.com,2,0.856797
7785,huffpost.com,2,0.823925
7786,huffpost.com,2,0.752622
7787,huffpost.com,2,0.752622
7790,huffpost.com,2,0.793416
7791,huffpost.com,2,0.802374
7792,huffpost.com,2,0.799959
7800,huffpost.com,2,0.841813
7801,huffpost.com,2,0.840922
7802,huffpost.com,2,0.836316
7804,huffpost.com,2,0.824740
7805,huffpost.com,2,0.822627
7807,huffpost.com,2,0.842031
7808,huffpost.com,2,0.867676
7810,huffpost.com,2,0.863540
7811,huffpost.com,2,0.829569
7814,huffpost.com,2,0.873353
7817,huffpost.com,2,0.824320
7818,huffpost.com,2,0.821573
7819,huffpost.com,2,0.821573
7820,huffpost.com,2,0.834832
7821,huffpost.com,2,0.845944
7826,huffpost.com,2,0.882847
7829,huffpost.com,2,0.819459
7830,huffpost.com,2,0.866557
7834,huffpost.com,2,0.863328
7836,huffpost.com,2,0.826002
7837,huffpost.com,2,0.826002
7838,huffpost.com,2,0.822188
7839,huffpost.com,2,0.759922
7840,huffpost.com,2,0.785014
7841,huffpost.com,2,0.785014
7842,huffpost.com,2,0.820493
7843,huffpost.com,2,0.804081
7845,huffpost.com,2,0.811639
7846,huffpost.com,2,0.826548
7847,huffpost.com,2,0.777294
7849,huffpost.com,2,0.823229
7850,huffpost.com,2,0.855939
7851,huffpost.com,2,0.852364
7852,huffpost.com,2,0.845755
7853,huffpost.com,2,0.765938
7854,huffpost.com,2,0.757740
7855,huffpost.com,2,0.849408
7856,huffpost.com,2,0.843430
7857,huffpost.com,2,0.850080
7859,huffpost.com,2,0.912590
7860,huffpost.com,2,0.869895
7862,huffpost.com,2,0.772023
7864,huffpost.com,2,0.868375
7865,huffpost.com,2,0.848544
7868,huffpost.com,2,0.851732
7874,huffpost.com,2,0.857332
7876,huffpost.com,2,0.834758
7879,huffpost.com,2,0.825407
7888,huffpost.com,2,0.830460
7890,huffpost.com,2,0.731578
7891,huffpost.com,2,0.869509
7892,huffpost.com,2,0.860335
7893,huffpost.com,2,0.886626
7894,huffpost.com,2,0.793916
7895,huffpost.com,2,0.820163
7897,huffpost.com,2,0.857251
7902,huffpost.com,2,0.834796
7903,huffpost.com,2,0.837180
7904,huffpost.com,2,0.846991
7905,huffpost.com,2,0.895033
7909,huffpost.com,2,0.844333
7915,huffpost.com,2,0.782666
7916,huffpost.com,2,0.782666
7921,huffpost.com,2,0.856315
7922,huffpost.com,2,0.815511
7924,huffpost.com,2,0.850767
7928,huffpost.com,2,0.794421
7933,huffpost.com,2,0.867295
7940,huffpost.com,2,0.869524
7941,huffpost.com,2,0.818230
7942,huffpost.com,2,0.843242
7946,huffpost.com,2,0.785641
7952,huffpost.com,2,0.841250
7954,huffpost.com,2,0.752907
7955,huffpost.com,2,0.752907
7959,huffpost.com,2,0.823019
7961,huffpost.com,2,0.899902
7962,huffpost.com,2,0.850869
7964,huffpost.com,2,0.864503
7966,huffpost.com,2,0.858498
7968,huffpost.com,2,0.778049
7969,huffpost.com,2,0.813206
7970,huffpost.com,2,0.793415
7971,huffpost.com,2,0.807285
7972,huffpost.com,2,0.775761
7978,huffpost.com,2,0.819786
7981,huffpost.com,2,0.806078
7982,huffpost.com,2,0.882545
7986,huffpost.com,2,0.818065
7989,huffpost.com,2,0.827110
7990,huffpost.com,2,0.839262
7991,huffpost.com,2,0.772064
7994,huffpost.com,2,0.798670
7995,huffpost.com,2,0.796586
7996,huffpost.com,2,0.801227
7997,huffpost.com,2,0.783228
7998,huffpost.com,2,0.793443
8000,huffpost.com,2,0.783929
8001,huffpost.com,2,0.791689
8002,huffpost.com,2,0.847989
8003,huffpost.com,2,0.829137
8008,huffpost.com,2,0.847290
8010,huffpost.com,2,0.767454
8011,huffpost.com,2,0.788641
8013,huffpost.com,2,0.831431
8016,huffpost.com,2,0.778473
8017,huffpost.com,2,0.753529
8018,huffpost.com,2,0.741666
8019,huffpost.com,2,0.814772
8024,huffpost.com,2,0.834886
8027,huffpost.com,2,0.858609
8028,huffpost.com,2,0.794752
8029,huffpost.com,2,0.838812
8032,huffpost.com,2,0.810167
8033,huffpost.com,2,0.857562
8037,huffpost.com,2,0.824618
8039,huffpost.com,2,0.827664
8040,huffpost.com,2,0.802825
8041,huffpost.com,2,0.843277
8042,huffpost.com,2,0.786426
8043,huffpost.com,2,0.763550
8046,huffpost.com,2,0.791261
8050,huffpost.com,2,0.799108
8052,huffpost.com,2,0.761014
8054,huffpost.com,2,0.817431
8055,huffpost.com,2,0.777911
8056,huffpost.com,2,0.777911
8057,huffpost.com,2,0.785629
8059,huffpost.com,2,0.781182
8062,huffpost.com,2,0.797978
8065,huffpost.com,2,0.844435
8072,huffpost.com,2,0.765101
8077,huffpost.com,2,0.801881
8078,huffpost.com,2,0.818069
8081,huffpost.com,2,0.819822
8082,huffpost.com,2,0.818041
8084,huffpost.com,2,0.799309
8085,huffpost.com,2,0.783493
8091,huffpost.com,2,0.791021
8093,huffpost.com,2,0.843136
8094,huffpost.com,2,0.806036
8095,huffpost.com,2,0.772725
8099,huffpost.com,2,0.859174
8100,huffpost.com,2,0.833007
8101,huffpost.com,2,0.871425
8102,huffpost.com,2,0.862374
8106,huffpost.com,2,0.854273
8107,huffpost.com,2,0.837985
8108,huffpost.com,2,0.793758
8110,huffpost.com,2,0.821139
8111,huffpost.com,2,0.815697
8112,huffpost.com,2,0.820668
8113,huffpost.com,2,0.843835
8118,huffpost.com,2,0.800789
8121,huffpost.com,2,0.851310
8122,huffpost.com,2,0.771935
8123,huffpost.com,2,0.832788
8124,huffpost.com,2,0.857697
8125,huffpost.com,2,0.832980
8126,huffpost.com,2,0.801765
8128,huffpost.com,2,0.810897
8131,huffpost.com,2,0.822128
8132,huffpost.com,2,0.814728
8134,huffpost.com,2,0.845257
8135,huffpost.com,2,0.838127
8136,huffpost.com,2,0.834739
8138,huffpost.com,2,0.795956
8140,huffpost.com,2,0.788022
8141,huffpost.com,2,0.833486
8149,huffpost.com,2,0.835210
8153,huffpost.com,2,0.855484
8155,huffpost.com,2,0.843780
8156,huffpost.com,2,0.852402
8157,huffpost.com,2,0.782212
8158,huffpost.com,2,0.840763
8159,huffpost.com,2,0.801759
8164,huffpost.com,2,0.830212
8165,huffpost.com,2,0.820784
8167,huffpost.com,2,0.803532
8168,huffpost.com,2,0.803532
8170,idahostatejournal.com,2,0.833348
8171,idahostatejournal.com,2,0.860702
8172,idahostatejournal.com,2,0.784739
8176,idahostatejournal.com,2,0.914759
8177,idahostatejournal.com,2,0.800477
8178,idahostatejournal.com,2,0.800477
8179,idahostatejournal.com,2,0.810720
8182,idahostatejournal.com,2,0.803096
8185,independent.co.uk,2,0.889542
8191,independent.co.uk,2,0.866003
8192,independent.co.uk,2,0.874603
8201,independent.co.uk,2,0.839815
8209,indianacapitalchronicle.com,2,0.756656
8238,inquirer.com,2,0.781631
8239,inquirer.com,2,0.790071
8240,inquirer.com,2,0.821522
8246,inquirer.com,2,0.833019
8248,inquirer.com,2,0.820319
8250,inquirer.com,2,0.778049
8253,inquirer.com,2,0.806509
8254,inquirer.com,2,0.829959
8255,inquirer.com,2,0.850535
8256,inquirer.com,2,0.774321
8259,inquirer.com,2,0.827576
8262,insidernj.com,2,0.811106
8263,insidernj.com,2,0.811106
8266,insidernj.com,2,0.859640
8267,insidernj.com,2,0.837154
8269,insidernj.com,2,0.776349
8270,insidernj.com,2,0.901489
8271,insidernj.com,2,0.834036
8274,insidernj.com,2,0.846695
8277,insidernj.com,2,0.873372
8278,insidernj.com,2,0.873372
8279,insidernj.com,2,0.873372
8280,insidernj.com,2,0.820135
8286,insidernj.com,2,0.827629
8287,jdsupra.com,2,0.852401
8290,jdsupra.com,2,0.798096
8291,jdsupra.com,2,0.856779
8292,jdsupra.com,2,0.826178
8293,jdsupra.com,2,0.723238
8299,jdsupra.com,2,0.788156
8302,jdsupra.com,2,0.799012
8303,jdsupra.com,2,0.788078
8304,jdsupra.com,2,0.727599
8306,jdsupra.com,2,0.794118
8308,jdsupra.com,2,0.808194
8309,jdsupra.com,2,0.776688
8310,jdsupra.com,2,0.748379
8312,jdsupra.com,2,0.773496
8314,jdsupra.com,2,0.798383
8315,jdsupra.com,2,0.829145
8316,jdsupra.com,2,0.752614
8317,jdsupra.com,2,0.790508
8320,jdsupra.com,2,0.782099
8322,jdsupra.com,2,0.768398
8323,jdsupra.com,2,0.739901
8324,jdsupra.com,2,0.794102
8331,jla.com,2,0.798544
8335,journal-news.com,2,0.902196
8337,journal-news.com,2,0.833348
8348,journal-news.com,2,0.860702
8349,journal-news.com,2,0.860702
8350,journal-news.com,2,0.860702
8351,journal-news.com,2,0.860702
8352,journal-news.com,2,0.860702
8353,journal-news.com,2,0.860702
8354,journal-news.com,2,0.860702
8355,journal-news.com,2,0.860702
8356,journal-news.com,2,0.860702
8357,journal-news.com,2,0.860702
8358,journal-news.com,2,0.860702
8359,journal-news.com,2,0.860702
8360,journal-news.com,2,0.860702
8361,journal-news.com,2,0.860702
8362,journal-news.com,2,0.860702
8363,journal-news.com,2,0.860702
8364,journal-news.com,2,0.860702
8365,journal-news.com,2,0.860702
8366,journal-news.com,2,0.860702
8367,journal-news.com,2,0.860702
8368,journal-news.com,2,0.860702
8369,journal-news.com,2,0.790686
8370,journal-news.com,2,0.904463
8371,journal-news.com,2,0.902178
8372,journal-news.com,2,0.898162
8373,journal-news.com,2,0.898162
8374,journal-news.com,2,0.861757
8377,journal-news.com,2,0.887142
8378,journal-news.com,2,0.887142
8379,journal-news.com,2,0.793053
8380,journal-news.com,2,0.843881
8381,journal-news.com,2,0.844399
8382,journal-news.com,2,0.844399
8383,journal-news.com,2,0.860795
8384,journal-news.com,2,0.860795
8385,journal-news.com,2,0.848580
8386,journal-news.com,2,0.835201
8387,journal-news.com,2,0.857074
8388,journal-news.com,2,0.821522
8389,journal-news.com,2,0.834908
8390,journal-news.com,2,0.834908
8391,journal-news.com,2,0.732530
8400,journal-news.com,2,0.727047
8402,journalgazette.net,2,0.777812
8408,journalgazette.net,2,0.794814
8412,jpost.com,2,0.840811
8416,jpost.com,2,0.817949
8417,jpost.com,2,0.832123
8419,jpost.com,2,0.810387
8420,jpost.com,2,0.811702
8422,jpost.com,2,0.831689
8424,jpost.com,2,0.709174
8429,jpost.com,2,0.786094
8432,jpost.com,2,0.852767
8435,jpost.com,2,0.791267
8436,jpost.com,2,0.788953
8438,jpost.com,2,0.797567
8439,jpost.com,2,0.884762
8441,jpost.com,2,0.853148
8443,juneauindependent.com,2,0.794719
8445,juneauindependent.com,2,0.743777
8446,juneauindependent.com,2,0.805253
8448,juneauindependent.com,2,0.805003
8449,juneauindependent.com,2,0.832358
8451,juneauindependent.com,2,0.814625
8452,juneauindependent.com,2,0.848177
8453,juneauindependent.com,2,0.808232
8454,juneauindependent.com,2,0.794780
8459,jurist.org,2,0.811459
8461,jurist.org,2,0.819309
8462,jurist.org,2,0.810955
8465,jurist.org,2,0.803929
8474,kansascity.com,2,0.804461
8479,kansasreflector.com,2,0.814044
8480,kansasreflector.com,2,0.814164
8484,kansasreflector.com,2,0.804569
8485,kansasreflector.com,2,0.776927
8492,kare11.com,2,0.795705
8493,kare11.com,2,0.782708
8497,kare11.com,2,0.841018
8498,kare11.com,2,0.845253
8499,kare11.com,2,0.862898
8500,kare11.com,2,0.844205
8505,katu.com,2,0.837534
8506,katu.com,2,0.848874
8515,katu.com,2,0.802511
8521,katv.com,2,0.811935
8522,katv.com,2,0.776299
8523,katv.com,2,0.760663
8524,katv.com,2,0.843818
8529,katv.com,2,0.816916
8530,katv.com,2,0.805563
8533,katv.com,2,0.798848
8535,kbtx.com,2,0.856382
8537,kbtx.com,2,0.819577
8538,kbtx.com,2,0.865466
8541,kbtx.com,2,0.828753
8544,kbtx.com,2,0.809866
8559,kcci.com,2,0.816284
8561,kcra.com,2,0.828198
8562,kcra.com,2,0.788328
8563,kcra.com,2,0.834982
8564,kcra.com,2,0.748232
8565,kcra.com,2,0.824651
8566,kcra.com,2,0.787095
8568,kcra.com,2,0.775179
8569,kcra.com,2,0.781591
8571,kcra.com,2,0.770692
8572,kcra.com,2,0.793509
8575,kcra.com,2,0.857314
8576,kcra.com,2,0.756486
8578,kcra.com,2,0.829635
8580,kcra.com,2,0.765068
8581,kcra.com,2,0.737227
8583,kcra.com,2,0.763984
8591,kcra.com,2,0.817127
8592,kcra.com,2,0.827228
8593,kcra.com,2,0.811302
8594,kcra.com,2,0.773991
8595,kcra.com,2,0.812598
8596,kcra.com,2,0.760587
8597,kcra.com,2,0.781062
8599,kcrg.com,2,0.900122
8600,kcrg.com,2,0.806497
8601,kcrg.com,2,0.894423
8606,kcrg.com,2,0.865466
8607,kcrg.com,2,0.785375
8609,kcrg.com,2,0.834091
8611,kcrg.com,2,0.896200
8612,kcrg.com,2,0.809866
8613,kctv5.com,2,0.822713
8614,kctv5.com,2,0.900122
8615,kctv5.com,2,0.815594
8616,kctv5.com,2,0.815594
8617,kctv5.com,2,0.799659
8618,kctv5.com,2,0.792575
8619,kctv5.com,2,0.766235
8621,kctv5.com,2,0.872289
8624,kdhnews.com,2,0.821522
8625,kdhnews.com,2,0.821522
8626,kdhnews.com,2,0.805523
8627,kdhnews.com,2,0.838882
8628,kdhnews.com,2,0.825067
8630,kdhnews.com,2,0.832306
8633,kdhnews.com,2,0.773927
8636,kdhnews.com,2,0.827230
8638,kdhnews.com,2,0.820408
8643,keloland.com,2,0.811312
8645,keloland.com,2,0.765767
8647,keloland.com,2,0.828515
8649,keloland.com,2,0.823207
8651,ketv.com,2,0.777554
8652,ketv.com,2,0.856110
8654,ketv.com,2,0.813438
8655,ketv.com,2,0.804956
8656,ketv.com,2,0.806990
8657,ketv.com,2,0.737227
8660,ketv.com,2,0.772418
8661,kfgo.com,2,0.802932
8662,kfgo.com,2,0.845284
8664,kfgo.com,2,0.766052
8665,kfgo.com,2,0.758644
8666,kfgo.com,2,0.765071
8667,kfgo.com,2,0.738446
8670,kfgo.com,2,0.772872
8674,kfvs12.com,2,0.764036
8675,kfvs12.com,2,0.764036
8676,kfvs12.com,2,0.822713
8677,kfvs12.com,2,0.900122
8678,kfvs12.com,2,0.803585
8681,kfvs12.com,2,0.794821
8684,kgou.org,2,0.855970
8685,kgou.org,2,0.815165
8686,kgou.org,2,0.824205
8688,kgou.org,2,0.800727
8689,kgou.org,2,0.787420
8694,king5.com,2,0.842495
8697,king5.com,2,0.800610
8698,king5.com,2,0.795090
8699,king5.com,2,0.804038
8700,king5.com,2,0.804038
8704,king5.com,2,0.788690
8706,kjzz.org,2,0.740120
8707,kjzz.org,2,0.787516
8709,kjzz.org,2,0.755708
8711,kjzz.org,2,0.912630
8712,kjzz.org,2,0.784210
8713,kjzz.org,2,0.733183
8715,kjzz.org,2,0.815165
8716,kjzz.org,2,0.793671
8719,kjzz.org,2,0.796763
8723,kjzz.org,2,0.807487
8724,kjzz.org,2,0.761087
8727,klcc.org,2,0.855970
8728,klcc.org,2,0.763967
8730,klcc.org,2,0.815165
8731,klcc.org,2,0.794144
8734,klfy.com,2,0.829696
8735,klfy.com,2,0.823399
8736,klfy.com,2,0.825170
8737,klfy.com,2,0.815843
8738,klfy.com,2,0.823293
8740,klfy.com,2,0.770878
8746,kltv.com,2,0.819577
8747,kltv.com,2,0.900122
8750,kltv.com,2,0.783415
8754,kltv.com,2,0.774249
8757,knoe.com,2,0.822690
8758,knoe.com,2,0.900122
8759,knoe.com,2,0.865466
8760,knoe.com,2,0.854347
8761,knoe.com,2,0.848806
8762,knoe.com,2,0.824396
8763,knoe.com,2,0.793034
8764,knoe.com,2,0.813002
8765,knoe.com,2,0.769394
8768,knoe.com,2,0.796393
8770,knoe.com,2,0.803275
8772,knpr.org,2,0.751438
8774,knpr.org,2,0.815165
8775,knpr.org,2,0.783731
8779,koat.com,2,0.836724
8783,koat.com,2,0.753482
8784,koat.com,2,0.765068
8785,koat.com,2,0.737227
8788,koat.com,2,0.760168
8790,koat.com,2,0.817127
8792,koco.com,2,0.823349
8794,koco.com,2,0.790894
8795,koco.com,2,0.765515
8796,koco.com,2,0.783683
8797,koco.com,2,0.764506
8798,koco.com,2,0.731579
8799,koco.com,2,0.760084
8800,koco.com,2,0.792206
8801,koco.com,2,0.787507
8802,koco.com,2,0.789281
8803,koco.com,2,0.749634
8804,koco.com,2,0.781127
8805,koco.com,2,0.745647
8806,koco.com,2,0.769334
8807,koco.com,2,0.747961
8808,koco.com,2,0.742317
8809,koco.com,2,0.747961
8810,koco.com,2,0.742317
8811,koco.com,2,0.742317
8812,koco.com,2,0.751059
8813,koco.com,2,0.747647
8814,koco.com,2,0.804018
8815,koco.com,2,0.764965
8816,koco.com,2,0.788325
8817,koco.com,2,0.808221
8818,koco.com,2,0.828614
8819,koco.com,2,0.826306
8820,koco.com,2,0.815909
8821,koco.com,2,0.824253
8823,koco.com,2,0.748305
8824,koco.com,2,0.763441
8825,koco.com,2,0.774996
8828,koco.com,2,0.760587
8832,kolotv.com,2,0.900122
8833,kolotv.com,2,0.763847
8837,kolotv.com,2,0.759043
8838,kolotv.com,2,0.814594
8843,komonews.com,2,0.863605
8848,komonews.com,2,0.836804
8851,komonews.com,2,0.770787
8852,komonews.com,2,0.837534
8854,komonews.com,2,0.858884
8855,komonews.com,2,0.848874
8861,komonews.com,2,0.812480
8868,komonews.com,2,0.824726
8870,komonews.com,2,0.780200
8871,komonews.com,2,0.827086
8872,komonews.com,2,0.798323
8876,kosu.org,2,0.815970
8877,kosu.org,2,0.855970
8879,kosu.org,2,0.751438
8881,kosu.org,2,0.755038
8882,kosu.org,2,0.824205
8883,kosu.org,2,0.824205
8884,kosu.org,2,0.808938
8886,kosu.org,2,0.847566
8887,kosu.org,2,0.786697
8888,kotatv.com,2,0.822713
8889,kotatv.com,2,0.792450
8891,kotatv.com,2,0.900122
8896,kotatv.com,2,0.784283
8899,kotatv.com,2,0.817570
8900,kotatv.com,2,0.826818
8907,kpbs.org,2,0.803014
8908,kpbs.org,2,0.855970
8909,kpbs.org,2,0.815165
8910,kpbs.org,2,0.783731
8911,kpbs.org,2,0.799481
8915,kpbs.org,2,0.811298
8917,kpbs.org,2,0.784070
8919,kplctv.com,2,0.783116
8920,kplctv.com,2,0.765597
8921,kplctv.com,2,0.832822
8922,kplctv.com,2,0.824396
8923,kplctv.com,2,0.815728
8925,kplctv.com,2,0.803275
8929,kptv.com,2,0.819577
8930,kptv.com,2,0.900122
8936,kptv.com,2,0.843189
8937,kptv.com,2,0.809866
8938,kptv.com,2,0.784681
8939,kqed.org,2,0.878240
8940,kqed.org,2,0.771243
8941,kqed.org,2,0.883491
8942,kqed.org,2,0.750945
8943,kqed.org,2,0.816968
8946,kqed.org,2,0.789811
8947,kqed.org,2,0.737804
8948,kqed.org,2,0.806769
8949,kqed.org,2,0.812671
8950,kqed.org,2,0.794215
8953,krcrtv.com,2,0.822089
8954,krcrtv.com,2,0.806030
8955,krcrtv.com,2,0.808389
8958,krcrtv.com,2,0.775365
8959,krcrtv.com,2,0.791168
8960,krcrtv.com,2,0.867192
8961,ksat.com,2,0.778406
8962,ksat.com,2,0.844207
8963,ksat.com,2,0.815771
8965,ksat.com,2,0.832977
8966,ksat.com,2,0.825067
8968,ksat.com,2,0.786963
8969,ksat.com,2,0.782711
8970,ksat.com,2,0.793415
8971,ksat.com,2,0.793233
8975,ksat.com,2,0.846133
8977,ksat.com,2,0.790779
8978,ksat.com,2,0.779555
8980,ksat.com,2,0.807725
8982,ksat.com,2,0.772617
8988,ksby.com,2,0.761426
8990,ksby.com,2,0.800549
8992,ksl.com,2,0.844719
8993,ksl.com,2,0.790957
8994,ksl.com,2,0.773227
8996,ksl.com,2,0.735417
8997,ksl.com,2,0.799622
8998,ksl.com,2,0.834897
9000,ksl.com,2,0.813198
9002,ksl.com,2,0.815031
9003,ksl.com,2,0.838675
9006,ksl.com,2,0.848771
9007,ksl.com,2,0.814803
9008,ksl.com,2,0.777299
9010,ksl.com,2,0.769562
9013,ksla.com,2,0.822713
9014,ksla.com,2,0.786728
9015,ksla.com,2,0.900122
9016,ksla.com,2,0.835457
9017,ksla.com,2,0.809898
9018,ksla.com,2,0.854347
9019,ksla.com,2,0.813328
9022,ksla.com,2,0.791602
9023,ksla.com,2,0.791602
9024,ksla.com,2,0.764041
9025,ksla.com,2,0.822562
9026,ksla.com,2,0.870815
9027,ksla.com,2,0.870815
9028,ksla.com,2,0.804499
9029,ktar.com,2,0.871483
9035,ktar.com,2,0.884626
9036,ktar.com,2,0.806159
9038,ktar.com,2,0.834261
9039,ktar.com,2,0.831922
9040,ktar.com,2,0.881515
9041,ktar.com,2,0.783415
9043,ktar.com,2,0.790779
9046,ktar.com,2,0.751272
9047,kten.com,2,0.853349
9049,kten.com,2,0.815996
9052,kten.com,2,0.805259
9053,kten.com,2,0.789564
9055,kten.com,2,0.864141
9056,kten.com,2,0.825431
9058,kten.com,2,0.779060
9059,kten.com,2,0.762736
9061,kten.com,2,0.834071
9062,kten.com,2,0.832972
9063,kten.com,2,0.765115
9064,kten.com,2,0.804059
9066,kten.com,2,0.833230
9067,kttc.com,2,0.819164
9068,kttc.com,2,0.819164
9069,kttc.com,2,0.900122
9070,kttc.com,2,0.819364
9071,kttc.com,2,0.819364
9076,ktul.com,2,0.794531
9077,ktul.com,2,0.835478
9081,ktul.com,2,0.754734
9082,ktul.com,2,0.817383
9083,ktul.com,2,0.816589
9084,ktul.com,2,0.818338
9087,ktul.com,2,0.780636
9091,ktvu.com,2,0.807575
9092,ktvu.com,2,0.810175
9094,ktvu.com,2,0.846418
9095,ktvu.com,2,0.936043
9109,kvue.com,2,0.785742
9110,kvue.com,2,0.784688
9114,kvue.com,2,0.756564
9115,kvue.com,2,0.783006
9116,kvue.com,2,0.732782
9119,kvue.com,2,0.771977
9120,kvue.com,2,0.811561
9121,kvue.com,2,0.817969
9124,kvue.com,2,0.821869
9125,kvue.com,2,0.793763
9126,kvue.com,2,0.797311
9127,kvue.com,2,0.842063
9129,kvue.com,2,0.733842
9130,kvue.com,2,0.794934
9131,kvue.com,2,0.760608
9133,kvue.com,2,0.743297
9139,kvue.com,2,0.793471
9140,kvue.com,2,0.773760
9143,kvue.com,2,0.821345
9145,kxan.com,2,0.817869
9146,kxan.com,2,0.817153
9152,kxan.com,2,0.872273
9156,kxan.com,2,0.831759
9158,ky3.com,2,0.822713
9159,ky3.com,2,0.819577
9160,ky3.com,2,0.900122
9161,ky3.com,2,0.834091
9162,ky3.com,2,0.773582
9165,ky3.com,2,0.783415
9168,ky3.com,2,0.792575
9170,ky3.com,2,0.809866
9171,lancasteronline.com,2,0.809764
9172,lancasteronline.com,2,0.785484
9176,lancasteronline.com,2,0.800877
9179,lancasteronline.com,2,0.789391
9182,lasvegassun.com,2,0.843421
9183,lasvegassun.com,2,0.831473
9184,lasvegassun.com,2,0.786830
9185,lasvegassun.com,2,0.809573
9186,lasvegassun.com,2,0.903681
9188,lasvegassun.com,2,0.861309
9189,lasvegassun.com,2,0.799023
9190,lasvegassun.com,2,0.816626
9197,latimes.com,2,0.794574
9198,latimes.com,2,0.869259
9199,latimes.com,2,0.809071
9202,latimes.com,2,0.828658
9204,latimes.com,2,0.886673
9206,latimes.com,2,0.839847
9207,latimes.com,2,0.819928
9210,latimes.com,2,0.835062
9213,latimes.com,2,0.821522
9214,latimes.com,2,0.888506
9218,latimes.com,2,0.710350
9219,latimes.com,2,0.765011
9220,latimes.com,2,0.813132
9222,latimes.com,2,0.739196
9223,latimes.com,2,0.772687
9224,latimes.com,2,0.812115
9227,latimes.com,2,0.709807
9229,latimes.com,2,0.831897
9230,latimes.com,2,0.863822
9232,latimes.com,2,0.832306
9234,latimes.com,2,0.797026
9236,latimes.com,2,0.786876
9237,latimes.com,2,0.793415
9238,latimes.com,2,0.778049
9240,latimes.com,2,0.830776
9241,latimes.com,2,0.829440
9244,latimes.com,2,0.818592
9248,latimes.com,2,0.825619
9253,latimes.com,2,0.765594
9255,latimes.com,2,0.784028
9257,latimes.com,2,0.865964
9258,latimes.com,2,0.827576
9259,latimes.com,2,0.788650
9260,latimes.com,2,0.780324
9261,latimes.com,2,0.835660
9265,law.com,2,0.813266
9268,law.com,2,0.799145
9269,law.com,2,0.817861
9273,law.com,2,0.819161
9277,law.com,2,0.886369
9278,law.com,2,0.869600
9282,law.com,2,0.773650
9283,law.com,2,0.804712
9285,law.com,2,0.807728
9286,law.com,2,0.794303
9288,law.com,2,0.795012
9290,law.com,2,0.760094
9292,law.com,2,0.818370
9293,law.com,2,0.792172
9297,law360.com,2,0.828509
9299,law360.com,2,0.795502
9303,law360.com,2,0.852708
9306,law360.com,2,0.868576
9310,law360.com,2,0.837284
9311,law360.com,2,0.789135
9317,legis1.com,2,0.880342
9319,legis1.com,2,0.833684
9320,legis1.com,2,0.871077
9331,legis1.com,2,0.877393
9333,legis1.com,2,0.846364
9338,legis1.com,2,0.832870
9342,legis1.com,2,0.809473
9344,legis1.com,2,0.857556
9346,legis1.com,2,0.913134
9348,legis1.com,2,0.823411
9349,legis1.com,2,0.829550
9350,legis1.com,2,0.867296
9351,legis1.com,2,0.835092
9352,legis1.com,2,0.830404
9353,legis1.com,2,0.858606
9354,legis1.com,2,0.876025
9355,legis1.com,2,0.861691
9356,legis1.com,2,0.838122
9358,legis1.com,2,0.843524
9359,legis1.com,2,0.826298
9361,legis1.com,2,0.879964
9362,legis1.com,2,0.835038
9363,legis1.com,2,0.884782
9364,legis1.com,2,0.875931
9365,legis1.com,2,0.860004
9367,legis1.com,2,0.829848
9368,legis1.com,2,0.785900
9369,legis1.com,2,0.829871
9370,legis1.com,2,0.827478
9371,legis1.com,2,0.818955
9373,legis1.com,2,0.867221
9374,legis1.com,2,0.881059
9375,legis1.com,2,0.882456
9377,legis1.com,2,0.878060
9379,legis1.com,2,0.829313
9380,legis1.com,2,0.855843
9382,legis1.com,2,0.859029
9383,legis1.com,2,0.795426
9384,legis1.com,2,0.846711
9385,legis1.com,2,0.859152
9386,legis1.com,2,0.865772
9387,legis1.com,2,0.803360
9388,legis1.com,2,0.840917
9389,legis1.com,2,0.877794
9390,legis1.com,2,0.886028
9391,legis1.com,2,0.848078
9392,legis1.com,2,0.880403
9393,legis1.com,2,0.821063
9394,legis1.com,2,0.860722
9395,legis1.com,2,0.844276
9396,legis1.com,2,0.780368
9399,legis1.com,2,0.835249
9401,legis1.com,2,0.824091
9402,legis1.com,2,0.820691
9403,legis1.com,2,0.868498
9404,lemonde.fr,2,0.814799
9405,lemonde.fr,2,0.795950
9406,lemonde.fr,2,0.764131
9407,lemonde.fr,2,0.822574
9408,lemonde.fr,2,0.883024
9409,lemonde.fr,2,0.874045
9411,lemonde.fr,2,0.814499
9413,live5news.com,2,0.822713
9414,live5news.com,2,0.831033
9415,live5news.com,2,0.900122
9416,live5news.com,2,0.816268
9417,live5news.com,2,0.837643
9418,live5news.com,2,0.821310
9419,live5news.com,2,0.732577
9421,live5news.com,2,0.826158
9422,live5news.com,2,0.826158
9424,live5news.com,2,0.824913
9425,live5news.com,2,0.798401
9426,livenowfox.com,2,0.757188
9427,livenowfox.com,2,0.801343
9434,livenowfox.com,2,0.744985
9439,local10.com,2,0.817576
9440,local10.com,2,0.775264
9442,local10.com,2,0.801560
9443,local10.com,2,0.801210
9444,local10.com,2,0.801210
9447,local10.com,2,0.825067
9449,local10.com,2,0.809515
9451,local10.com,2,0.827094
9452,local10.com,2,0.792262
9454,local10.com,2,0.817764
9455,local10.com,2,0.779555
9456,local10.com,2,0.816406
9459,local10.com,2,0.776087
9460,local10.com,2,0.805308
9461,local10.com,2,0.772617
9463,localnewslive.com,2,0.822713
9464,localnewslive.com,2,0.822713
9466,localnewslive.com,2,0.748694
9467,localnewslive.com,2,0.848708
9470,localnewslive.com,2,0.827258
9471,localnewslive.com,2,0.801591
9475,localnewslive.com,2,0.757627
9477,lubbockonline.com,2,0.870667
9478,lubbockonline.com,2,0.816728
9480,lubbockonline.com,2,0.839793
9481,lubbockonline.com,2,0.812214
9482,lubbockonline.com,2,0.845385
9483,lubbockonline.com,2,0.799998
9484,lubbockonline.com,2,0.791842
9486,lufkindailynews.com,2,0.777118
9487,lufkindailynews.com,2,0.872824
9488,lufkindailynews.com,2,0.861757
9491,lufkindailynews.com,2,0.887142
9492,lufkindailynews.com,2,0.835201
9493,lufkindailynews.com,2,0.811561
9494,lufkindailynews.com,2,0.765137
9502,lufkindailynews.com,2,0.790779
9504,lufkindailynews.com,2,0.727047
9505,lufkindailynews.com,2,0.727047
9507,lufkindailynews.com,2,0.828792
9510,lwt.com,2,0.827589
9513,lwt.com,2,0.817127
9514,lwt.com,2,0.817005
9516,mainepublic.org,2,0.822932
9517,mainepublic.org,2,0.855970
9518,mainepublic.org,2,0.790687
9519,mainepublic.org,2,0.858076
9522,mainepublic.org,2,0.818233
9523,mainepublic.org,2,0.842029
9526,marijuanamoment.net,2,0.760782
9527,marijuanamoment.net,2,0.778624
9528,marijuanamoment.net,2,0.831929
9532,marijuanamoment.net,2,0.797772
9533,marijuanamoment.net,2,0.851810
9535,marijuanamoment.net,2,0.783700
9544,marshall.senate.gov,2,0.828043
9547,marylandmatters.org,2,0.827778
9549,marylandmatters.org,2,0.818541
9553,marylandmatters.org,2,0.789575
9556,marylandmatters.org,2,0.770295
9557,marylandmatters.org,2,0.736388
9558,marylandmatters.org,2,0.740104
9559,marylandmatters.org,2,0.740104
9560,marylandmatters.org,2,0.740104
9561,marylandmatters.org,2,0.740104
9562,marylandmatters.org,2,0.738463
9564,marylandmatters.org,2,0.885659
9566,marylandmatters.org,2,0.778241
9568,mdjonline.com,2,0.831085
9572,mdjonline.com,2,0.790779
9573,mdjonline.com,2,0.782024
9574,mdjonline.com,2,0.794814
9575,mdjonline.com,2,0.820408
9579,mercurynews.com,2,0.777080
9580,mercurynews.com,2,0.820252
9583,mercurynews.com,2,0.812891
9586,mercurynews.com,2,0.824852
9588,merkley.senate.gov,2,0.815505
9594,merkley.senate.gov,2,0.758619
9595,merkley.senate.gov,2,0.778972
9596,messenger-inquirer.com,2,0.833348
9600,messenger-inquirer.com,2,0.860702
9602,messenger-inquirer.com,2,0.790071
9603,messenger-inquirer.com,2,0.818332
9606,messenger-inquirer.com,2,0.806913
9607,messenger-inquirer.com,2,0.812115
9608,messenger-inquirer.com,2,0.825067
9610,messenger-inquirer.com,2,0.767738
9611,messenger-inquirer.com,2,0.812259
9612,messenger-inquirer.com,2,0.827228
9613,messenger-inquirer.com,2,0.823654
9616,mezha.net,2,0.773287
9617,mezha.net,2,0.749446
9621,mezha.net,2,0.784718
9626,mezha.net,2,0.786281
9630,miamiherald.com,2,0.836862
9631,miamiherald.com,2,0.794077
9633,miamiherald.com,2,0.784120
9634,miamiherald.com,2,0.829595
9635,miamiherald.com,2,0.763565
9636,miamiherald.com,2,0.793141
9639,miamiherald.com,2,0.787826
9640,miamiherald.com,2,0.780168
9641,michiganadvance.com,2,0.807152
9642,michiganadvance.com,2,0.835565
9645,michiganadvance.com,2,0.836205
9648,michiganadvance.com,2,0.797235
9650,michiganpublic.org,2,0.786463
9652,michiganpublic.org,2,0.791572
9657,michiganpublic.org,2,0.861885
9658,michiganpublic.org,2,0.798700
9659,michiganpublic.org,2,0.878490
9663,middleeasteye.net,2,0.894820
9674,military.com,2,0.850309
9675,military.com,2,0.787492
9678,military.com,2,0.773218
9680,military.com,2,0.837477
9685,militarytimes.com,2,0.770904
9687,militarytimes.com,2,0.857331
9691,militarytimes.com,2,0.775385
9693,mississippitoday.org,2,0.801024
9694,mississippitoday.org,2,0.797182
9702,mlex.com,2,0.836805
9706,mlex.com,2,0.816888
9711,mlex.com,2,0.868888
9712,mlex.com,2,0.868888
9713,mmafighting.com,2,0.738948
9714,mmafighting.com,2,0.782636
9715,mmafighting.com,2,0.787330
9716,mmafighting.com,2,0.774139
9717,mmafighting.com,2,0.775556
9719,mmafighting.com,2,0.812926
9720,mmafighting.com,2,0.790365
9721,mmafighting.com,2,0.813841
9722,mmafighting.com,2,0.799371
9723,mmafighting.com,2,0.777514
9724,mmafighting.com,2,0.806642
9725,mmafighting.com,2,0.827201
9726,mmafighting.com,2,0.819253
9727,mmafighting.com,2,0.831206
9729,mmafighting.com,2,0.767413
9730,mmafighting.com,2,0.794956
9731,mmafighting.com,2,0.797181
9732,mmajunkie.usatoday.com,2,0.786161
9733,mmajunkie.usatoday.com,2,0.808922
9734,mmajunkie.usatoday.com,2,0.833492
9735,mmajunkie.usatoday.com,2,0.784952
9736,mmajunkie.usatoday.com,2,0.835597
9737,mmajunkie.usatoday.com,2,0.805103
9738,mmajunkie.usatoday.com,2,0.781417
9739,mmajunkie.usatoday.com,2,0.868772
9740,mmajunkie.usatoday.com,2,0.792147
9741,mmajunkie.usatoday.com,2,0.807542
9742,mmajunkie.usatoday.com,2,0.824299
9743,mmajunkie.usatoday.com,2,0.816647
9744,mmajunkie.usatoday.com,2,0.818636
9745,mmajunkie.usatoday.com,2,0.867664
9746,mmajunkie.usatoday.com,2,0.870569
9747,mmamania.com,2,0.769169
9748,mmamania.com,2,0.761982
9749,mmamania.com,2,0.825229
9751,mmamania.com,2,0.787583
9752,mmamania.com,2,0.826745
9754,mmamania.com,2,0.772173
9755,mmamania.com,2,0.829366
9757,mnsenaterepublicans.com,2,0.908060
9763,mnsenaterepublicans.com,2,0.817442
9767,morningstar.com,2,0.863889
9776,motherjones.com,2,0.826390
9779,motherjones.com,2,0.786311
9780,motherjones.com,2,0.786311
9783,motherjones.com,2,0.855904
9791,motherjones.com,2,0.871779
9792,motherjones.com,2,0.850583
9793,motherjones.com,2,0.835269
9795,motherjones.com,2,0.859344
9799,motherjones.com,2,0.927073
9800,motherjones.com,2,0.889898
9802,motherjones.com,2,0.894138
9808,motherjones.com,2,0.740477
9809,motherjones.com,2,0.740477
9810,motherjones.com,2,0.854687
9819,motherjones.com,2,0.891685
9822,motherjones.com,2,0.877710
9824,motherjones.com,2,0.862259
9830,motherjones.com,2,0.825699
9831,motherjones.com,2,0.838734
9834,motherjones.com,2,0.838734
9839,motherjones.com,2,0.886115
9840,motherjones.com,2,0.767964
9841,motherjones.com,2,0.748171
9842,motherjones.com,2,0.785486
9843,motherjones.com,2,0.810862
9849,motherjones.com,2,0.861661
9850,motherjones.com,2,0.844792
9852,motherjones.com,2,0.867508
9854,motherjones.com,2,0.884810
9856,motherjones.com,2,0.810154
9857,motherjones.com,2,0.797679
9858,motherjones.com,2,0.792733
9859,motherjones.com,2,0.832201
9863,motherjones.com,2,0.786717
9864,motherjones.com,2,0.814117
9865,motherjones.com,2,0.814117
9867,motherjones.com,2,0.756035
9868,motherjones.com,2,0.775269
9869,motherjones.com,2,0.775269
9870,motherjones.com,2,0.756035
9871,motherjones.com,2,0.864341
9872,motherjones.com,2,0.864341
9873,motherjones.com,2,0.758476
9874,motherjones.com,2,0.758476
9875,motherjones.com,2,0.808863
9876,motherjones.com,2,0.808863
9877,motherjones.com,2,0.910451
9878,motherjones.com,2,0.910451
9881,motherjones.com,2,0.820100
9882,motherjones.com,2,0.820100
9883,motherjones.com,2,0.820100
9886,motherjones.com,2,0.833037
9889,motherjones.com,2,0.837015
9893,motherjones.com,2,0.831991
9894,motherjones.com,2,0.825879
9899,motherjones.com,2,0.782160
9900,motherjones.com,2,0.782160
9901,motherjones.com,2,0.852455
9904,motherjones.com,2,0.842016
9906,motherjones.com,2,0.825661
9911,motherjones.com,2,0.799254
9915,mprnews.org,2,0.863349
9916,mprnews.org,2,0.782220
9919,mprnews.org,2,0.805299
9920,mprnews.org,2,0.766678
9922,mprnews.org,2,0.761263
9923,ms.now,2,0.771623
9924,ms.now,2,0.812733
9925,ms.now,2,0.849892
9929,ms.now,2,0.768231
9931,ms.now,2,0.774952
9932,ms.now,2,0.731220
9933,ms.now,2,0.827258
9937,ms.now,2,0.806800
9939,ms.now,2,0.811070
9941,ms.now,2,0.858008
9944,ms.now,2,0.803531
9949,ms.now,2,0.821283
9950,ms.now,2,0.880655
9951,ms.now,2,0.798201
9952,ms.now,2,0.789717
9959,ms.now,2,0.846952
9960,ms.now,2,0.788800
9962,ms.now,2,0.728001
9963,ms.now,2,0.775137
9965,ms.now,2,0.875261
9967,ms.now,2,0.771224
9968,ms.now,2,0.768773
9971,ms.now,2,0.783424
9972,ms.now,2,0.818325
9973,ms.now,2,0.804549
9975,ms.now,2,0.745831
9977,ms.now,2,0.760825
9978,ms.now,2,0.826100
9983,ms.now,2,0.821869
9984,ms.now,2,0.809603
9985,ms.now,2,0.814183
9987,ms.now,2,0.837271
9989,ms.now,2,0.810790
9994,ms.now,2,0.785920
9997,ms.now,2,0.825926
10001,ms.now,2,0.746894
10009,ms.now,2,0.770866
10012,ms.now,2,0.773432
10013,ms.now,2,0.776101
10016,ms.now,2,0.842920
10018,ms.now,2,0.762276
10020,ms.now,2,0.792994
10021,ms.now,2,0.781716
10027,ms.now,2,0.790157
10029,ms.now,2,0.792271
10030,ms.now,2,0.801820
10031,ms.now,2,0.807231
10033,ms.now,2,0.798140
10039,ms.now,2,0.843416
10045,ms.now,2,0.824336
10046,ms.now,2,0.889422
10048,ms.now,2,0.793616
10050,mur.com,2,0.836724
10057,mymcmedia.org,2,0.781999
10058,mymcmedia.org,2,0.780188
10059,mymcmedia.org,2,0.765908
10060,mymcmedia.org,2,0.764544
10061,mymcmedia.org,2,0.789093
10063,mymcmedia.org,2,0.760843
10064,mymcmedia.org,2,0.749166
10065,mymcmedia.org,2,0.749166
10066,mynbc5.com,2,0.757670
10067,mynbc5.com,2,0.803354
10068,mynbc5.com,2,0.741497
10072,mynbc5.com,2,0.817005
10073,mynbc5.com,2,0.790673
10074,mynorthwest.com,2,0.765901
10076,mynorthwest.com,2,0.903228
10080,mynorthwest.com,2,0.799165
10081,mynorthwest.com,2,0.846133
10084,naco.org,2,0.809416
10085,naco.org,2,0.840162
10086,naco.org,2,0.838342
10087,naco.org,2,0.831613
10089,naco.org,2,0.873417
10090,naco.org,2,0.892509
10091,naco.org,2,0.810932
10095,nationalreview.com,2,0.921846
10102,nationalreview.com,2,0.904226
10106,nationalreview.com,2,0.831259
10107,nationalreview.com,2,0.864552
10108,nationalreview.com,2,0.895794
10114,nationalreview.com,2,0.858640
10117,nationalreview.com,2,0.877305
10119,nationalreview.com,2,0.813292
10122,nationalreview.com,2,0.878585
10123,nationalreview.com,2,0.781217
10125,nationalreview.com,2,0.906558
10127,nationalreview.com,2,0.815246
10128,nationalreview.com,2,0.815246
10133,nationalreview.com,2,0.912208
10134,nationalreview.com,2,0.878431
10135,nationalreview.com,2,0.888835
10137,nationalreview.com,2,0.866411
10138,nationalreview.com,2,0.921118
10139,nationalreview.com,2,0.909364
10142,nationalreview.com,2,0.811740
10153,nationalreview.com,2,0.842229
10159,nationalreview.com,2,0.850991
10163,nationalreview.com,2,0.867866
10166,nationalreview.com,2,0.838209
10170,nationalreview.com,2,0.817335
10171,nationalreview.com,2,0.862379
10176,nationalreview.com,2,0.882342
10181,nationalreview.com,2,0.865056
10182,nationalreview.com,2,0.955459
10187,nationalreview.com,2,0.874587
10188,nationalreview.com,2,0.865968
10190,nationalreview.com,2,0.806464
10194,nationalreview.com,2,0.892931
10195,nationalreview.com,2,0.812285
10204,nationalreview.com,2,0.881848
10211,nationalreview.com,2,0.898855
10218,nationalreview.com,2,0.853311
10219,nationalreview.com,2,0.933836
10220,nationalreview.com,2,0.822318
10222,nationalreview.com,2,0.863640
10224,nationalreview.com,2,0.882094
10232,nationalreview.com,2,0.768807
10233,nationalreview.com,2,0.878291
10234,nationalreview.com,2,0.880069
10237,nationalreview.com,2,0.852606
10238,nationalreview.com,2,0.901719
10239,nationalreview.com,2,0.872706
10247,nationalreview.com,2,0.897131
10250,nationalreview.com,2,0.856968
10251,nationalreview.com,2,0.856968
10254,nationalreview.com,2,0.882476
10255,nationalreview.com,2,0.831812
10256,nationalreview.com,2,0.868667
10261,nationalreview.com,2,0.919056
10262,nationalreview.com,2,0.869072
10263,nationalreview.com,2,0.821777
10269,nationalreview.com,2,0.794057
10270,nationalreview.com,2,0.816285
10272,nationalreview.com,2,0.838873
10273,nationalreview.com,2,0.749371
10274,nationalreview.com,2,0.749371
10275,nationalreview.com,2,0.820464
10276,nationalreview.com,2,0.820464
10277,nationalreview.com,2,0.788363
10278,nationalreview.com,2,0.795182
10279,nationalreview.com,2,0.825082
10280,nationalreview.com,2,0.772551
10281,nationalreview.com,2,0.772551
10283,nationalreview.com,2,0.901451
10284,nationalreview.com,2,0.891020
10290,nationalreview.com,2,0.844080
10296,nationalreview.com,2,0.844462
10297,nationalreview.com,2,0.819532
10298,nationalreview.com,2,0.826717
10302,nationalreview.com,2,0.812121
10303,nationalreview.com,2,0.846452
10305,nationalreview.com,2,0.825654
10307,nationalreview.com,2,0.826299
10309,nationalreview.com,2,0.805514
10310,nationalreview.com,2,0.787689
10313,nationalreview.com,2,0.860903
10316,nationalreview.com,2,0.862070
10320,nationalreview.com,2,0.804537
10321,nationalreview.com,2,0.863311
10323,nationalreview.com,2,0.844829
10325,nationalreview.com,2,0.847363
10326,nationalreview.com,2,0.860068
10328,nationalreview.com,2,0.828144
10329,nationalreview.com,2,0.781141
10334,nationalreview.com,2,0.763646
10335,nationalreview.com,2,0.763646
10338,nationalreview.com,2,0.784319
10339,nationalreview.com,2,0.784319
10341,nationalreview.com,2,0.867403
10342,nationalreview.com,2,0.836915
10343,nationalreview.com,2,0.789026
10344,nationalreview.com,2,0.876433
10345,nationalreview.com,2,0.833871
10347,nationalreview.com,2,0.894981
10348,nationalreview.com,2,0.894981
10349,nationalreview.com,2,0.894981
10350,nationalreview.com,2,0.894981
10351,nationalreview.com,2,0.893949
10352,nationalreview.com,2,0.894893
10353,nationalreview.com,2,0.894556
10354,nationalreview.com,2,0.893938
10355,nationalreview.com,2,0.894715
10356,nationalreview.com,2,0.894593
10357,nationalreview.com,2,0.895120
10358,nationalreview.com,2,0.893614
10359,nationalreview.com,2,0.892406
10360,nationalreview.com,2,0.895365
10361,nationalreview.com,2,0.895173
10362,nationalreview.com,2,0.894272
10363,nationalreview.com,2,0.893522
10364,nationalreview.com,2,0.893606
10365,nationalreview.com,2,0.893218
10366,nationalreview.com,2,0.894605
10367,nationalreview.com,2,0.895019
10368,nationalreview.com,2,0.894440
10372,nationalreview.com,2,0.858955
10380,nationalreview.com,2,0.843042
10384,nationalreview.com,2,0.800857
10390,nationalreview.com,2,0.812680
10393,nationalreview.com,2,0.788620
10401,nationalreview.com,2,0.819545
10403,nationalreview.com,2,0.869647
10405,nationalreview.com,2,0.853702
10408,nationalreview.com,2,0.827372
10410,nationalreview.com,2,0.860681
10411,nationalreview.com,2,0.791055
10413,nationalreview.com,2,0.819844
10417,nationalreview.com,2,0.868637
10420,nationalreview.com,2,0.900223
10422,nativenewsonline.net,2,0.784972
10426,nativenewsonline.net,2,0.853814
10427,nativenewsonline.net,2,0.837723
10428,nativenewsonline.net,2,0.830524
10429,nativenewsonline.net,2,0.748165
10430,natlawreview.com,2,0.736605
10431,natlawreview.com,2,0.736605
10432,natlawreview.com,2,0.805121
10433,natlawreview.com,2,0.805121
10434,natlawreview.com,2,0.813328
10435,natlawreview.com,2,0.933832
10440,natlawreview.com,2,0.790535
10441,natlawreview.com,2,0.759253
10442,natlawreview.com,2,0.781859
10455,nbclosangeles.com,2,0.764665
10458,nbclosangeles.com,2,0.816426
10459,nbclosangeles.com,2,0.817223
10460,nbclosangeles.com,2,0.798490
10461,nbclosangeles.com,2,0.791268
10462,nbclosangeles.com,2,0.748301
10469,nbcnews.com,2,0.767152
10470,nbcnews.com,2,0.873461
10471,nbcnews.com,2,0.826559
10472,nbcnews.com,2,0.763495
10473,nbcnews.com,2,0.814617
10476,nbcnews.com,2,0.838997
10480,nbcnews.com,2,0.745332
10481,nbcnews.com,2,0.745332
10482,nbcnews.com,2,0.847279
10485,nbcnews.com,2,0.742284
10486,nbcnews.com,2,0.829463
10487,nbcnews.com,2,0.804602
10488,nbcnews.com,2,0.804602
10489,nbcnews.com,2,0.818677
10491,nbcnews.com,2,0.828194
10493,nbcnews.com,2,0.870763
10495,nbcnews.com,2,0.813316
10497,nbcnews.com,2,0.852405
10501,nbcnews.com,2,0.826578
10502,nbcnews.com,2,0.816830
10503,nbcnews.com,2,0.824629
10505,nbcnews.com,2,0.800818
10506,nbcnews.com,2,0.864071
10507,nbcnews.com,2,0.850194
10508,nbcnews.com,2,0.789516
10509,nbcnews.com,2,0.811460
10511,nbcnews.com,2,0.805369
10512,nbcnews.com,2,0.858199
10514,nbcnews.com,2,0.782332
10517,nbcnews.com,2,0.770763
10518,nbcnews.com,2,0.774404
10519,nbcnews.com,2,0.756376
10520,nbcnews.com,2,0.846591
10523,nbcnews.com,2,0.804164
10527,nbcnews.com,2,0.810744
10528,nbcnews.com,2,0.810744
10529,nbcnews.com,2,0.771928
10530,nbcnews.com,2,0.767970
10531,nbcnews.com,2,0.746026
10532,nbcnews.com,2,0.746026
10533,nbcnews.com,2,0.738759
10534,nbcnews.com,2,0.739096
10535,nbcnews.com,2,0.796747
10536,nbcnews.com,2,0.796747
10537,nbcnews.com,2,0.765521
10539,nbcnews.com,2,0.794174
10540,nbcnews.com,2,0.855917
10541,nbcnews.com,2,0.800498
10542,nbcnews.com,2,0.840401
10544,nbcnews.com,2,0.814580
10545,nbcnews.com,2,0.814580
10553,nbcnews.com,2,0.763422
10556,nbcnews.com,2,0.878508
10558,nbcnews.com,2,0.841921
10559,nbcnews.com,2,0.811759
10561,nbcnews.com,2,0.811667
10562,nbcnews.com,2,0.817894
10564,nbcnews.com,2,0.829338
10565,nbcnews.com,2,0.837409
10566,nbcnews.com,2,0.837409
10567,nbcnews.com,2,0.808322
10568,nbcnews.com,2,0.808322
10569,nbcnews.com,2,0.808322
10570,nbcnews.com,2,0.801650
10571,nbcnews.com,2,0.852032
10574,nbcnews.com,2,0.858687
10575,nbcnews.com,2,0.874628
10576,nbcnews.com,2,0.894918
10579,nbcnews.com,2,0.850057
10580,nbcnews.com,2,0.779021
10581,nbcnews.com,2,0.767241
10585,nbcnews.com,2,0.780403
10586,nbcnews.com,2,0.780403
10587,nbcnews.com,2,0.805868
10588,nbcnews.com,2,0.805868
10590,nbcnews.com,2,0.877465
10591,nbcnews.com,2,0.835390
10592,nbcnews.com,2,0.871705
10593,nbcnews.com,2,0.788664
10594,nbcnews.com,2,0.784050
10595,nbcnews.com,2,0.839702
10599,nbcnews.com,2,0.857904
10600,nbcnews.com,2,0.914839
10601,nbcnews.com,2,0.823443
10602,nbcnews.com,2,0.827094
10603,nbcnews.com,2,0.831368
10604,nbcnews.com,2,0.764771
10605,nbcnews.com,2,0.866327
10606,nbcnews.com,2,0.725685
10607,nbcnews.com,2,0.815739
10609,nbcnews.com,2,0.841683
10613,nbcnews.com,2,0.813417
10621,nbcnews.com,2,0.852335
10622,nbcnews.com,2,0.852335
10623,nbcnews.com,2,0.805989
10628,nbcnews.com,2,0.814843
10629,nbcnews.com,2,0.770409
10636,nbcnews.com,2,0.853315
10638,nbcnews.com,2,0.898373
10639,nbcnews.com,2,0.869640
10640,nbcnews.com,2,0.834223
10646,nbcnews.com,2,0.842126
10650,nbcnews.com,2,0.863962
10651,nbcnews.com,2,0.863962
10652,nbcnews.com,2,0.885885
10654,nbcnews.com,2,0.850576
10655,nbcnews.com,2,0.829431
10656,nbcnews.com,2,0.850664
10657,nbcnews.com,2,0.827287
10658,nbcnews.com,2,0.856212
10660,nbcnews.com,2,0.802090
10661,nbcnews.com,2,0.802090
10662,nbcnews.com,2,0.779527
10663,nbcnews.com,2,0.859821
10664,nbcnews.com,2,0.885185
10665,nbcnews.com,2,0.876282
10666,nbcnews.com,2,0.851493
10667,nbcnews.com,2,0.826288
10668,nbcnews.com,2,0.816923
10671,nbcnews.com,2,0.774999
10672,nbcnews.com,2,0.774999
10674,nbcnews.com,2,0.819408
10675,nbcnews.com,2,0.836548
10677,nbcnews.com,2,0.738072
10678,nbcnews.com,2,0.733764
10679,nbcnews.com,2,0.852124
10683,nbcnews.com,2,0.729561
10687,nbcnews.com,2,0.833061
10689,nbcnews.com,2,0.826092
10690,nbcnews.com,2,0.798778
10691,nbcnews.com,2,0.836859
10692,nbcnews.com,2,0.769235
10693,nbcnews.com,2,0.744399
10694,nbcnews.com,2,0.785457
10695,nbcnews.com,2,0.785457
10696,nbcnews.com,2,0.764617
10697,nbcnews.com,2,0.764617
10699,nbcnews.com,2,0.883582
10702,nbcnews.com,2,0.813002
10703,nbcnews.com,2,0.781459
10704,nbcnews.com,2,0.781459
10706,nbcnews.com,2,0.845194
10708,nbcnews.com,2,0.908743
10709,nbcnews.com,2,0.806680
10713,nbcnews.com,2,0.760140
10714,nbcnews.com,2,0.811918
10716,nbcnews.com,2,0.784850
10717,nbcnews.com,2,0.728883
10718,nbcnews.com,2,0.796193
10719,nbcnews.com,2,0.823578
10721,nbcnews.com,2,0.852013
10722,nbcnews.com,2,0.879301
10723,nbcnews.com,2,0.838913
10725,nbcnews.com,2,0.872870
10727,nbcnews.com,2,0.753293
10728,nbcnews.com,2,0.751815
10729,nbcnews.com,2,0.840018
10730,nbcnews.com,2,0.843568
10731,nbcnews.com,2,0.843568
10733,nbcnews.com,2,0.865176
10734,nbcnews.com,2,0.865176
10735,nbcnews.com,2,0.865176
10736,nbcnews.com,2,0.843061
10738,nbcnews.com,2,0.837425
10740,nbcnews.com,2,0.889756
10741,nbcnews.com,2,0.883747
10743,nbcnews.com,2,0.868240
10744,nbcnews.com,2,0.861082
10745,nbcnews.com,2,0.832742
10746,nbcnews.com,2,0.839554
10749,nbcnews.com,2,0.784977
10750,nbcnews.com,2,0.841380
10751,nbcnews.com,2,0.774418
10752,nbcnews.com,2,0.854832
10755,nbcnews.com,2,0.842795
10756,nbcnews.com,2,0.842795
10757,nbcnews.com,2,0.825352
10758,nbcnews.com,2,0.825352
10759,nbcnews.com,2,0.796656
10760,nbcnews.com,2,0.830498
10762,nbcnews.com,2,0.829837
10763,nbcnews.com,2,0.829837
10764,nbcnews.com,2,0.808633
10765,nbcnews.com,2,0.824435
10766,nbcnews.com,2,0.824435
10767,nbcnews.com,2,0.822146
10768,nbcnews.com,2,0.822146
10774,nbcnews.com,2,0.755912
10776,nbcnews.com,2,0.844353
10780,nbcnews.com,2,0.834826
10781,nbcnews.com,2,0.841439
10782,nbcnews.com,2,0.843527
10785,nbcnews.com,2,0.849588
10786,nbcnews.com,2,0.849588
10787,nbcnews.com,2,0.834106
10790,nbcnews.com,2,0.801547
10791,nbcnews.com,2,0.801547
10792,nbcnews.com,2,0.811935
10793,nbcnews.com,2,0.886964
10794,nbcnews.com,2,0.886964
10802,nbcnews.com,2,0.789804
10803,nbcnews.com,2,0.789804
10804,nbcnews.com,2,0.775250
10805,nbcnews.com,2,0.775250
10806,nbcnews.com,2,0.788952
10807,nbcnews.com,2,0.796983
10808,nbcnews.com,2,0.800164
10809,nbcnews.com,2,0.800164
10811,nbcnews.com,2,0.835709
10812,nbcnews.com,2,0.789859
10813,nbcnews.com,2,0.829172
10814,nbcnews.com,2,0.792405
10815,nbcnews.com,2,0.792405
10818,nbcnews.com,2,0.813843
10819,nbcnews.com,2,0.796849
10820,nbcnews.com,2,0.840502
10822,nbcnews.com,2,0.863901
10823,nbcnews.com,2,0.768867
10824,nbcnews.com,2,0.768867
10825,nbcnews.com,2,0.827269
10826,nbcnews.com,2,0.740415
10827,nbcnews.com,2,0.793240
10828,nbcnews.com,2,0.863866
10829,nbcnews.com,2,0.807678
10830,nbcnews.com,2,0.817243
10831,nbcnews.com,2,0.832156
10833,nbcnews.com,2,0.791499
10834,nbcnews.com,2,0.785033
10835,nbcnews.com,2,0.771838
10836,nbcnews.com,2,0.771838
10840,nbcnews.com,2,0.780340
10841,nbcnews.com,2,0.780340
10842,nbcnews.com,2,0.748633
10843,nbcnews.com,2,0.756327
10844,nbcnews.com,2,0.745761
10850,nbcnews.com,2,0.795776
10851,nbcnews.com,2,0.795776
10855,nbcnews.com,2,0.764191
10857,nbcnews.com,2,0.809580
10862,nbcnews.com,2,0.799498
10865,nbcnews.com,2,0.809499
10866,nbcnews.com,2,0.809499
10867,nbcnews.com,2,0.792289
10868,nbcnews.com,2,0.831245
10869,nbcnews.com,2,0.831245
10870,nbcnews.com,2,0.839302
10875,nbcnews.com,2,0.800353
10881,nbcnews.com,2,0.819614
10882,nbcnews.com,2,0.819614
10886,nbcnews.com,2,0.812205
10887,nbcnews.com,2,0.812205
10894,nbcnews.com,2,0.785978
10896,nbcnews.com,2,0.850394
10897,nbcnews.com,2,0.813118
10898,nbcnews.com,2,0.813118
10900,nbcnews.com,2,0.793786
10901,nbcnews.com,2,0.788072
10902,nbcnews.com,2,0.820563
10903,nbcnews.com,2,0.810243
10904,nbcnews.com,2,0.810243
10908,nbcnews.com,2,0.857288
10909,nbcnews.com,2,0.787688
10914,nbcnews.com,2,0.768138
10916,nbcnews.com,2,0.786463
10917,nbcnews.com,2,0.815311
10918,nbcnews.com,2,0.826310
10919,nbcnews.com,2,0.801560
10923,nbcnews.com,2,0.821975
10924,nbcnews.com,2,0.811711
10925,nbcnews.com,2,0.852085
10927,nbcnews.com,2,0.829271
10929,nbcnews.com,2,0.828052
10933,nbcnews.com,2,0.798308
10934,nbcnews.com,2,0.799061
10940,nbcnews.com,2,0.797429
10941,nbcnews.com,2,0.828761
10942,nbcnews.com,2,0.811067
10943,nbcnews.com,2,0.816302
10944,nbcnews.com,2,0.816302
10945,nbcnews.com,2,0.810251
10948,nbcnews.com,2,0.777557
10954,nbcnews.com,2,0.798808
10955,nbcnews.com,2,0.772968
10956,nbcnews.com,2,0.860034
10958,nbcnews.com,2,0.819676
10959,nbcnews.com,2,0.835168
10962,nbcnews.com,2,0.788699
10971,nbcnews.com,2,0.804206
10973,nbcnews.com,2,0.820355
10981,nbcnews.com,2,0.828181
10984,nbcnews.com,2,0.864278
10985,nbcnews.com,2,0.873993
10987,nbcnews.com,2,0.793544
10988,nbcnews.com,2,0.816749
10989,nbcnews.com,2,0.826109
10990,nbcnews.com,2,0.826109
10991,nbcnews.com,2,0.823060
10992,nbcnews.com,2,0.823060
10993,nbcnews.com,2,0.839885
10994,nbcnews.com,2,0.839885
10995,nbcnews.com,2,0.827790
10996,nbcnews.com,2,0.785473
10997,nbcnews.com,2,0.785473
11000,nbcnews.com,2,0.847904
11004,nbcnews.com,2,0.780764
11005,nbcnews.com,2,0.780764
11012,nbcnews.com,2,0.786415
11016,nbcnews.com,2,0.808074
11017,nbcnews.com,2,0.787839
11021,nbcnews.com,2,0.837362
11022,nbcnews.com,2,0.823860
11024,nbcnews.com,2,0.827450
11027,nbcnews.com,2,0.853641
11028,nbcnews.com,2,0.866943
11030,nbcnews.com,2,0.726975
11031,nbcnews.com,2,0.842385
11032,nbcnews.com,2,0.850872
11033,nbcnews.com,2,0.827531
11034,nbcnews.com,2,0.842134
11035,nbcnews.com,2,0.846063
11036,nbcnews.com,2,0.798243
11039,nbcnews.com,2,0.811186
11040,nbcnews.com,2,0.868821
11041,nbcnews.com,2,0.864229
11042,nbcnews.com,2,0.837595
11043,nbcnews.com,2,0.829913
11044,nbcnews.com,2,0.850105
11045,nbcnews.com,2,0.764399
11046,nbcnews.com,2,0.714850
11047,nbcnews.com,2,0.808503
11048,nbcnews.com,2,0.831242
11049,nbcnews.com,2,0.782203
11051,nbcnews.com,2,0.828146
11052,nbcnews.com,2,0.828146
11053,nbcnews.com,2,0.773363
11054,nbcnews.com,2,0.812713
11056,nbcnews.com,2,0.786170
11061,nbcnews.com,2,0.801762
11062,nbcnews.com,2,0.801843
11064,nbcnews.com,2,0.832508
11065,nbcnews.com,2,0.792076
11066,nbcnews.com,2,0.792076
11068,nbcnewyork.com,2,0.769844
11071,nbcnewyork.com,2,0.836223
11073,nbcnewyork.com,2,0.804733
11076,nbcnewyork.com,2,0.788787
11077,nbcnewyork.com,2,0.785086
11078,nbcphiladelphia.com,2,0.848599
11079,nbcphiladelphia.com,2,0.843504
11080,nbcphiladelphia.com,2,0.814423
11081,nbcphiladelphia.com,2,0.871759
11085,nbcphiladelphia.com,2,0.817595
11086,nbcwashington.com,2,0.853105
11087,nbcwashington.com,2,0.847426
11088,nbcwashington.com,2,0.814706
11091,nbcwashington.com,2,0.829075
11092,nbcwashington.com,2,0.779097
11093,nbcwashington.com,2,0.783638
11094,nbcwashington.com,2,0.796758
11096,nbcwashington.com,2,0.783590
11097,nbcwashington.com,2,0.819104
11101,nbcwashington.com,2,0.800263
11106,nbcwashington.com,2,0.794303
11109,nbcwashington.com,2,0.800031
11110,nbcwashington.com,2,0.750550
11111,nbcwashington.com,2,0.786993
11112,nbcwashington.com,2,0.783569
11118,nbcwashington.com,2,0.802587
11127,ncnewsline.com,2,0.833050
11136,ncnewsline.com,2,0.793098
11139,ncnewsline.com,2,0.841778
11142,ncnewsline.com,2,0.798176
11146,ncregister.com,2,0.850974
11147,ncregister.com,2,0.899224
11148,ncregister.com,2,0.792776
11149,ncregister.com,2,0.792776
11151,ncregister.com,2,0.820380
11154,ndtv.com,2,0.791099
11161,ndtv.com,2,0.794908
11162,ndtv.com,2,0.888179
11177,ndtv.com,2,0.886366
11179,ndtv.com,2,0.874382
11180,ndtv.com,2,0.874382
11185,ndtv.com,2,0.821875
11211,ndtv.com,2,0.779354
11212,ndtv.com,2,0.854159
11214,ndtv.com,2,0.828751
11216,nebraskapublicmedia.org,2,0.811420
11219,nebraskapublicmedia.org,2,0.747801
11220,nebraskapublicmedia.org,2,0.794591
11221,nebraskapublicmedia.org,2,0.792791
11224,nebraskapublicmedia.org,2,0.814638
11228,newjerseyglobe.com,2,0.846181
11237,newjerseyglobe.com,2,0.822267
11245,newjerseyglobe.com,2,0.781785
11252,newrepublic.com,2,0.816720
11255,newrepublic.com,2,0.905094
11260,newrepublic.com,2,0.759178
11262,newrepublic.com,2,0.758824
11264,newrepublic.com,2,0.765840
11265,newrepublic.com,2,0.781503
11266,newrepublic.com,2,0.749636
11271,newrepublic.com,2,0.705925
11275,newrepublic.com,2,0.882070
11276,newrepublic.com,2,0.766188
11277,news.ballotpedia.org,2,0.781648
11278,news.ballotpedia.org,2,0.783946
11279,news.ballotpedia.org,2,0.818010
11280,news.ballotpedia.org,2,0.767457
11288,news.bgov.com,2,0.863752
11289,news.bgov.com,2,0.825702
11295,news.bgov.com,2,0.841190
11297,news.bgov.com,2,0.829928
11300,news.bgov.com,2,0.809182
11306,news.bgov.com,2,0.809824
11308,news.bgov.com,2,0.845714
11311,news.bgov.com,2,0.846759
11312,news.bgov.com,2,0.853561
11314,news.bgov.com,2,0.851800
11315,news.bgov.com,2,0.879274
11326,news.bgov.com,2,0.802488
11331,news.bgov.com,2,0.810476
11339,news.bloomberglaw.com,2,0.870455
11340,news.bloomberglaw.com,2,0.831428
11341,news.bloomberglaw.com,2,0.772808
11342,news.bloomberglaw.com,2,0.844273
11345,news.bloomberglaw.com,2,0.811038
11346,news.bloomberglaw.com,2,0.809182
11353,news.bloomberglaw.com,2,0.843678
11354,news.bloomberglaw.com,2,0.853561
11355,news.bloomberglaw.com,2,0.851800
11360,news.bloomberglaw.com,2,0.839818
11361,news.bloomberglaw.com,2,0.801318
11362,news.bloomberglaw.com,2,0.816085
11366,news.bloomberglaw.com,2,0.796493
11369,news.bloomberglaw.com,2,0.798474
11370,news.bloomberglaw.com,2,0.742633
11371,news.bloomberglaw.com,2,0.826167
11373,news.bloomberglaw.com,2,0.816735
11374,news.bloomberglaw.com,2,0.848512
11375,news.bloomberglaw.com,2,0.832169
11376,news.bloomberglaw.com,2,0.831024
11378,news.bloomberglaw.com,2,0.826635
11379,news.bloomberglaw.com,2,0.844727
11388,news.bloombergtax.com,2,0.883152
11391,news.bloombergtax.com,2,0.811038
11395,news.bloombergtax.com,2,0.799640
11396,news.bloombergtax.com,2,0.855117
11397,news.usni.org,2,0.803663
11398,news.usni.org,2,0.826213
11399,news.usni.org,2,0.847166
11400,news.usni.org,2,0.800732
11401,news.usni.org,2,0.830445
11402,news.usni.org,2,0.860505
11403,news.usni.org,2,0.840315
11404,news.usni.org,2,0.850483
11406,news.wttw.com,2,0.764823
11407,news.wttw.com,2,0.793760
11409,news.wttw.com,2,0.739791
11410,news.wttw.com,2,0.776282
11411,news.wttw.com,2,0.797520
11413,news.wttw.com,2,0.814395
11414,news10.com,2,0.790712
11415,news10.com,2,0.846584
11421,news10.com,2,0.769798
11423,news10.com,2,0.769434
11426,news10.com,2,0.776090
11427,news10.com,2,0.779555
11429,news10.com,2,0.842834
11430,news10.com,2,0.806856
11461,news3lv.com,2,0.780273
11462,news3lv.com,2,0.827086
11463,news4jax.com,2,0.767905
11464,news4jax.com,2,0.847731
11465,news4jax.com,2,0.816078
11466,news4jax.com,2,0.852717
11468,news4jax.com,2,0.759739
11469,news4jax.com,2,0.771060
11472,news4jax.com,2,0.822772
11473,news4jax.com,2,0.793415
11474,news4jax.com,2,0.793233
11475,news4jax.com,2,0.783415
11478,news4jax.com,2,0.802643
11479,news4jax.com,2,0.779555
11480,news4jax.com,2,0.770866
11484,news8000.com,2,0.829924
11485,news8000.com,2,0.732530
11486,news8000.com,2,0.818288
11487,news8000.com,2,0.760608
11488,news8000.com,2,0.758567
11489,news8000.com,2,0.843236
11491,news8000.com,2,0.817151
11492,news8000.com,2,0.767428
11494,news8000.com,2,0.788690
11495,news8000.com,2,0.827561
11496,news9.com,2,0.813039
11497,news9.com,2,0.813827
11498,news9.com,2,0.754817
11499,news9.com,2,0.821277
11500,news9.com,2,0.835095
11501,news9.com,2,0.816921
11502,news9.com,2,0.762781
11503,news9.com,2,0.818571
11505,news9.com,2,0.800661
11506,news9.com,2,0.773312
11510,newscentermaine.com,2,0.827425
11511,newscentermaine.com,2,0.827425
11512,newscentermaine.com,2,0.835642
11513,newscentermaine.com,2,0.843114
11514,newscentermaine.com,2,0.788173
11515,newscentermaine.com,2,0.813481
11516,newscentermaine.com,2,0.770086
11519,newscentermaine.com,2,0.795977
11520,newscentermaine.com,2,0.847123
11521,newscentermaine.com,2,0.839000
11522,newscentermaine.com,2,0.803540
11525,newscentermaine.com,2,0.851635
11526,newscentermaine.com,2,0.779566
11527,newscentermaine.com,2,0.741317
11528,newscentermaine.com,2,0.747490
11531,newschannel9.com,2,0.809791
11533,newschannel9.com,2,0.770787
11534,newschannel9.com,2,0.837605
11535,newschannel9.com,2,0.832679
11536,newschannel9.com,2,0.826267
11538,newschannel9.com,2,0.786119
11541,newsday.com,2,0.816622
11543,newsday.com,2,0.858246
11544,newsday.com,2,0.778406
11545,newsday.com,2,0.800642
11548,newsday.com,2,0.798443
11549,newsday.com,2,0.838854
11550,newsday.com,2,0.832977
11552,newsday.com,2,0.786780
11553,newsday.com,2,0.782711
11556,newsday.com,2,0.785509
11557,newsday.com,2,0.807678
11558,newsday.com,2,0.779555
11560,newsday.com,2,0.740555
11565,newser.com,2,0.786194
11573,newsfromthestates.com,2,0.814456
11577,newsfromthestates.com,2,0.788993
11578,newsfromthestates.com,2,0.815712
11579,newsfromthestates.com,2,0.857333
11581,newsfromthestates.com,2,0.792576
11582,newsfromthestates.com,2,0.814609
11584,newsfromthestates.com,2,0.827953
11587,newsfromthestates.com,2,0.831054
11595,newsfromthestates.com,2,0.782808
11598,newsfromthestates.com,2,0.804726
11601,newsfromthestates.com,2,0.791666
11604,newsfromthestates.com,2,0.833050
11607,newsfromthestates.com,2,0.726722
11613,newsfromthestates.com,2,0.774663
11614,newsfromthestates.com,2,0.811119
11615,newsfromthestates.com,2,0.777114
11621,newsfromthestates.com,2,0.800816
11622,newsfromthestates.com,2,0.822793
11630,newsfromthestates.com,2,0.716336
11631,newsfromthestates.com,2,0.758298
11634,newsfromthestates.com,2,0.777284
11635,newsfromthestates.com,2,0.781569
11639,newsfromthestates.com,2,0.775976
11641,newsnationnow.com,2,0.801690
11644,newsnationnow.com,2,0.761877
11646,newsnationnow.com,2,0.854954
11647,newsnationnow.com,2,0.796213
11649,newsnationnow.com,2,0.870967
11651,newsnationnow.com,2,0.767339
11653,newsnationnow.com,2,0.856654
11654,newsnationnow.com,2,0.775388
11655,newsnationnow.com,2,0.734172
11659,newsnationnow.com,2,0.747821
11666,newsnationnow.com,2,0.856421
11667,newsnationnow.com,2,0.773751
11668,newsnationnow.com,2,0.768524
11669,newsnationnow.com,2,0.831759
11671,newsnationnow.com,2,0.837125
11676,newsobserver.com,2,0.822563
11681,newsroom.loc.gov,2,0.768067
11683,newsroom.loc.gov,2,0.823713
11684,newsroom.loc.gov,2,0.753977
11686,newsroom.loc.gov,2,0.776796
11687,newsroom.loc.gov,2,0.812185
11688,newsroom.loc.gov,2,0.807490
11689,newsroom.loc.gov,2,0.798106
11690,newstribune.com,2,0.805903
11692,newstribune.com,2,0.806405
11693,newstribune.com,2,0.818852
11698,newstribune.com,2,0.794955
11700,newstribune.com,2,0.750392
11701,newsweek.com,2,0.829000
11703,newsweek.com,2,0.802388
11705,newsweek.com,2,0.828035
11706,newsweek.com,2,0.809028
11711,newsweek.com,2,0.824579
11713,newsweek.com,2,0.847525
11715,newsweek.com,2,0.829325
11718,newsweek.com,2,0.792324
11720,newsweek.com,2,0.815510
11721,newsweek.com,2,0.872684
11722,newsweek.com,2,0.876154
11723,newsweek.com,2,0.800086
11725,newsweek.com,2,0.889902
11727,newsweek.com,2,0.849487
11728,newsweek.com,2,0.802396
11729,newsweek.com,2,0.837177
11730,newsweek.com,2,0.812036
11731,newsweek.com,2,0.850535
11732,newsweek.com,2,0.860126
11734,newsweek.com,2,0.843110
11735,newsweek.com,2,0.822031
11737,newsweek.com,2,0.813364
11742,newsweek.com,2,0.800842
11743,newsweek.com,2,0.798857
11744,newsweek.com,2,0.818258
11747,newsweek.com,2,0.775369
11748,newsweek.com,2,0.782970
11750,newsweek.com,2,0.815990
11752,newsweek.com,2,0.789870
11753,newsweek.com,2,0.825278
11754,newsweek.com,2,0.801689
11762,newsweek.com,2,0.861358
11763,newsweek.com,2,0.785393
11765,newsweek.com,2,0.858925
11766,newsweek.com,2,0.788525
11769,newsweek.com,2,0.822115
11770,newsweek.com,2,0.834935
11771,newsweek.com,2,0.813800
11772,newsweek.com,2,0.790789
11774,newsweek.com,2,0.931801
11777,newyorker.com,2,0.786820
11778,newyorker.com,2,0.754191
11779,newyorker.com,2,0.879920
11780,newyorker.com,2,0.778306
11781,newyorker.com,2,0.786059
11782,newyorker.com,2,0.768090
11783,newyorker.com,2,0.768478
11784,newyorker.com,2,0.740907
11785,newyorker.com,2,0.777953
11786,newyorker.com,2,0.744813
11788,nhpr.org,2,0.815970
11789,nhpr.org,2,0.790687
11794,nhpr.org,2,0.842029
11796,nhpr.org,2,0.799958
11797,nhpr.org,2,0.813705
11798,nhpr.org,2,0.826705
11801,nhpr.org,2,0.814395
11802,nhregister.com,2,0.833348
11804,nhregister.com,2,0.812895
11808,nhregister.com,2,0.822772
11810,nhregister.com,2,0.846133
11816,nj.com,2,0.820294
11817,nj.com,2,0.821911
11825,njsendems.org,2,0.839772
11827,njsendems.org,2,0.873248
11828,njsendems.org,2,0.821623
11829,njsendems.org,2,0.787142
11830,njsendems.org,2,0.804203
11831,njsendems.org,2,0.897706
11833,njsendems.org,2,0.806970
11834,njsendems.org,2,0.880885
11835,njsendems.org,2,0.836247
11836,njsendems.org,2,0.807844
11837,njsendems.org,2,0.811732
11838,njsendems.org,2,0.797249
11839,njsendems.org,2,0.827629
11840,njsendems.org,2,0.845046
11842,nola.com,2,0.820362
11846,nola.com,2,0.752136
11847,nola.com,2,0.836271
11848,nola.com,2,0.828237
11849,nola.com,2,0.826468
11850,nola.com,2,0.830207
11852,nola.com,2,0.756504
11853,nola.com,2,0.811725
11854,nola.com,2,0.822359
11855,nola.com,2,0.807587
11856,nola.com,2,0.785911
11857,nola.com,2,0.811754
11858,nola.com,2,0.761025
11864,nola.com,2,0.744193
11865,nola.com,2,0.809417
11866,nola.com,2,0.804901
11867,nola.com,2,0.858148
11868,nola.com,2,0.846365
11871,nola.com,2,0.758903
11872,nola.com,2,0.866310
11873,nola.com,2,0.810204
11874,nola.com,2,0.810204
11875,notus.org,2,0.929399
11876,notus.org,2,0.818800
11878,notus.org,2,0.770453
11879,notus.org,2,0.814949
11880,notus.org,2,0.812905
11881,notus.org,2,0.799275
11889,notus.org,2,0.769251
11891,notus.org,2,0.829797
11892,notus.org,2,0.738996
11893,notus.org,2,0.741318
11894,notus.org,2,0.786898
11895,notus.org,2,0.766928
11896,notus.org,2,0.738744
11897,notus.org,2,0.842948
11900,notus.org,2,0.790521
11903,notus.org,2,0.787260
11904,notus.org,2,0.826851
11905,notus.org,2,0.820550
11906,notus.org,2,0.810030
11907,notus.org,2,0.812868
11910,npr.org,2,0.797850
11916,npr.org,2,0.830277
11925,npr.org,2,0.763563
11928,npr.org,2,0.763000
11934,npr.org,2,0.810847
11935,npr.org,2,0.839653
11936,npr.org,2,0.876474
11938,npr.org,2,0.827754
11940,npr.org,2,0.810201
11941,npr.org,2,0.812734
11943,npr.org,2,0.847426
11946,npr.org,2,0.860993
11947,npr.org,2,0.787361
11949,npr.org,2,0.845801
11951,npr.org,2,0.767071
11952,npr.org,2,0.769099
11953,npr.org,2,0.769099
11954,npr.org,2,0.822337
11955,npr.org,2,0.822337
11956,npr.org,2,0.822337
11957,npr.org,2,0.814091
11958,npr.org,2,0.814091
11959,npr.org,2,0.814091
11960,npr.org,2,0.814091
11961,npr.org,2,0.759544
11969,npr.org,2,0.844606
11970,npr.org,2,0.815970
11971,npr.org,2,0.815970
11972,npr.org,2,0.824047
11973,npr.org,2,0.827157
11975,npr.org,2,0.901080
11980,npr.org,2,0.878407
11981,npr.org,2,0.806850
11982,npr.org,2,0.758066
11987,npr.org,2,0.878270
11988,npr.org,2,0.878270
11994,npr.org,2,0.826919
11995,npr.org,2,0.828686
11996,npr.org,2,0.788170
11997,npr.org,2,0.788170
11998,npr.org,2,0.810625
11999,npr.org,2,0.881200
12001,npr.org,2,0.772156
12002,npr.org,2,0.777992
12003,npr.org,2,0.761194
12004,npr.org,2,0.766129
12005,npr.org,2,0.755803
12006,npr.org,2,0.751438
12008,npr.org,2,0.912630
12009,npr.org,2,0.812486
12010,npr.org,2,0.788365
12011,npr.org,2,0.823063
12013,npr.org,2,0.841814
12014,npr.org,2,0.823542
12016,npr.org,2,0.778016
12017,npr.org,2,0.777962
12018,npr.org,2,0.788876
12019,npr.org,2,0.847068
12021,npr.org,2,0.829311
12022,npr.org,2,0.829377
12023,npr.org,2,0.812518
12024,npr.org,2,0.818389
12025,npr.org,2,0.795692
12034,npr.org,2,0.838005
12035,npr.org,2,0.873011
12037,npr.org,2,0.825188
12038,npr.org,2,0.825067
12043,npr.org,2,0.940050
12044,npr.org,2,0.902666
12045,npr.org,2,0.800562
12046,npr.org,2,0.800349
12047,npr.org,2,0.857707
12049,npr.org,2,0.817151
12051,npr.org,2,0.814002
12055,npr.org,2,0.844566
12056,npr.org,2,0.844566
12057,npr.org,2,0.792326
12060,npr.org,2,0.769040
12061,npr.org,2,0.769040
12065,npr.org,2,0.792930
12069,npr.org,2,0.802723
12070,npr.org,2,0.800064
12072,npr.org,2,0.802151
12081,npr.org,2,0.846689
12082,npr.org,2,0.839085
12083,npr.org,2,0.841721
12084,npr.org,2,0.848523
12095,npr.org,2,0.830160
12096,npr.org,2,0.830969
12097,npr.org,2,0.787076
12098,npr.org,2,0.783411
12114,npr.org,2,0.789566
12115,npr.org,2,0.799856
12116,npr.org,2,0.791909
12126,npr.org,2,0.811498
12128,npr.org,2,0.813339
12129,npr.org,2,0.813705
12130,npr.org,2,0.813705
12131,npr.org,2,0.769283
12132,npr.org,2,0.780645
12143,npr.org,2,0.786152
12144,npr.org,2,0.779104
12145,npr.org,2,0.796883
12166,npr.org,2,0.825080
12175,npr.org,2,0.817291
12177,npr.org,2,0.819120
12182,npr.org,2,0.822416
12204,npr.org,2,0.796914
12205,npr.org,2,0.855190
12206,npr.org,2,0.816995
12208,npr.org,2,0.850069
12211,npr.org,2,0.814064
12212,npr.org,2,0.800031
12213,npr.org,2,0.813509
12215,npr.org,2,0.846062
12217,npr.org,2,0.786491
12222,npr.org,2,0.801332
12223,npr.org,2,0.801332
12226,npr.org,2,0.853355
12227,npr.org,2,0.829362
12229,npr.org,2,0.851603
12231,npr.org,2,0.793367
12232,npr.org,2,0.793683
12234,npr.org,2,0.804785
12235,npr.org,2,0.801864
12237,npr.org,2,0.762601
12239,npr.org,2,0.854084
12245,npr.org,2,0.826491
12246,npr.org,2,0.777275
12247,nvdaily.com,2,0.818825
12248,nvdaily.com,2,0.818383
12249,nvdaily.com,2,0.861757
12250,nvdaily.com,2,0.836176
12253,nvdaily.com,2,0.790779
12256,ny1.com,2,0.864343
12257,ny1.com,2,0.810301
12258,ny1.com,2,0.795842
12259,ny1.com,2,0.764936
12262,ny1.com,2,0.796496
12264,ny1.com,2,0.859100
12265,nymag.com,2,0.874738
12266,nymag.com,2,0.805864
12268,nymag.com,2,0.826955
12269,nymag.com,2,0.722357
12270,nymag.com,2,0.760580
12274,nymag.com,2,0.784923
12275,nymag.com,2,0.880606
12277,nymag.com,2,0.773183
12279,nymag.com,2,0.825825
12280,nymag.com,2,0.811012
12284,nypost.com,2,0.813952
12285,nypost.com,2,0.810696
12287,nypost.com,2,0.822160
12288,nypost.com,2,0.885141
12289,nypost.com,2,0.802795
12290,nypost.com,2,0.877921
12293,nypost.com,2,0.808726
12294,nypost.com,2,0.883798
12295,nypost.com,2,0.883350
12296,nypost.com,2,0.865133
12300,nypost.com,2,0.774378
12303,nypost.com,2,0.816207
12304,nypost.com,2,0.865801
12306,nypost.com,2,0.875916
12308,nypost.com,2,0.850296
12311,nypost.com,2,0.785990
12312,nypost.com,2,0.845131
12318,nypost.com,2,0.867679
12320,nypost.com,2,0.797669
12325,nypost.com,2,0.818394
12328,nypost.com,2,0.820127
12329,nypost.com,2,0.889370
12330,nypost.com,2,0.870595
12336,nypost.com,2,0.862737
12337,nypost.com,2,0.805509
12338,nypost.com,2,0.866773
12342,nypost.com,2,0.793952
12344,nypost.com,2,0.800964
12347,nypost.com,2,0.723018
12349,nypost.com,2,0.793942
12351,nypost.com,2,0.863509
12352,nypost.com,2,0.774249
12354,nypost.com,2,0.780615
12356,nypost.com,2,0.873874
12357,nypost.com,2,0.879148
12359,nypost.com,2,0.782375
12360,nypost.com,2,0.809212
12367,nysenate.gov,2,0.805594
12368,nysenate.gov,2,0.799733
12369,nysenate.gov,2,0.808942
12370,nysenate.gov,2,0.788001
12372,nysenate.gov,2,0.852735
12373,nytimes.com,2,0.773868
12374,nytimes.com,2,0.774988
12375,nytimes.com,2,0.867727
12376,nytimes.com,2,0.867727
12377,nytimes.com,2,0.774942
12378,nytimes.com,2,0.825909
12379,nytimes.com,2,0.825909
12380,nytimes.com,2,0.818380
12381,nytimes.com,2,0.818380
12382,nytimes.com,2,0.830550
12383,nytimes.com,2,0.830550
12384,nytimes.com,2,0.811523
12385,nytimes.com,2,0.811523
12386,nytimes.com,2,0.873326
12387,nytimes.com,2,0.798298
12388,nytimes.com,2,0.775373
12389,nytimes.com,2,0.833992
12394,nytimes.com,2,0.866975
12396,nytimes.com,2,0.785893
12397,nytimes.com,2,0.827875
12400,nytimes.com,2,0.867014
12401,nytimes.com,2,0.854655
12402,nytimes.com,2,0.866927
12408,nytimes.com,2,0.780105
12409,nytimes.com,2,0.780105
12411,nytimes.com,2,0.780809
12412,nytimes.com,2,0.799315
12415,nytimes.com,2,0.765747
12416,nytimes.com,2,0.815220
12417,nytimes.com,2,0.785916
12418,nytimes.com,2,0.795939
12419,nytimes.com,2,0.795939
12420,nytimes.com,2,0.793282
12421,nytimes.com,2,0.793282
12422,nytimes.com,2,0.827517
12423,nytimes.com,2,0.864971
12424,nytimes.com,2,0.844156
12425,nytimes.com,2,0.844156
12428,nytimes.com,2,0.738891
12429,nytimes.com,2,0.828155
12430,nytimes.com,2,0.833004
12431,nytimes.com,2,0.806308
12436,nytimes.com,2,0.793492
12437,nytimes.com,2,0.800580
12438,nytimes.com,2,0.800580
12439,nytimes.com,2,0.848911
12441,nytimes.com,2,0.862181
12443,nytimes.com,2,0.752577
12447,nytimes.com,2,0.860757
12452,nytimes.com,2,0.712263
12453,nytimes.com,2,0.851174
12454,nytimes.com,2,0.826050
12455,nytimes.com,2,0.826050
12456,nytimes.com,2,0.821832
12460,nytimes.com,2,0.828772
12461,nytimes.com,2,0.828772
12463,nytimes.com,2,0.780811
12464,nytimes.com,2,0.783813
12465,nytimes.com,2,0.775715
12466,nytimes.com,2,0.852062
12468,nytimes.com,2,0.860840
12469,nytimes.com,2,0.860840
12470,nytimes.com,2,0.859890
12474,nytimes.com,2,0.877885
12481,nytimes.com,2,0.780018
12482,nytimes.com,2,0.752312
12483,nytimes.com,2,0.759943
12484,nytimes.com,2,0.751404
12485,nytimes.com,2,0.835618
12486,nytimes.com,2,0.870786
12487,nytimes.com,2,0.781543
12488,nytimes.com,2,0.764023
12489,nytimes.com,2,0.726741
12490,nytimes.com,2,0.800275
12491,nytimes.com,2,0.800275
12492,nytimes.com,2,0.801648
12493,nytimes.com,2,0.801648
12494,nytimes.com,2,0.748500
12495,nytimes.com,2,0.763536
12497,nytimes.com,2,0.845724
12498,nytimes.com,2,0.845724
12499,nytimes.com,2,0.828836
12500,nytimes.com,2,0.868379
12511,nytimes.com,2,0.876744
12512,nytimes.com,2,0.876744
12513,nytimes.com,2,0.868932
12514,nytimes.com,2,0.868932
12515,nytimes.com,2,0.811219
12516,nytimes.com,2,0.820812
12518,nytimes.com,2,0.854393
12520,nytimes.com,2,0.805672
12521,nytimes.com,2,0.834895
12529,nytimes.com,2,0.875859
12530,nytimes.com,2,0.827543
12531,nytimes.com,2,0.847219
12538,nytimes.com,2,0.941149
12539,nytimes.com,2,0.815751
12540,nytimes.com,2,0.782906
12545,nytimes.com,2,0.802883
12548,nytimes.com,2,0.818090
12550,nytimes.com,2,0.891106
12551,nytimes.com,2,0.831068
12552,nytimes.com,2,0.867803
12553,nytimes.com,2,0.837531
12554,nytimes.com,2,0.837531
12555,nytimes.com,2,0.823786
12557,nytimes.com,2,0.840619
12559,nytimes.com,2,0.827797
12560,nytimes.com,2,0.827797
12561,nytimes.com,2,0.815385
12562,nytimes.com,2,0.790564
12563,nytimes.com,2,0.753041
12573,nytimes.com,2,0.878556
12574,nytimes.com,2,0.881487
12576,nytimes.com,2,0.750472
12579,nytimes.com,2,0.780423
12580,nytimes.com,2,0.768562
12583,nytimes.com,2,0.852464
12592,nytimes.com,2,0.852335
12593,nytimes.com,2,0.852335
12595,nytimes.com,2,0.859576
12600,nytimes.com,2,0.874135
12604,nytimes.com,2,0.750177
12610,nytimes.com,2,0.787712
12611,nytimes.com,2,0.845410
12612,nytimes.com,2,0.845410
12613,nytimes.com,2,0.773736
12614,nytimes.com,2,0.771857
12615,nytimes.com,2,0.760271
12616,nytimes.com,2,0.831865
12617,nytimes.com,2,0.760780
12618,nytimes.com,2,0.760780
12619,nytimes.com,2,0.836597
12623,nytimes.com,2,0.859637
12626,nytimes.com,2,0.817411
12628,nytimes.com,2,0.808622
12629,nytimes.com,2,0.762431
12630,nytimes.com,2,0.762431
12631,nytimes.com,2,0.780196
12633,nytimes.com,2,0.816430
12634,nytimes.com,2,0.816430
12644,nytimes.com,2,0.848767
12645,nytimes.com,2,0.848767
12647,nytimes.com,2,0.777027
12652,nytimes.com,2,0.811099
12653,nytimes.com,2,0.791803
12654,nytimes.com,2,0.817208
12662,nytimes.com,2,0.876625
12663,nytimes.com,2,0.876625
12667,nytimes.com,2,0.806298
12668,nytimes.com,2,0.806298
12669,nytimes.com,2,0.842047
12670,nytimes.com,2,0.828288
12671,nytimes.com,2,0.842629
12672,nytimes.com,2,0.842629
12673,nytimes.com,2,0.752927
12674,nytimes.com,2,0.743044
12677,nytimes.com,2,0.852982
12678,nytimes.com,2,0.910878
12679,nytimes.com,2,0.807901
12680,nytimes.com,2,0.769107
12681,nytimes.com,2,0.769107
12682,nytimes.com,2,0.852647
12687,nytimes.com,2,0.845350
12688,nytimes.com,2,0.855102
12693,nytimes.com,2,0.807166
12694,nytimes.com,2,0.807166
12695,nytimes.com,2,0.820306
12697,nytimes.com,2,0.749376
12700,nytimes.com,2,0.859455
12702,nytimes.com,2,0.829726
12703,nytimes.com,2,0.773539
12704,nytimes.com,2,0.827089
12705,nytimes.com,2,0.738996
12708,nytimes.com,2,0.808561
12709,nytimes.com,2,0.800129
12710,nytimes.com,2,0.800129
12713,nytimes.com,2,0.796929
12715,nytimes.com,2,0.754487
12716,nytimes.com,2,0.786345
12718,nytimes.com,2,0.810309
12722,nytimes.com,2,0.807267
12723,nytimes.com,2,0.811890
12724,nytimes.com,2,0.774978
12725,nytimes.com,2,0.817580
12728,nytimes.com,2,0.915569
12729,nytimes.com,2,0.803349
12731,nytimes.com,2,0.798502
12732,nytimes.com,2,0.798502
12733,nytimes.com,2,0.909731
12735,nytimes.com,2,0.902949
12737,nytimes.com,2,0.831056
12740,nytimes.com,2,0.749533
12741,nytimes.com,2,0.750434
12742,nytimes.com,2,0.763547
12743,nytimes.com,2,0.755843
12744,nytimes.com,2,0.758692
12746,nytimes.com,2,0.851097
12747,nytimes.com,2,0.835709
12748,nytimes.com,2,0.858096
12749,nytimes.com,2,0.858096
12751,nytimes.com,2,0.791214
12752,nytimes.com,2,0.807862
12753,nytimes.com,2,0.758167
12755,nytimes.com,2,0.850039
12757,nytimes.com,2,0.814870
12758,nytimes.com,2,0.765676
12760,nytimes.com,2,0.800877
12761,nytimes.com,2,0.869794
12762,nytimes.com,2,0.864754
12764,nytimes.com,2,0.793891
12765,nytimes.com,2,0.792246
12766,nytimes.com,2,0.861366
12767,nytimes.com,2,0.841923
12768,nytimes.com,2,0.819067
12769,nytimes.com,2,0.851711
12770,nytimes.com,2,0.845918
12771,nytimes.com,2,0.796522
12772,nytimes.com,2,0.832097
12773,nytimes.com,2,0.753574
12774,nytimes.com,2,0.882000
12777,nytimes.com,2,0.821857
12778,nytimes.com,2,0.866460
12780,nytimes.com,2,0.823676
12781,nytimes.com,2,0.867964
12782,nytimes.com,2,0.799269
12783,nytimes.com,2,0.834360
12784,nytimes.com,2,0.834360
12785,nytimes.com,2,0.798697
12786,nytimes.com,2,0.848789
12787,nytimes.com,2,0.871248
12790,nytimes.com,2,0.799190
12792,nytimes.com,2,0.786891
12793,nytimes.com,2,0.786891
12796,nytimes.com,2,0.839646
12797,nytimes.com,2,0.816958
12800,nytimes.com,2,0.878929
12802,nytimes.com,2,0.799308
12803,nytimes.com,2,0.772555
12805,nytimes.com,2,0.821408
12806,nytimes.com,2,0.864189
12809,nytimes.com,2,0.820826
12810,nytimes.com,2,0.820826
12814,nytimes.com,2,0.822618
12816,nytimes.com,2,0.831802
12817,nytimes.com,2,0.808215
12819,nytimes.com,2,0.840705
12820,nytimes.com,2,0.816694
12821,nytimes.com,2,0.782577
12822,nytimes.com,2,0.775086
12823,nytimes.com,2,0.863860
12824,nytimes.com,2,0.863860
12825,nytimes.com,2,0.905602
12827,nytimes.com,2,0.820191
12828,nytimes.com,2,0.859126
12829,nytimes.com,2,0.825688
12830,nytimes.com,2,0.816109
12832,nytimes.com,2,0.830601
12833,nytimes.com,2,0.775379
12834,nytimes.com,2,0.775379
12837,nytimes.com,2,0.813955
12838,nytimes.com,2,0.813955
12839,nytimes.com,2,0.813955
12842,nytimes.com,2,0.799446
12843,nytimes.com,2,0.799446
12845,nytimes.com,2,0.793533
12846,nytimes.com,2,0.793533
12849,nytimes.com,2,0.795150
12850,nytimes.com,2,0.773811
12851,nytimes.com,2,0.773811
12852,nytimes.com,2,0.794580
12853,nytimes.com,2,0.794580
12854,nytimes.com,2,0.798422
12856,nytimes.com,2,0.824676
12857,nytimes.com,2,0.824676
12858,nytimes.com,2,0.837544
12861,nytimes.com,2,0.831080
12862,nytimes.com,2,0.830221
12863,nytimes.com,2,0.847980
12864,nytimes.com,2,0.847980
12865,nytimes.com,2,0.787661
12866,nytimes.com,2,0.787661
12870,nytimes.com,2,0.800053
12871,nytimes.com,2,0.800053
12872,nytimes.com,2,0.808323
12875,nytimes.com,2,0.809695
12876,nytimes.com,2,0.808425
12877,nytimes.com,2,0.808425
12878,nytimes.com,2,0.754374
12879,nytimes.com,2,0.754374
12880,nytimes.com,2,0.781789
12881,nytimes.com,2,0.781789
12882,nytimes.com,2,0.790150
12883,nytimes.com,2,0.790150
12884,nytimes.com,2,0.817930
12885,nytimes.com,2,0.899608
12886,nytimes.com,2,0.814832
12887,nytimes.com,2,0.837503
12888,nytimes.com,2,0.841664
12889,nytimes.com,2,0.824690
12890,nytimes.com,2,0.824690
12891,nytimes.com,2,0.755872
12892,nytimes.com,2,0.755872
12893,nytimes.com,2,0.779533
12894,nytimes.com,2,0.779533
12896,nytimes.com,2,0.808467
12898,nytimes.com,2,0.846455
12899,nytimes.com,2,0.805484
12901,nytimes.com,2,0.838647
12904,nytimes.com,2,0.867498
12905,nytimes.com,2,0.867498
12909,nytimes.com,2,0.760795
12910,nytimes.com,2,0.836318
12912,nytimes.com,2,0.808531
12913,nytimes.com,2,0.762143
12914,nytimes.com,2,0.794139
12915,nytimes.com,2,0.769910
12918,nytimes.com,2,0.785198
12919,nytimes.com,2,0.785905
12920,nytimes.com,2,0.785905
12921,nytimes.com,2,0.740726
12922,nytimes.com,2,0.808374
12925,nytimes.com,2,0.850287
12926,nytimes.com,2,0.878605
12929,nytimes.com,2,0.865117
12930,nytimes.com,2,0.838743
12931,nytimes.com,2,0.833929
12937,nytimes.com,2,0.832850
12938,nytimes.com,2,0.821447
12939,nytimes.com,2,0.829152
12940,nytimes.com,2,0.838241
12941,nytimes.com,2,0.802042
12942,nytimes.com,2,0.812128
12943,nytimes.com,2,0.848109
12944,nytimes.com,2,0.805278
12946,nytimes.com,2,0.822409
12947,nytimes.com,2,0.830770
12949,nytimes.com,2,0.790929
12950,nytimes.com,2,0.790929
12952,nytimes.com,2,0.775013
12953,nytimes.com,2,0.775013
12957,nytimes.com,2,0.800839
12961,nytimes.com,2,0.805988
12963,nytimes.com,2,0.785559
12970,nytimes.com,2,0.842205
12973,nytimes.com,2,0.828171
12974,nytimes.com,2,0.794504
12978,nytimes.com,2,0.773001
12979,nytimes.com,2,0.773001
12980,nytimes.com,2,0.782101
12981,nytimes.com,2,0.782101
12982,nytimes.com,2,0.784426
12983,nytimes.com,2,0.784426
12985,nytimes.com,2,0.774147
12986,nytimes.com,2,0.774147
12988,nytimes.com,2,0.797881
12989,nytimes.com,2,0.797881
12990,nytimes.com,2,0.821975
12993,nytimes.com,2,0.847284
12997,nytimes.com,2,0.749637
13003,nytimes.com,2,0.761060
13004,nytimes.com,2,0.708311
13005,nytimes.com,2,0.852565
13006,nytimes.com,2,0.819425
13008,nytimes.com,2,0.834106
13014,nytimes.com,2,0.822158
13017,nytimes.com,2,0.847659
13018,nytimes.com,2,0.859193
13019,nytimes.com,2,0.827488
13020,nytimes.com,2,0.827488
13021,nytimes.com,2,0.816220
13022,nytimes.com,2,0.816220
13025,nytimes.com,2,0.825295
13029,nytimes.com,2,0.878801
13036,nytimes.com,2,0.819363
13037,nytimes.com,2,0.854480
13038,nytimes.com,2,0.807082
13040,nytimes.com,2,0.821702
13041,nytimes.com,2,0.821702
13042,nytimes.com,2,0.829430
13043,nytimes.com,2,0.762431
13044,nytimes.com,2,0.798813
13045,nytimes.com,2,0.831771
13046,nytimes.com,2,0.831771
13047,nytimes.com,2,0.867384
13049,nytimes.com,2,0.826827
13050,nytimes.com,2,0.823835
13051,nytimes.com,2,0.826834
13053,nytimes.com,2,0.861045
13054,nytimes.com,2,0.850849
13056,nytimes.com,2,0.771738
13057,nytimes.com,2,0.850803
13058,nytimes.com,2,0.823871
13060,nytimes.com,2,0.831597
13061,nytimes.com,2,0.764462
13063,nytimes.com,2,0.744741
13064,nytimes.com,2,0.826586
13067,nytimes.com,2,0.774956
13068,nytimes.com,2,0.769821
13070,nytimes.com,2,0.863004
13071,nytimes.com,2,0.821141
13072,nytimes.com,2,0.752204
13073,nytimes.com,2,0.752204
13074,nytimes.com,2,0.812319
13076,nytimes.com,2,0.836186
13077,nytimes.com,2,0.779235
13079,nytimes.com,2,0.786470
13080,nytimes.com,2,0.758826
13081,nytimes.com,2,0.777231
13082,nytimes.com,2,0.808393
13083,nytimes.com,2,0.808393
13084,nytimes.com,2,0.779922
13085,nytimes.com,2,0.779922
13086,nytimes.com,2,0.864487
13089,nytimes.com,2,0.825421
13090,nytimes.com,2,0.818530
13091,nytimes.com,2,0.803651
13092,nytimes.com,2,0.786952
13095,nytimes.com,2,0.903090
13096,nytimes.com,2,0.903090
13097,nytimes.com,2,0.853650
13099,nytimes.com,2,0.737678
13100,nytimes.com,2,0.833114
13101,nytimes.com,2,0.809515
13102,nytimes.com,2,0.785903
13103,nytimes.com,2,0.785903
13104,nytimes.com,2,0.860610
13105,nytimes.com,2,0.845614
13108,nytimes.com,2,0.853039
13109,nytimes.com,2,0.791493
13113,nytimes.com,2,0.838932
13117,nytimes.com,2,0.839901
13118,nytimes.com,2,0.848407
13119,nytimes.com,2,0.848407
13120,ocregister.com,2,0.804343
13124,ocregister.com,2,0.820782
13125,ocregister.com,2,0.818895
13126,ocregister.com,2,0.821522
13128,ocregister.com,2,0.853753
13131,ocregister.com,2,0.738916
13133,ocregister.com,2,0.777960
13136,ocregister.com,2,0.731925
13137,ocregister.com,2,0.801736
13138,ocregister.com,2,0.835519
13139,ocregister.com,2,0.782640
13140,ocregister.com,2,0.782640
13141,ocregister.com,2,0.782640
13142,ocregister.com,2,0.785113
13143,ocregister.com,2,0.782640
13144,ocregister.com,2,0.784396
13145,ocregister.com,2,0.782640
13146,ocregister.com,2,0.785097
13147,ocregister.com,2,0.782640
13148,ocregister.com,2,0.782640
13149,ocregister.com,2,0.782640
13150,ocregister.com,2,0.782640
13151,ocregister.com,2,0.782640
13152,ocregister.com,2,0.782640
13157,ohiocapitaljournal.com,2,0.898406
13159,ohiocapitaljournal.com,2,0.781254
13167,ohiocapitaljournal.com,2,0.783787
13170,ohiocapitaljournal.com,2,0.778369
13173,oilcity.news,2,0.853973
13174,oilcity.news,2,0.806530
13175,oilcity.news,2,0.806889
13176,oilcity.news,2,0.842821
13177,oilcity.news,2,0.846940
13178,oilcity.news,2,0.850259
13179,oilcity.news,2,0.816694
13180,oilcity.news,2,0.825745
13181,oilcity.news,2,0.829142
13182,oilcity.news,2,0.832156
13183,oilcity.news,2,0.828958
13184,oilcity.news,2,0.813182
13185,oilcity.news,2,0.831822
13186,oilcity.news,2,0.833154
13187,oilcity.news,2,0.849273
13188,oilcity.news,2,0.799452
13189,oilcity.news,2,0.810972
13190,oilcity.news,2,0.817723
13191,oilcity.news,2,0.790440
13192,oilcity.news,2,0.813278
13193,oilcity.news,2,0.833107
13194,oilcity.news,2,0.788902
13195,oilcity.news,2,0.814268
13196,oilcity.news,2,0.807871
13197,oilcity.news,2,0.817807
13198,oilcity.news,2,0.852894
13199,oilcity.news,2,0.853214
13200,oilcity.news,2,0.851411
13201,oilcity.news,2,0.830993
13202,oilcity.news,2,0.843357
13203,oilcity.news,2,0.801587
13204,oilcity.news,2,0.821286
13205,oilcity.news,2,0.835327
13206,oilcity.news,2,0.852461
13207,oilcity.news,2,0.809757
13208,oilcity.news,2,0.854025
13209,oilcity.news,2,0.823127
13210,oilcity.news,2,0.832861
13211,oilcity.news,2,0.827349
13212,oilcity.news,2,0.816260
13213,oilcity.news,2,0.838409
13214,oilcity.news,2,0.843318
13215,oilcity.news,2,0.861113
13216,oilcity.news,2,0.806598
13218,oilcity.news,2,0.842158
13222,okcfox.com,2,0.793338
13224,okcfox.com,2,0.795710
13225,okcfox.com,2,0.749441
13226,okcfox.com,2,0.818338
13228,okcfox.com,2,0.792130
13229,okcfox.com,2,0.749355
13230,oklahomafarmreport.com,2,0.854895
13231,oklahomafarmreport.com,2,0.869825
13232,oklahomafarmreport.com,2,0.809011
13233,oklahomafarmreport.com,2,0.825624
13234,oklahomafarmreport.com,2,0.818627
13235,oklahomafarmreport.com,2,0.768542
13237,oklahomafarmreport.com,2,0.833015
13241,oklahoman.com,2,0.814720
13242,oklahoman.com,2,0.810874
13243,oklahoman.com,2,0.795947
13245,oklahoman.com,2,0.781458
13246,oklahoman.com,2,0.834516
13247,oklahoman.com,2,0.841637
13248,oklahoman.com,2,0.867537
13249,oklahoman.com,2,0.804943
13250,oklahoman.com,2,0.848262
13252,oklahoman.com,2,0.760599
13253,oklahoman.com,2,0.784202
13254,oklahoman.com,2,0.804763
13259,oklahoman.com,2,0.796881
13260,oklahoman.com,2,0.818672
13264,oklahoman.com,2,0.802717
13265,oklahoman.com,2,0.788395
13266,oklahoman.com,2,0.794996
13267,oklahoman.com,2,0.768223
13269,oklahoman.com,2,0.792675
13270,oklahoman.com,2,0.832865
13271,oklahoman.com,2,0.782584
13272,oklahomavoice.com,2,0.816355
13273,oklahomavoice.com,2,0.853934
13274,oklahomavoice.com,2,0.773927
13275,oklahomavoice.com,2,0.824234
13276,oklahomavoice.com,2,0.891489
13277,oklahomavoice.com,2,0.777114
13278,oklahomavoice.com,2,0.770716
13279,oklahomavoice.com,2,0.814317
13280,opb.org,2,0.826589
13281,opb.org,2,0.814091
13285,opb.org,2,0.788369
13286,opb.org,2,0.795566
13296,openline.auburnalabama.org,2,0.794266
13297,openline.auburnalabama.org,2,0.794266
13298,openline.auburnalabama.org,2,0.795451
13299,openline.auburnalabama.org,2,0.795866
13300,openline.auburnalabama.org,2,0.795866
13301,openline.auburnalabama.org,2,0.795973
13302,openline.auburnalabama.org,2,0.780651
13303,openline.auburnalabama.org,2,0.795438
13305,orlandosentinel.com,2,0.845934
13308,orlandosentinel.com,2,0.839107
13311,orlandosentinel.com,2,0.866224
13315,orlandosentinel.com,2,0.810720
13316,orlandosentinel.com,2,0.783415
13317,orlandosentinel.com,2,0.812259
13318,orlandosentinel.com,2,0.824852
13350,oskaloosa.com,2,0.824494
13351,oskaloosa.com,2,0.790071
13356,oskaloosa.com,2,0.832306
13359,oskaloosa.com,2,0.812259
13360,oskaloosa.com,2,0.790779
13361,oskaloosa.com,2,0.753529
13362,oskaloosa.com,2,0.773927
13363,oskaloosa.com,2,0.773927
13364,oskaloosa.com,2,0.828792
13365,oskaloosa.com,2,0.827230
13366,oskaloosa.com,2,0.823654
13367,ottumwacourier.com,2,0.833348
13369,ottumwacourier.com,2,0.818332
13371,ottumwacourier.com,2,0.837193
13373,ottumwacourier.com,2,0.832306
13378,ottumwacourier.com,2,0.790779
13379,ottumwacourier.com,2,0.753529
13380,ottumwacourier.com,2,0.773927
13381,ottumwacourier.com,2,0.827230
13382,ottumwacourier.com,2,0.823654
13383,ottumwacourier.com,2,0.820408
13391,pasenate.com,2,0.825811
13392,pasenate.com,2,0.825728
13394,pasenate.com,2,0.906899
13395,pasenate.com,2,0.905308
13396,pasenategop.com,2,0.845330
13397,pasenategop.com,2,0.843786
13398,pasenategop.com,2,0.768903
13399,pasenategop.com,2,0.821283
13400,pasenategop.com,2,0.843702
13402,pasenategop.com,2,0.795236
13403,pasenategop.com,2,0.838428
13406,pasenategop.com,2,0.829625
13407,pasenategop.com,2,0.817929
13408,pasenategop.com,2,0.834698
13409,pasenategop.com,2,0.835109
13411,pbs.org,2,0.775996
13414,pbs.org,2,0.821035
13415,pbs.org,2,0.821035
13422,pbs.org,2,0.812008
13423,pbs.org,2,0.770000
13425,pbs.org,2,0.830309
13430,pbs.org,2,0.760791
13432,pbs.org,2,0.745847
13435,pbs.org,2,0.820714
13436,pbs.org,2,0.825937
13437,pbs.org,2,0.777356
13440,pbs.org,2,0.764963
13447,pbs.org,2,0.936728
13448,pbs.org,2,0.827553
13449,pbs.org,2,0.827553
13451,pbs.org,2,0.786120
13453,pbs.org,2,0.767056
13454,pbs.org,2,0.808922
13457,pbs.org,2,0.781700
13458,pbs.org,2,0.776174
13459,pbs.org,2,0.864516
13460,pbs.org,2,0.864516
13461,pbs.org,2,0.819757
13462,pbs.org,2,0.845742
13463,pbs.org,2,0.879547
13464,pbs.org,2,0.853088
13465,pbs.org,2,0.809612
13466,pbs.org,2,0.809612
13467,pbs.org,2,0.829699
13473,pbs.org,2,0.821150
13474,pbs.org,2,0.810238
13476,pbs.org,2,0.777087
13478,pbs.org,2,0.806735
13482,pbs.org,2,0.790940
13484,pbs.org,2,0.824833
13489,pbs.org,2,0.755783
13493,pbs.org,2,0.790555
13494,pbs.org,2,0.826253
13497,pbs.org,2,0.818592
13498,pbs.org,2,0.818592
13499,pbs.org,2,0.805481
13500,pbs.org,2,0.797290
13502,pbs.org,2,0.780557
13508,pbs.org,2,0.783457
13509,pbs.org,2,0.785509
13512,pbs.org,2,0.790358
13517,pbs.org,2,0.826212
13518,pbs.org,2,0.825077
13519,pbs.org,2,0.788339
13520,pbs.org,2,0.822196
13521,pbs.org,2,0.766426
13523,pbs.org,2,0.767996
13525,pbs.org,2,0.824546
13526,pbs.org,2,0.824546
13527,pbs.org,2,0.803583
13528,pbs.org,2,0.762367
13529,pbs.org,2,0.819874
13534,pbs.org,2,0.831509
13535,pbs.org,2,0.823347
13536,pbs.org,2,0.822738
13537,pbs.org,2,0.771935
13538,pbs.org,2,0.799938
13540,pbs.org,2,0.763165
13544,pbs.org,2,0.767077
13545,pbs.org,2,0.813907
13546,pbs.org,2,0.761404
13547,pbs.org,2,0.756970
13549,pbs.org,2,0.820176
13550,pbs.org,2,0.820176
13551,pbs.org,2,0.835637
13554,pbs.org,2,0.798896
13555,pbs.org,2,0.798896
13557,pbs.org,2,0.846225
13561,pbs.org,2,0.821088
13565,pbs.org,2,0.832600
13566,pbs.org,2,0.768228
13567,pbs.org,2,0.836648
13570,pbs.org,2,0.754773
13571,pbs.org,2,0.803925
13573,pbs.org,2,0.773775
13574,pbs.org,2,0.784613
13575,pbs.org,2,0.784613
13578,penncapital-star.com,2,0.813824
13580,penncapital-star.com,2,0.811119
13581,penncapital-star.com,2,0.827139
13583,penncapital-star.com,2,0.836659
13585,people.com,2,0.763086
13586,people.com,2,0.778319
13587,people.com,2,0.774548
13588,people.com,2,0.759600
13589,people.com,2,0.799936
13590,people.com,2,0.774821
13593,people.com,2,0.744971
13595,people.com,2,0.780592
13599,people.com,2,0.873559
13600,people.com,2,0.765328
13605,pilotonline.com,2,0.806965
13614,pix11.com,2,0.790665
13615,pix11.com,2,0.805276
13616,pix11.com,2,0.805276
13617,pix11.com,2,0.826210
13618,pix11.com,2,0.740637
13619,pix11.com,2,0.807418
13623,pix11.com,2,0.801722
13624,politico.com,2,0.867405
13625,politico.com,2,0.851274
13628,politico.com,2,0.871253
13629,politico.com,2,0.865835
13632,politico.com,2,0.881843
13634,politico.com,2,0.856864
13639,politico.com,2,0.867262
13640,politico.com,2,0.860557
13641,politico.com,2,0.835502
13642,politico.com,2,0.837534
13644,politico.com,2,0.909889
13647,politico.com,2,0.859407
13651,politico.com,2,0.852692
13664,politico.com,2,0.842258
13666,politico.com,2,0.924991
13672,politico.com,2,0.887374
13674,politico.com,2,0.881107
13675,politico.com,2,0.810372
13676,politico.com,2,0.753421
13688,politico.com,2,0.898112
13691,politico.com,2,0.880891
13695,politico.com,2,0.804451
13696,politico.com,2,0.786991
13706,politico.com,2,0.798542
13707,politico.com,2,0.854170
13708,politico.com,2,0.854170
13709,politico.com,2,0.854848
13712,politico.com,2,0.866801
13713,politico.com,2,0.775266
13716,politico.com,2,0.880063
13719,politico.com,2,0.858996
13723,politico.com,2,0.866045
13724,politico.com,2,0.858826
13725,politico.com,2,0.834975
13726,politico.com,2,0.822889
13730,politico.com,2,0.867649
13734,politico.com,2,0.892864
13735,politico.com,2,0.860645
13736,politico.com,2,0.879861
13741,politico.com,2,0.834694
13750,politico.com,2,0.842973
13754,politico.com,2,0.883226
13755,politico.com,2,0.902986
13760,politico.com,2,0.820248
13761,politico.com,2,0.823944
13762,politico.com,2,0.868504
13763,politico.com,2,0.805790
13767,politico.com,2,0.837588
13770,politico.com,2,0.884765
13771,politico.com,2,0.884765
13772,politico.com,2,0.884765
13773,politico.com,2,0.884765
13774,politico.com,2,0.884765
13775,politico.com,2,0.884765
13776,politico.com,2,0.884765
13777,politico.com,2,0.884765
13778,politico.com,2,0.884765
13779,politico.com,2,0.884765
13780,politico.com,2,0.863017
13783,politico.com,2,0.825533
13784,politico.com,2,0.770799
13785,politico.com,2,0.871073
13786,politico.com,2,0.859594
13788,politico.com,2,0.867243
13789,politico.com,2,0.831674
13790,politico.com,2,0.863361
13791,politico.com,2,0.912071
13796,politico.com,2,0.792524
13797,politico.com,2,0.872456
13798,politico.com,2,0.872456
13799,politico.com,2,0.839417
13801,politico.com,2,0.800059
13802,politico.com,2,0.847704
13803,politico.com,2,0.803065
13806,politico.com,2,0.847665
13807,politico.com,2,0.778383
13808,politico.com,2,0.859523
13809,politico.com,2,0.859523
13812,politico.com,2,0.847326
13819,politico.com,2,0.863097
13820,politico.com,2,0.843597
13825,politico.com,2,0.887481
13826,politico.com,2,0.782171
13827,politico.com,2,0.782171
13829,politico.com,2,0.906401
13831,politico.com,2,0.830880
13837,politico.com,2,0.827454
13838,politico.com,2,0.827454
13840,politico.com,2,0.835936
13841,politico.com,2,0.892599
13842,politico.com,2,0.840925
13843,politico.com,2,0.840925
13844,politico.com,2,0.867371
13845,politico.com,2,0.908125
13848,politico.com,2,0.841152
13855,politico.com,2,0.903218
13858,politico.com,2,0.904331
13864,politico.com,2,0.865532
13866,politico.com,2,0.871108
13867,politico.com,2,0.882794
13868,politico.com,2,0.809909
13872,politico.com,2,0.900780
13876,politico.com,2,0.804664
13882,politico.com,2,0.824776
13883,politico.com,2,0.824776
13888,politico.com,2,0.847163
13889,politico.com,2,0.849137
13890,politico.com,2,0.849137
13892,politico.com,2,0.827092
13895,politico.com,2,0.899734
13896,politico.com,2,0.820464
13897,politico.com,2,0.872468
13898,politico.com,2,0.921869
13905,politico.com,2,0.822245
13907,politico.com,2,0.766168
13908,politico.com,2,0.804100
13909,politico.com,2,0.781817
13910,politico.com,2,0.843905
13911,politico.com,2,0.812308
13912,politico.com,2,0.858231
13913,politico.com,2,0.838210
13915,politico.com,2,0.791429
13916,politico.com,2,0.847043
13917,politico.com,2,0.784846
13920,politico.com,2,0.851853
13922,politico.com,2,0.871353
13923,politico.com,2,0.863866
13924,politico.com,2,0.863866
13936,politico.com,2,0.763967
13938,politico.com,2,0.821782
13950,politico.com,2,0.776837
13951,politico.com,2,0.770546
13952,politico.com,2,0.789418
13953,politico.com,2,0.839772
13960,politico.com,2,0.860859
13961,politico.com,2,0.854740
13962,politico.com,2,0.854740
13965,politico.com,2,0.846814
13967,politico.com,2,0.816132
13969,politico.com,2,0.847223
13973,politico.com,2,0.791834
13974,politico.com,2,0.790349
13975,politico.com,2,0.764404
13978,politico.com,2,0.887088
13984,politico.com,2,0.775977
13985,politico.com,2,0.775977
13986,politico.com,2,0.775977
13987,politico.com,2,0.880718
13988,politico.com,2,0.890192
13989,politico.com,2,0.848128
13990,politico.com,2,0.804314
13991,politico.com,2,0.860739
13992,politico.com,2,0.845382
13994,politico.com,2,0.884262
13997,politico.com,2,0.835919
13998,politico.com,2,0.835919
13999,politico.com,2,0.835919
14000,politico.com,2,0.835919
14001,politico.com,2,0.853093
14002,politico.com,2,0.867143
14011,politico.com,2,0.888875
14012,politico.com,2,0.888875
14014,politico.com,2,0.850516
14016,politico.com,2,0.892746
14017,politico.com,2,0.861980
14022,politico.com,2,0.856974
14023,politico.com,2,0.833803
14026,politico.com,2,0.750073
14027,politico.com,2,0.812325
14028,politico.com,2,0.774874
14033,politico.com,2,0.804670
14036,politico.com,2,0.816835
14037,politico.com,2,0.816835
14038,politico.com,2,0.786599
14042,politico.com,2,0.816846
14047,politico.com,2,0.818666
14048,politico.com,2,0.818666
14049,politico.com,2,0.816586
14050,politico.com,2,0.824791
14052,politico.com,2,0.873205
14054,politico.com,2,0.791193
14057,politico.com,2,0.908453
14059,politico.com,2,0.853693
14066,politico.com,2,0.900921
14067,politico.com,2,0.846491
14068,politico.com,2,0.846491
14071,politico.com,2,0.900629
14075,politico.com,2,0.817796
14076,politico.com,2,0.766319
14079,politico.com,2,0.815220
14080,politico.com,2,0.815220
14082,politico.com,2,0.783077
14085,politico.com,2,0.842356
14086,politico.com,2,0.826662
14090,politico.com,2,0.842691
14092,politico.com,2,0.836234
14094,politico.com,2,0.879993
14095,politico.com,2,0.897759
14097,politico.com,2,0.869220
14098,politico.com,2,0.904314
14099,politico.com,2,0.888049
14106,politico.com,2,0.886658
14110,politico.com,2,0.877200
14120,politico.eu,2,0.879693
14139,post-gazette.com,2,0.775560
14140,post-gazette.com,2,0.783751
14144,post-gazette.com,2,0.778963
14145,post-gazette.com,2,0.799418
14150,postandcourier.com,2,0.815399
14151,postandcourier.com,2,0.752994
14152,postandcourier.com,2,0.778174
14153,postandcourier.com,2,0.802196
14154,postandcourier.com,2,0.766308
14155,postandcourier.com,2,0.764602
14156,postandcourier.com,2,0.764290
14159,postandcourier.com,2,0.763248
14163,postregister.com,2,0.898162
14168,postregister.com,2,0.727047
14169,postregister.com,2,0.727047
14170,postregister.com,2,0.727047
14172,presidentialprayerteam.org,2,0.798267
14173,presidentialprayerteam.org,2,0.854346
14174,presidentialprayerteam.org,2,0.798574
14175,presidentialprayerteam.org,2,0.775321
14176,presidentialprayerteam.org,2,0.778182
14177,presidentialprayerteam.org,2,0.838529
14178,presidentialprayerteam.org,2,0.934203
14179,presidentialprayerteam.org,2,0.894586
14180,presidentialprayerteam.org,2,0.821985
14181,presidentialprayerteam.org,2,0.805653
14182,presidentialprayerteam.org,2,0.789882
14183,presidentialprayerteam.org,2,0.742279
14185,presidentialprayerteam.org,2,0.811917
14191,pressdemocrat.com,2,0.798777
14193,pressdemocrat.com,2,0.882971
14194,pressdemocrat.com,2,0.810356
14197,pressdemocrat.com,2,0.796941
14198,pressdemocrat.com,2,0.793233
14200,pressdemocrat.com,2,0.774975
14201,pressdemocrat.com,2,0.836732
14203,pressherald.com,2,0.837965
14204,pressherald.com,2,0.829733
14205,pressherald.com,2,0.873080
14213,pressherald.com,2,0.853426
14214,pressherald.com,2,0.853426
14217,pressherald.com,2,0.802155
14218,pressherald.com,2,0.785589
14219,pressherald.com,2,0.864449
14220,pressherald.com,2,0.782547
14221,pressherald.com,2,0.782547
14224,pressherald.com,2,0.762291
14225,presstelegram.com,2,0.816765
14228,presstelegram.com,2,0.790234
14229,presstelegram.com,2,0.853753
14236,prnewswire.com,2,0.745708
14239,prnewswire.com,2,0.859474
14249,prnewswire.com,2,0.803149
14251,prnewswire.com,2,0.795229
14256,punchbowl.news,2,0.879342
14260,punchbowl.news,2,0.796110
14261,punchbowl.news,2,0.863100
14262,punchbowl.news,2,0.898981
14263,punchbowl.news,2,0.913914
14265,punchbowl.news,2,0.796780
14268,punchbowl.news,2,0.927804
14269,punchbowl.news,2,0.830785
14270,punchbowl.news,2,0.873998
14277,punchbowl.news,2,0.805569
14280,punchbowl.news,2,0.869065
14282,punchbowl.news,2,0.841228
14286,punchbowl.news,2,0.882788
14288,punchbowl.news,2,0.893384
14290,punchbowl.news,2,0.896155
14291,punchbowl.news,2,0.785008
14292,punchbowl.news,2,0.795981
14293,punchbowl.news,2,0.790696
14294,punchbowl.news,2,0.821836
14297,punchbowl.news,2,0.835373
14301,punchbowl.news,2,0.788641
14323,punchng.com,2,0.893887
14324,punchng.com,2,0.910391
14330,punchng.com,2,0.893810
14337,punchng.com,2,0.904148
14345,punchng.com,2,0.898363
14353,punchng.com,2,0.941662
14355,pymnts.com,2,0.873831
14357,pymnts.com,2,0.801229
14361,pymnts.com,2,0.779328
14362,pymnts.com,2,0.841764
14363,pymnts.com,2,0.782289
14364,quiverquant.com,2,0.775866
14365,quiverquant.com,2,0.802823
14366,quiverquant.com,2,0.787531
14369,quiverquant.com,2,0.832915
14370,quiverquant.com,2,0.803004
14371,quiverquant.com,2,0.843952
14374,quiverquant.com,2,0.847279
14375,quiverquant.com,2,0.807983
14380,radioiowa.com,2,0.857053
14381,radioiowa.com,2,0.857053
14385,rawstory.com,2,0.784931
14387,rawstory.com,2,0.905560
14404,realtor.com,2,0.797564
14405,realtor.com,2,0.844492
14406,realtor.com,2,0.810740
14407,realtor.com,2,0.751776
14410,realtor.com,2,0.808305
14411,reason.com,2,0.809832
14416,reason.com,2,0.879146
14418,reason.com,2,0.771316
14419,reason.com,2,0.769756
14420,reason.com,2,0.806479
14422,reason.com,2,0.829089
14423,reason.com,2,0.828474
14424,reason.com,2,0.824933
14425,reason.com,2,0.824160
14426,reason.com,2,0.829752
14427,reason.com,2,0.829549
14428,reason.com,2,0.829223
14431,reason.com,2,0.797470
14434,reuters.com,2,0.846610
14436,reuters.com,2,0.840913
14451,reuters.com,2,0.793872
14452,reuters.com,2,0.809138
14456,reuters.com,2,0.812378
14457,reuters.com,2,0.843366
14458,reuters.com,2,0.792108
14466,reuters.com,2,0.873089
14470,reuters.com,2,0.815289
14471,reuters.com,2,0.803105
14472,reuters.com,2,0.859785
14476,reuters.com,2,0.819294
14481,reuters.com,2,0.782570
14483,reuters.com,2,0.798550
14484,reuters.com,2,0.809677
14485,reuters.com,2,0.833737
14487,reuters.com,2,0.817041
14491,reuters.com,2,0.799622
14492,reuters.com,2,0.769432
14493,reuters.com,2,0.819569
14499,reuters.com,2,0.850249
14503,reuters.com,2,0.800853
14510,reuters.com,2,0.869354
14511,reuters.com,2,0.870770
14512,reuters.com,2,0.906788
14513,reuters.com,2,0.796896
14514,reuters.com,2,0.877643
14516,reuters.com,2,0.864313
14535,reuters.com,2,0.827519
14538,reuters.com,2,0.822059
14542,reuters.com,2,0.802908
14553,reuters.com,2,0.762634
14554,reuters.com,2,0.778662
14566,reuters.com,2,0.870200
14568,reuters.com,2,0.795192
14569,reuters.com,2,0.868733
14572,reuters.com,2,0.792244
14574,reuters.com,2,0.759601
14580,reuters.com,2,0.797821
14581,reuters.com,2,0.770172
14587,reuters.com,2,0.819286
14600,reuters.com,2,0.782488
14601,reuters.com,2,0.772980
14603,reuters.com,2,0.832504
14605,reuters.com,2,0.841802
14607,reuters.com,2,0.830242
14611,reuters.com,2,0.824655
14613,reuters.com,2,0.741947
14614,reuters.com,2,0.793547
14615,reuters.com,2,0.778915
14616,reuters.com,2,0.772823
14617,reuters.com,2,0.884762
14622,reuters.com,2,0.840468
14623,reuters.com,2,0.820840
14627,reuters.com,2,0.804589
14630,reuters.com,2,0.807373
14631,reuters.com,2,0.806684
14634,reuters.com,2,0.787740
14636,reuters.com,2,0.841094
14637,reuters.com,2,0.814462
14640,reuters.com,2,0.769708
14644,reuters.com,2,0.815105
14651,reuters.com,2,0.789721
14654,reuters.com,2,0.865709
14656,reuters.com,2,0.859531
14658,reuters.com,2,0.863943
14660,reuters.com,2,0.759910
14662,reuters.com,2,0.764780
14664,reuters.com,2,0.865231
14674,reviewjournal.com,2,0.775390
14676,reviewjournal.com,2,0.750808
14678,rfdtv.com,2,0.817161
14679,rfdtv.com,2,0.817670
14681,rfdtv.com,2,0.840694
14682,rfdtv.com,2,0.819929
14683,rfdtv.com,2,0.825180
14685,rfdtv.com,2,0.861083
14687,rmpbs.org,2,0.798900
14688,rmpbs.org,2,0.813011
14689,rmpbs.org,2,0.756407
14690,rmpbs.org,2,0.796678
14691,rmpbs.org,2,0.789535
14692,rmpbs.org,2,0.752150
14693,rmpbs.org,2,0.778316
14694,rmpbs.org,2,0.782669
14695,rmpbs.org,2,0.889922
14696,rockdalenewtoncitizen.com,2,0.826870
14700,rockdalenewtoncitizen.com,2,0.787326
14702,rockdalenewtoncitizen.com,2,0.776090
14703,rockdalenewtoncitizen.com,2,0.799778
14705,rollcall.com,2,0.864188
14706,rollcall.com,2,0.915147
14710,rollcall.com,2,0.827423
14711,rollcall.com,2,0.890930
14712,rollcall.com,2,0.843970
14713,rollcall.com,2,0.817815
14717,rollcall.com,2,0.887225
14718,rollcall.com,2,0.908593
14721,rollcall.com,2,0.763562
14722,rollcall.com,2,0.848841
14723,rollcall.com,2,0.938453
14724,rollcall.com,2,0.849765
14728,rollcall.com,2,0.884343
14729,rollcall.com,2,0.887858
14731,rollcall.com,2,0.783992
14733,rollcall.com,2,0.815722
14734,rollcall.com,2,0.857055
14736,rollcall.com,2,0.853397
14743,rollcall.com,2,0.822942
14744,rollcall.com,2,0.824241
14745,rollcall.com,2,0.766587
14746,rollcall.com,2,0.791489
14749,rollcall.com,2,0.893656
14754,rollcall.com,2,0.826279
14756,rollcall.com,2,0.818335
14758,rollcall.com,2,0.788899
14760,rollingstone.com,2,0.812909
14761,rollingstone.com,2,0.770210
14762,rollingstone.com,2,0.783617
14763,rollingstone.com,2,0.821052
14764,rollingstone.com,2,0.929490
14765,rollingstone.com,2,0.799494
14766,rollingstone.com,2,0.764261
14768,rollingstone.com,2,0.750938
14769,rutlandherald.com,2,0.762931
14771,rutlandherald.com,2,0.904463
14775,rutlandherald.com,2,0.872824
14776,rutlandherald.com,2,0.898162
14781,rutlandherald.com,2,0.857243
14782,rutlandherald.com,2,0.793053
14788,rutlandherald.com,2,0.727047
14789,rutlandherald.com,2,0.727047
14790,rutlandherald.com,2,0.827228
14791,sacbee.com,2,0.813158
14794,sacbee.com,2,0.826006
14796,sacbee.com,2,0.823972
14801,salon.com,2,0.827236
14811,salon.com,2,0.887421
14813,salon.com,2,0.898007
14816,salon.com,2,0.804001
14836,sandiegouniontribune.com,2,0.802262
14842,sandiegouniontribune.com,2,0.782166
14844,sandiegouniontribune.com,2,0.738382
14850,santafenewmexican.com,2,0.833441
14855,santafenewmexican.com,2,0.827228
14858,savannahnow.com,2,0.746828
14860,savannahnow.com,2,0.823033
14862,savannahnow.com,2,0.762581
14863,savannahnow.com,2,0.784845
14864,savannahnow.com,2,0.838383
14865,scmp.com,2,0.812601
14874,scmp.com,2,0.867636
14879,scmp.com,2,0.814214
14880,scmp.com,2,0.803469
14883,scmp.com,2,0.783082
14894,scotusblog.com,2,0.797009
14900,scotusblog.com,2,0.832847
14905,scotusblog.com,2,0.770786
14909,scotusblog.com,2,0.790669
14910,scotusblog.com,2,0.824938
14914,scotusblog.com,2,0.809250
14915,scotusblog.com,2,0.830979
14922,scotusblog.com,2,0.827732
14923,scotusblog.com,2,0.836266
14925,scotusblog.com,2,0.867395
14927,scotusblog.com,2,0.837332
14931,scotusblog.com,2,0.903274
14939,scotusblog.com,2,0.935525
14941,scotusblog.com,2,0.915619
14942,scotusblog.com,2,0.891456
14943,scotusblog.com,2,0.916629
14945,scotusblog.com,2,0.791708
14954,scotusblog.com,2,0.823166
14961,scotusblog.com,2,0.816738
14964,scotusblog.com,2,0.746574
14965,scotusblog.com,2,0.779196
14966,scotusblog.com,2,0.761471
14967,scotusblog.com,2,0.796266
14968,scotusblog.com,2,0.763230
14969,scotusblog.com,2,0.762928
14977,scotusblog.com,2,0.824139
14981,scrippsnews.com,2,0.792590
14983,scrippsnews.com,2,0.791354
14984,scrippsnews.com,2,0.787199
14985,scrippsnews.com,2,0.843229
14986,scrippsnews.com,2,0.804047
14988,scrippsnews.com,2,0.804366
14989,scrippsnews.com,2,0.809971
14991,scrippsnews.com,2,0.783256
14994,scrippsnews.com,2,0.797081
14997,scrippsnews.com,2,0.766730
14998,scrippsnews.com,2,0.802707
15001,scrippsnews.com,2,0.823757
15003,scrippsnews.com,2,0.728977
15007,scrippsnews.com,2,0.789034
15008,scrippsnews.com,2,0.739197
15010,seattletimes.com,2,0.827875
15012,seattletimes.com,2,0.857505
15013,seattletimes.com,2,0.835618
15017,seattletimes.com,2,0.871669
15020,seattletimes.com,2,0.812115
15024,seattletimes.com,2,0.795901
15025,seattletimes.com,2,0.850224
15026,seattletimes.com,2,0.783415
15027,seattletimes.com,2,0.812259
15037,seattletimes.com,2,0.782101
15043,seattletimes.com,2,0.781325
15044,seattletimes.com,2,0.753926
15047,semafor.com,2,0.868989
15049,semafor.com,2,0.793528
15051,semafor.com,2,0.825199
15054,semafor.com,2,0.794995
15058,semafor.com,2,0.847623
15060,senatenj.com,2,0.806803
15061,senatenj.com,2,0.785866
15063,senatenj.com,2,0.813228
15064,senatenj.com,2,0.826713
15066,senatenj.com,2,0.832840
15068,senatenj.com,2,0.831883
15069,senatenj.com,2,0.816835
15070,senatenj.com,2,0.838668
15071,senatenj.com,2,0.835997
15072,senatenj.com,2,0.806783
15073,senatenj.com,2,0.816588
15076,senatenj.com,2,0.858928
15077,senatenj.com,2,0.813543
15078,senatenj.com,2,0.835334
15079,senatenj.com,2,0.789708
15082,senatenj.com,2,0.849462
15083,senatenj.com,2,0.846695
15084,senatenj.com,2,0.844137
15085,senatenj.com,2,0.808307
15086,senatenj.com,2,0.851173
15087,senatenj.com,2,0.851173
15088,senatenj.com,2,0.810157
15092,sentinelcolorado.com,2,0.824494
15094,sentinelcolorado.com,2,0.783397
15096,sentinelcolorado.com,2,0.778924
15097,sentinelcolorado.com,2,0.812259
15098,sentinelcolorado.com,2,0.739954
15099,sentinelcolorado.com,2,0.823654
15100,sfchronicle.com,2,0.782345
15102,sfchronicle.com,2,0.789741
15105,sfchronicle.com,2,0.843106
15106,sfchronicle.com,2,0.839953
15107,sfchronicle.com,2,0.886089
15110,shreveporttimes.com,2,0.863983
15113,shreveporttimes.com,2,0.808795
15114,shreveporttimes.com,2,0.812695
15115,shreveporttimes.com,2,0.823320
15116,shreveporttimes.com,2,0.759604
15117,shreveporttimes.com,2,0.852421
15118,si.com,2,0.807687
15119,si.com,2,0.801043
15120,si.com,2,0.796843
15121,si.com,2,0.814898
15122,si.com,2,0.780102
15123,si.com,2,0.831776
15124,si.com,2,0.770610
15125,si.com,2,0.774778
15126,si.com,2,0.779972
15127,slate.com,2,0.811675
15130,slate.com,2,0.765942
15131,slate.com,2,0.843160
15133,slate.com,2,0.913273
15139,slate.com,2,0.774584
15143,slate.com,2,0.841445
15146,slate.com,2,0.843409
15148,slate.com,2,0.738234
15149,slate.com,2,0.794584
15152,slate.com,2,0.789931
15153,slate.com,2,0.790695
15154,slate.com,2,0.766841
15155,slate.com,2,0.780213
15157,slate.com,2,0.751806
15159,slate.com,2,0.722586
15166,slotkin.senate.gov,2,0.847096
15171,slotkin.senate.gov,2,0.827632
15173,slotkin.senate.gov,2,0.831749
15175,sltrib.com,2,0.769178
15176,sltrib.com,2,0.795588
15180,sltrib.com,2,0.738632
15183,sltrib.com,2,0.828611
15184,sltrib.com,2,0.840435
15185,sltrib.com,2,0.843281
15186,sltrib.com,2,0.805043
15189,sltrib.com,2,0.762296
15190,sltrib.com,2,0.831876
15196,smdailyjournal.com,2,0.809422
15197,smdailyjournal.com,2,0.807021
15199,smdailyjournal.com,2,0.832977
15201,smdailyjournal.com,2,0.837403
15202,smdailyjournal.com,2,0.810720
15203,smdailyjournal.com,2,0.809330
15204,southdakotasearchlight.com,2,0.861723
15209,southdakotasearchlight.com,2,0.845573
15210,southdakotasearchlight.com,2,0.863978
15213,spectrumlocalnews.com,2,0.789908
15214,spectrumlocalnews.com,2,0.758065
15217,spectrumlocalnews.com,2,0.844220
15218,spectrumlocalnews.com,2,0.844220
15219,spectrumlocalnews.com,2,0.844220
15225,spectrumlocalnews.com,2,0.797644
15226,spectrumlocalnews.com,2,0.797644
15228,spectrumlocalnews.com,2,0.805855
15231,spectrumlocalnews.com,2,0.804739
15232,spectrumlocalnews.com,2,0.785117
15233,spectrumlocalnews.com,2,0.778647
15234,spectrumlocalnews.com,2,0.832306
15235,spectrumlocalnews.com,2,0.836023
15236,spectrumlocalnews.com,2,0.760594
15237,spectrumlocalnews.com,2,0.775939
15238,spectrumlocalnews.com,2,0.775622
15239,spectrumlocalnews.com,2,0.733483
15241,spectrumlocalnews.com,2,0.811522
15248,spectrumlocalnews.com,2,0.851262
15249,spectrumlocalnews.com,2,0.746562
15252,spectrumlocalnews.com,2,0.833288
15254,spectrumlocalnews.com,2,0.836506
15255,spectrumlocalnews.com,2,0.779708
15256,spectrumlocalnews.com,2,0.779708
15258,spectrumlocalnews.com,2,0.751442
15259,spectrumlocalnews.com,2,0.827931
15264,spectrumlocalnews.com,2,0.744940
15265,spectrumlocalnews.com,2,0.744940
15269,spectrumnews1.com,2,0.789665
15270,spectrumnews1.com,2,0.789665
15274,spectrumnews1.com,2,0.775480
15275,spectrumnews1.com,2,0.931686
15276,spectrumnews1.com,2,0.860643
15277,spectrumnews1.com,2,0.823858
15282,spectrumnews1.com,2,0.764426
15283,spectrumnews1.com,2,0.814701
15284,spectrumnews1.com,2,0.812407
15287,spectrumnews1.com,2,0.830006
15289,spokesman.com,2,0.778689
15290,spokesman.com,2,0.778689
15305,spokesman.com,2,0.816492
15307,spokesman.com,2,0.788065
15310,spokesman.com,2,0.752622
15311,spokesman.com,2,0.843340
15314,sports.yahoo.com,2,0.783556
15315,sports.yahoo.com,2,0.738312
15316,sports.yahoo.com,2,0.754707
15317,sports.yahoo.com,2,0.785318
15319,sports.yahoo.com,2,0.804420
15321,sports.yahoo.com,2,0.821521
15322,sports.yahoo.com,2,0.783689
15323,sports.yahoo.com,2,0.751813
15325,sports.yahoo.com,2,0.855065
15327,sports.yahoo.com,2,0.813781
15328,sports.yahoo.com,2,0.788291
15329,sports.yahoo.com,2,0.784513
15330,sports.yahoo.com,2,0.776964
15331,sports.yahoo.com,2,0.814242
15332,sports.yahoo.com,2,0.768347
15333,sports.yahoo.com,2,0.800019
15334,sports.yahoo.com,2,0.800019
15335,sports.yahoo.com,2,0.752936
15336,sports.yahoo.com,2,0.790701
15337,sports.yahoo.com,2,0.790523
15338,sports.yahoo.com,2,0.770888
15339,sports.yahoo.com,2,0.769169
15340,sports.yahoo.com,2,0.799964
15341,sports.yahoo.com,2,0.874546
15342,sports.yahoo.com,2,0.809289
15343,sports.yahoo.com,2,0.762300
15344,sports.yahoo.com,2,0.773027
15345,sports.yahoo.com,2,0.781400
15347,sports.yahoo.com,2,0.795238
15348,sports.yahoo.com,2,0.796969
15349,sports.yahoo.com,2,0.806979
15350,sports.yahoo.com,2,0.775396
15351,sports.yahoo.com,2,0.772954
15352,sports.yahoo.com,2,0.770210
15353,sports.yahoo.com,2,0.808028
15354,sports.yahoo.com,2,0.781425
15355,sports.yahoo.com,2,0.793222
15356,sports.yahoo.com,2,0.812573
15357,sports.yahoo.com,2,0.757188
15358,sports.yahoo.com,2,0.759051
15359,sports.yahoo.com,2,0.793096
15360,sports.yahoo.com,2,0.771815
15361,sports.yahoo.com,2,0.775479
15362,sports.yahoo.com,2,0.801700
15363,sports.yahoo.com,2,0.821573
15364,sports.yahoo.com,2,0.763491
15365,sports.yahoo.com,2,0.851046
15366,sports.yahoo.com,2,0.828466
15367,sports.yahoo.com,2,0.820557
15368,sports.yahoo.com,2,0.816780
15370,sports.yahoo.com,2,0.817167
15371,sports.yahoo.com,2,0.813051
15372,sports.yahoo.com,2,0.784952
15373,sports.yahoo.com,2,0.768546
15374,sports.yahoo.com,2,0.846210
15375,sports.yahoo.com,2,0.789743
15376,sports.yahoo.com,2,0.800663
15377,sports.yahoo.com,2,0.790423
15378,sports.yahoo.com,2,0.821911
15379,sports.yahoo.com,2,0.774139
15380,sports.yahoo.com,2,0.775556
15382,sports.yahoo.com,2,0.761553
15383,sports.yahoo.com,2,0.764917
15385,sports.yahoo.com,2,0.790525
15386,sports.yahoo.com,2,0.761038
15387,sports.yahoo.com,2,0.770879
15388,sports.yahoo.com,2,0.803132
15390,sports.yahoo.com,2,0.759217
15391,sports.yahoo.com,2,0.802974
15392,sports.yahoo.com,2,0.787794
15393,sports.yahoo.com,2,0.836274
15394,sports.yahoo.com,2,0.837220
15395,sports.yahoo.com,2,0.796570
15398,sports.yahoo.com,2,0.772579
15399,sports.yahoo.com,2,0.811317
15400,sports.yahoo.com,2,0.724636
15401,sports.yahoo.com,2,0.796838
15402,sports.yahoo.com,2,0.822123
15403,sports.yahoo.com,2,0.793595
15405,sports.yahoo.com,2,0.795701
15406,sports.yahoo.com,2,0.710796
15407,sports.yahoo.com,2,0.769171
15409,sports.yahoo.com,2,0.783607
15410,sports.yahoo.com,2,0.728995
15411,sports.yahoo.com,2,0.749541
15412,sports.yahoo.com,2,0.787583
15413,sports.yahoo.com,2,0.770725
15414,sports.yahoo.com,2,0.763763
15415,sports.yahoo.com,2,0.754527
15416,sports.yahoo.com,2,0.799168
15417,sports.yahoo.com,2,0.784378
15418,sports.yahoo.com,2,0.792207
15419,sports.yahoo.com,2,0.782119
15420,sports.yahoo.com,2,0.781456
15421,sports.yahoo.com,2,0.773775
15422,sports.yahoo.com,2,0.774513
15423,sports.yahoo.com,2,0.758245
15424,sports.yahoo.com,2,0.792503
15425,sports.yahoo.com,2,0.754272
15426,sports.yahoo.com,2,0.764519
15427,sports.yahoo.com,2,0.755680
15428,sports.yahoo.com,2,0.815837
15429,sports.yahoo.com,2,0.756206
15430,sports.yahoo.com,2,0.773423
15431,sports.yahoo.com,2,0.812713
15432,sports.yahoo.com,2,0.785009
15433,sports.yahoo.com,2,0.829443
15434,sports.yahoo.com,2,0.794574
15435,sports.yahoo.com,2,0.785168
15436,sports.yahoo.com,2,0.812926
15437,sports.yahoo.com,2,0.823963
15438,sports.yahoo.com,2,0.807417
15439,sports.yahoo.com,2,0.807602
15440,sports.yahoo.com,2,0.802134
15441,sports.yahoo.com,2,0.803956
15442,sports.yahoo.com,2,0.803956
15443,sports.yahoo.com,2,0.802075
15444,sports.yahoo.com,2,0.816647
15446,sports.yahoo.com,2,0.819201
15447,sports.yahoo.com,2,0.833156
15448,sports.yahoo.com,2,0.790196
15449,sports.yahoo.com,2,0.774716
15450,sports.yahoo.com,2,0.799371
15451,sports.yahoo.com,2,0.777514
15452,sports.yahoo.com,2,0.822960
15453,sports.yahoo.com,2,0.783979
15454,sports.yahoo.com,2,0.827201
15455,sports.yahoo.com,2,0.793377
15456,sports.yahoo.com,2,0.793377
15457,sports.yahoo.com,2,0.774153
15458,sports.yahoo.com,2,0.817499
15459,sports.yahoo.com,2,0.804085
15460,sports.yahoo.com,2,0.791859
15461,sports.yahoo.com,2,0.819253
15463,sports.yahoo.com,2,0.811549
15464,sports.yahoo.com,2,0.781797
15465,sports.yahoo.com,2,0.770191
15467,sports.yahoo.com,2,0.800389
15468,sports.yahoo.com,2,0.773885
15469,sports.yahoo.com,2,0.793342
15470,sports.yahoo.com,2,0.765034
15471,sports.yahoo.com,2,0.740830
15472,sports.yahoo.com,2,0.819016
15473,sports.yahoo.com,2,0.770758
15474,sports.yahoo.com,2,0.789397
15475,sports.yahoo.com,2,0.768212
15476,sports.yahoo.com,2,0.779476
15477,sports.yahoo.com,2,0.746805
15478,sports.yahoo.com,2,0.840600
15479,sports.yahoo.com,2,0.777147
15480,sports.yahoo.com,2,0.791716
15481,sports.yahoo.com,2,0.819413
15482,sports.yahoo.com,2,0.750974
15483,sports.yahoo.com,2,0.802735
15484,sports.yahoo.com,2,0.768689
15486,springfieldnewssun.com,2,0.874473
15487,springfieldnewssun.com,2,0.833348
15491,springfieldnewssun.com,2,0.860702
15492,springfieldnewssun.com,2,0.860702
15493,springfieldnewssun.com,2,0.860702
15494,springfieldnewssun.com,2,0.887142
15495,springfieldnewssun.com,2,0.818332
15496,springfieldnewssun.com,2,0.756564
15497,springfieldnewssun.com,2,0.812806
15498,springfieldnewssun.com,2,0.833987
15499,springfieldnewssun.com,2,0.796334
15502,springfieldnewssun.com,2,0.798743
15504,springfieldnewssun.com,2,0.825067
15505,springfieldnewssun.com,2,0.782498
15506,springfieldnewssun.com,2,0.782498
15512,springfieldnewssun.com,2,0.727047
15514,standard.net,2,0.805977
15515,standard.net,2,0.806663
15516,standard.net,2,0.802450
15517,standard.net,2,0.759466
15520,standard.net,2,0.786903
15522,standard.net,2,0.834013
15526,staradvertiser.com,2,0.785902
15528,staradvertiser.com,2,0.822977
15531,staradvertiser.com,2,0.817022
15532,staradvertiser.com,2,0.791201
15537,staradvertiser.com,2,0.848677
15540,startribune.com,2,0.861488
15542,startribune.com,2,0.754337
15543,startribune.com,2,0.786328
15545,startribune.com,2,0.859266
15546,startribune.com,2,0.866344
15547,startribune.com,2,0.847250
15548,startribune.com,2,0.745702
15549,startribune.com,2,0.760310
15560,statehousenews.com,2,0.857607
15561,statehousenews.com,2,0.858684
15562,statehousenews.com,2,0.847994
15563,statehousenews.com,2,0.853130
15564,statehousenews.com,2,0.855118
15565,statehousenews.com,2,0.851176
15569,statnews.com,2,0.822950
15570,statnews.com,2,0.885778
15575,statnews.com,2,0.760244
15580,sun-sentinel.com,2,0.794590
15581,sun-sentinel.com,2,0.839107
15583,sun-sentinel.com,2,0.820836
15588,sun-sentinel.com,2,0.832306
15596,syracuse.com,2,0.762218
15597,syracuse.com,2,0.796706
15598,syracuse.com,2,0.778891
15599,syracuse.com,2,0.775977
15600,syracuse.com,2,0.776590
15601,syracuse.com,2,0.775510
15606,talkingpointsmemo.com,2,0.809433
15609,talkingpointsmemo.com,2,0.850892
15612,talkingpointsmemo.com,2,0.845688
15614,telegraph.co.uk,2,0.899219
15617,telegraph.co.uk,2,0.830613
15628,telegraph.co.uk,2,0.857671
15630,telegraph.co.uk,2,0.830604
15631,telegraphherald.com,2,0.874473
15632,telegraphherald.com,2,0.824494
15633,telegraphherald.com,2,0.806859
15637,telegraphherald.com,2,0.822404
15639,telegraphherald.com,2,0.787553
15640,telegraphherald.com,2,0.802988
15642,telegraphherald.com,2,0.835676
15643,telegraphherald.com,2,0.835676
15644,telegraphherald.com,2,0.831511
15648,telegraphherald.com,2,0.759043
15649,telegraphherald.com,2,0.784512
15650,telegraphherald.com,2,0.821572
15652,texastribune.org,2,0.823562
15653,texastribune.org,2,0.837317
15654,texastribune.org,2,0.821571
15655,texastribune.org,2,0.889226
15669,theadvocate.com,2,0.820362
15670,theadvocate.com,2,0.871078
15671,theadvocate.com,2,0.795702
15672,theadvocate.com,2,0.829339
15673,theadvocate.com,2,0.848648
15675,theadvocate.com,2,0.824017
15676,theadvocate.com,2,0.820475
15677,theadvocate.com,2,0.820160
15678,theadvocate.com,2,0.832717
15681,theatlantic.com,2,0.822296
15682,theatlantic.com,2,0.881424
15684,theatlantic.com,2,0.875222
15690,theatlantic.com,2,0.864249
15691,theatlantic.com,2,0.841475
15693,theatlantic.com,2,0.794174
15694,theatlantic.com,2,0.773154
15695,theatlantic.com,2,0.816018
15697,theatlantic.com,2,0.794306
15698,theatlantic.com,2,0.914255
15699,theatlantic.com,2,0.770281
15702,theatlantic.com,2,0.882429
15703,theatlantic.com,2,0.858166
15704,thebanner.com,2,0.784286
15705,thebanner.com,2,0.772210
15709,thebanner.com,2,0.780446
15711,thebanner.com,2,0.714892
15712,thebanner.com,2,0.829225
15713,thebanner.com,2,0.782724
15714,thebanner.com,2,0.734371
15716,thebanner.com,2,0.748383
15718,thebanner.com,2,0.772643
15720,thebanner.com,2,0.805977
15721,thebanner.com,2,0.770204
15723,thebanner.com,2,0.799048
15724,thebanner.com,2,0.767699
15725,thebanner.com,2,0.771106
15726,thebanner.com,2,0.766274
15727,thebanner.com,2,0.773901
15728,thebanner.com,2,0.800604
15729,thebanner.com,2,0.761520
15730,thebaynet.com,2,0.779302
15732,thebaynet.com,2,0.809004
15733,thebaynet.com,2,0.801928
15737,thebaynet.com,2,0.795045
15738,thecentersquare.com,2,0.836234
15740,thecentersquare.com,2,0.828029
15742,thecentersquare.com,2,0.814653
15744,thecentersquare.com,2,0.770513
15749,thecentersquare.com,2,0.771491
15750,thecentersquare.com,2,0.771491
15753,thecentersquare.com,2,0.841674
15755,thecentersquare.com,2,0.823183
15757,thecentersquare.com,2,0.825653
15759,thecentersquare.com,2,0.811647
15760,thecentersquare.com,2,0.840333
15766,thecentersquare.com,2,0.807414
15770,thecentersquare.com,2,0.855717
15773,thecentersquare.com,2,0.736351
15778,thecentersquare.com,2,0.776923
15779,thecentersquare.com,2,0.829625
15780,thecentersquare.com,2,0.850553
15784,thecentersquare.com,2,0.864651
15785,thecentersquare.com,2,0.864651
15787,thecentersquare.com,2,0.828150
15791,theconversation.com,2,0.760594
15794,theconversation.com,2,0.783808
15795,theconversation.com,2,0.748127
15796,theconversation.com,2,0.822162
15800,theconversation.com,2,0.796727
15807,theconversation.com,2,0.796355
15811,thedailybeast.com,2,0.856762
15812,thedailybeast.com,2,0.804121
15816,thedailybeast.com,2,0.817191
15818,thedailybeast.com,2,0.817041
15819,thedailybeast.com,2,0.865540
15820,thedailybeast.com,2,0.807259
15822,thedailybeast.com,2,0.910893
15824,thedailybeast.com,2,0.852030
15825,thedailybeast.com,2,0.822771
15826,thedailybeast.com,2,0.844999
15827,thedailybeast.com,2,0.746127
15828,thedailybeast.com,2,0.778532
15829,thedailybeast.com,2,0.796322
15830,thedailybeast.com,2,0.768423
15831,thedailybeast.com,2,0.845677
15833,thedailybeast.com,2,0.850142
15834,thedailybeast.com,2,0.828912
15835,thedailybeast.com,2,0.843062
15837,thedailybeast.com,2,0.893690
15838,thedailybeast.com,2,0.816865
15839,thedailybeast.com,2,0.860082
15843,thedailybeast.com,2,0.789617
15845,thedailybeast.com,2,0.827631
15847,thedailybeast.com,2,0.799405
15850,thedailybeast.com,2,0.875313
15862,thedailybeast.com,2,0.902849
15866,thedailybeast.com,2,0.804823
15874,thedailybeast.com,2,0.778869
15875,thedailybeast.com,2,0.871633
15877,thedailybeast.com,2,0.868141
15879,thedailybeast.com,2,0.788664
15882,thedailybeast.com,2,0.797575
15885,thedailybeast.com,2,0.856563
15886,thedailybeast.com,2,0.878446
15888,thedailybeast.com,2,0.889163
15889,thedailybeast.com,2,0.761011
15892,thedailybeast.com,2,0.778893
15893,thedailybeast.com,2,0.754436
15895,thedailybeast.com,2,0.847859
15896,thedailybeast.com,2,0.799309
15897,thedailybeast.com,2,0.870796
15898,thedailybeast.com,2,0.801131
15900,thedailybeast.com,2,0.795484
15903,thedailybeast.com,2,0.823344
15904,thedailybeast.com,2,0.774316
15905,thedailybeast.com,2,0.811593
15906,thedailybeast.com,2,0.788366
15908,thedailybeast.com,2,0.806138
15912,thedailyrecord.com,2,0.800240
15913,thedailyrecord.com,2,0.721172
15914,thedailyrecord.com,2,0.800471
15920,thedailyrecord.com,2,0.792577
15921,thedailyrecord.com,2,0.830391
15925,thedailyrecord.com,2,0.823690
15927,thegazette.com,2,0.838019
15935,thegazette.com,2,0.858292
15936,thegazette.com,2,0.851551
15942,theglobeandmail.com,2,0.850918
15951,theglobeandmail.com,2,0.807805
15954,theguardian.com,2,0.846604
15956,theguardian.com,2,0.828764
15958,theguardian.com,2,0.834261
15965,theguardian.com,2,0.809758
15966,theguardian.com,2,0.768201
15967,theguardian.com,2,0.816761
15969,theguardian.com,2,0.942036
15970,theguardian.com,2,0.865794
15973,theguardian.com,2,0.874966
15974,theguardian.com,2,0.874966
15977,theguardian.com,2,0.796794
15978,theguardian.com,2,0.831319
15989,theguardian.com,2,0.807855
15990,theguardian.com,2,0.808179
15992,theguardian.com,2,0.823578
15996,theguardian.com,2,0.856229
16000,theguardian.com,2,0.854993
16001,theguardian.com,2,0.832002
16002,theguardian.com,2,0.813206
16004,theguardian.com,2,0.864003
16006,theguardian.com,2,0.817795
16007,theguardian.com,2,0.817795
16008,theguardian.com,2,0.857466
16009,theguardian.com,2,0.841972
16010,theguardian.com,2,0.811379
16011,theguardian.com,2,0.831780
16012,theguardian.com,2,0.912434
16016,theguardian.com,2,0.846979
16017,theguardian.com,2,0.792143
16018,theguardian.com,2,0.792143
16019,theguardian.com,2,0.867997
16022,theguardian.com,2,0.804233
16023,theguardian.com,2,0.797391
16024,theguardian.com,2,0.845628
16027,theguardian.com,2,0.756846
16030,theguardian.com,2,0.817867
16033,theguardian.com,2,0.789476
16034,theguardian.com,2,0.789476
16037,theguardian.com,2,0.844615
16039,theguardian.com,2,0.846173
16040,theguardian.com,2,0.808325
16041,theguardian.com,2,0.817223
16042,theguardian.com,2,0.787936
16043,theguardian.com,2,0.787936
16045,theguardian.com,2,0.823432
16046,theguardian.com,2,0.823432
16048,theguardian.com,2,0.777537
16051,theguardian.com,2,0.803797
16052,theguardian.com,2,0.820665
16053,theguardian.com,2,0.841175
16055,theguardian.com,2,0.747262
16065,theguardian.com,2,0.876780
16066,theguardian.com,2,0.822256
16067,theguardian.com,2,0.819384
16070,theguardian.com,2,0.835438
16071,theguardian.com,2,0.865354
16080,theguardian.com,2,0.838991
16081,theguardian.com,2,0.725219
16082,theguardian.com,2,0.725219
16083,theguardian.com,2,0.783146
16084,theguardian.com,2,0.833423
16085,theguardian.com,2,0.841006
16086,theguardian.com,2,0.833849
16087,theguardian.com,2,0.788274
16088,theguardian.com,2,0.822196
16090,theguardian.com,2,0.798098
16091,theguardian.com,2,0.818026
16094,theguardian.com,2,0.779545
16095,theguardian.com,2,0.779545
16099,theguardian.com,2,0.880695
16100,theguardian.com,2,0.774921
16104,theguardian.com,2,0.868887
16107,theguardian.com,2,0.811697
16116,theguardian.com,2,0.809142
16117,theguardian.com,2,0.876845
16125,theguardian.com,2,0.853396
16126,theguardian.com,2,0.845160
16127,theguardian.com,2,0.837950
16129,theguardian.com,2,0.865968
16130,theguardian.com,2,0.831457
16131,theguardian.com,2,0.819270
16132,theguardian.com,2,0.784863
16133,theguardian.com,2,0.784863
16137,theguardian.com,2,0.784019
16138,theguardian.com,2,0.784019
16140,theguardian.com,2,0.764502
16141,theguardian.com,2,0.764502
16144,theguardian.com,2,0.827616
16145,theguardian.com,2,0.778418
16149,theguardian.com,2,0.844145
16150,theguardian.com,2,0.844145
16155,theguardian.com,2,0.858134
16156,theguardian.com,2,0.858134
16157,theguardian.com,2,0.875903
16160,theguardian.com,2,0.848718
16161,theguardian.com,2,0.835639
16162,theguardian.com,2,0.783859
16163,theguardian.com,2,0.783859
16164,theguardian.com,2,0.857788
16166,theguardian.com,2,0.848727
16168,theguardian.com,2,0.889337
16169,theguardian.com,2,0.889337
16174,theguardian.com,2,0.809710
16175,theguardian.com,2,0.828168
16178,theguardian.com,2,0.849523
16179,theguardian.com,2,0.801375
16180,theguardian.com,2,0.801375
16186,theguardian.com,2,0.847556
16188,theguardian.com,2,0.837296
16195,theguardian.com,2,0.785685
16196,theguardian.com,2,0.849908
16202,theguardian.com,2,0.838638
16203,theguardian.com,2,0.838638
16207,theguardian.com,2,0.816378
16208,theguardian.com,2,0.847689
16214,theguardian.com,2,0.827051
16217,theguardian.com,2,0.800846
16218,theguardian.com,2,0.800846
16222,theguardian.com,2,0.745720
16223,theguardian.com,2,0.745720
16224,theguardian.com,2,0.794535
16226,theguardian.com,2,0.845481
16229,theguardian.com,2,0.848783
16230,theguardian.com,2,0.813218
16232,theguardian.com,2,0.822343
16241,theguardian.com,2,0.812414
16242,theguardian.com,2,0.812414
16244,theguardian.com,2,0.862296
16246,theguardian.com,2,0.845015
16249,theguardian.com,2,0.809327
16250,theguardian.com,2,0.809327
16251,theguardian.com,2,0.857070
16252,theguardian.com,2,0.774040
16253,theguardian.com,2,0.777479
16254,theguardian.com,2,0.804500
16264,theguardian.com,2,0.799883
16271,theguardian.com,2,0.838693
16272,theguardian.com,2,0.833441
16273,theguardian.com,2,0.826678
16274,theguardian.com,2,0.841475
16276,theguardian.com,2,0.781926
16290,theguardian.com,2,0.790940
16298,theguardian.com,2,0.807623
16300,theguardian.com,2,0.818733
16302,theguardian.com,2,0.834876
16303,theguardian.com,2,0.796664
16304,theguardian.com,2,0.777497
16307,theguardian.com,2,0.802459
16315,theguardian.com,2,0.819235
16316,theguardian.com,2,0.819235
16317,theguardian.com,2,0.815304
16318,theguardian.com,2,0.817621
16323,theguardian.com,2,0.812555
16325,theguardian.com,2,0.804313
16326,theguardian.com,2,0.783110
16328,theguardian.com,2,0.845035
16330,theguardian.com,2,0.761600
16333,theguardian.com,2,0.737944
16338,theguardian.com,2,0.797919
16340,theguardian.com,2,0.811876
16343,theguardian.com,2,0.810868
16345,theguardian.com,2,0.835571
16353,theguardian.com,2,0.851334
16355,theguardian.com,2,0.811835
16356,theguardian.com,2,0.785878
16361,theguardian.com,2,0.830579
16364,theguardian.com,2,0.861179
16367,theguardian.com,2,0.848592
16368,theguardian.com,2,0.848592
16370,theguardian.com,2,0.865594
16381,theguardian.com,2,0.786253
16384,theguardian.com,2,0.831100
16387,theguardian.com,2,0.834863
16388,theguardian.com,2,0.752903
16389,theguardian.com,2,0.752903
16392,theguardian.com,2,0.823777
16395,theguardian.com,2,0.811670
16396,theguardian.com,2,0.811670
16397,theguardian.com,2,0.855275
16405,theguardian.com,2,0.783674
16406,theguardian.com,2,0.783674
16408,theguardian.com,2,0.786578
16412,theguardian.com,2,0.759488
16413,theguardian.com,2,0.759488
16424,theguardian.com,2,0.765763
16425,theguardian.com,2,0.765763
16426,theguardian.com,2,0.796177
16427,theguardian.com,2,0.804045
16428,theguardian.com,2,0.839844
16431,theguardian.com,2,0.803308
16432,theguardian.com,2,0.803308
16433,theguardian.com,2,0.796127
16437,theguardian.com,2,0.769221
16438,theguardian.com,2,0.769221
16446,theguardian.com,2,0.750473
16447,theguardian.com,2,0.750473
16450,theguardian.com,2,0.798944
16454,theguardian.com,2,0.819972
16455,theguardian.com,2,0.729148
16456,theguardian.com,2,0.729148
16458,theguardian.com,2,0.778020
16459,theguardian.com,2,0.825714
16460,theguardian.com,2,0.762600
16461,theguardian.com,2,0.762600
16462,theguardian.com,2,0.767359
16466,theguardian.com,2,0.785425
16467,theguardian.com,2,0.785425
16470,theguardian.com,2,0.848675
16471,theguardian.com,2,0.807243
16478,theguardian.com,2,0.822140
16488,theguardian.com,2,0.854252
16503,theguardian.com,2,0.799020
16506,theguardian.com,2,0.806278
16513,theguardian.com,2,0.825835
16516,theguardian.com,2,0.780062
16517,theguardian.com,2,0.802949
16522,theguardian.com,2,0.835480
16532,thehill.com,2,0.802043
16533,thehill.com,2,0.807714
16541,thehill.com,2,0.814178
16542,thehill.com,2,0.814178
16546,thehill.com,2,0.863038
16548,thehill.com,2,0.786402
16549,thehill.com,2,0.851347
16551,thehill.com,2,0.886700
16558,thehill.com,2,0.836073
16561,thehill.com,2,0.888166
16568,thehill.com,2,0.857423
16578,thehill.com,2,0.828202
16586,thehill.com,2,0.928715
16587,thehill.com,2,0.803773
16588,thehill.com,2,0.812917
16589,thehill.com,2,0.812917
16590,thehill.com,2,0.795251
16591,thehill.com,2,0.795251
16616,thehill.com,2,0.895577
16622,thehill.com,2,0.843888
16623,thehill.com,2,0.850599
16624,thehill.com,2,0.829150
16625,thehill.com,2,0.832479
16630,thehill.com,2,0.853182
16634,thehill.com,2,0.867214
16640,thehill.com,2,0.783738
16642,thehill.com,2,0.831696
16652,thehill.com,2,0.863502
16653,thehill.com,2,0.890585
16656,thehill.com,2,0.814399
16657,thehill.com,2,0.834302
16658,thehill.com,2,0.787077
16659,thehill.com,2,0.849999
16660,thehill.com,2,0.849999
16661,thehill.com,2,0.812490
16662,thehill.com,2,0.880078
16666,thehill.com,2,0.804519
16667,thehill.com,2,0.804519
16670,thehill.com,2,0.821823
16673,thehill.com,2,0.871460
16675,thehill.com,2,0.871570
16687,thehill.com,2,0.867508
16688,thehill.com,2,0.903548
16689,thehill.com,2,0.836328
16698,thehill.com,2,0.806058
16699,thehill.com,2,0.920576
16700,thehill.com,2,0.830345
16701,thehill.com,2,0.873514
16712,thehill.com,2,0.841195
16716,thehill.com,2,0.837861
16720,thehill.com,2,0.834770
16721,thehill.com,2,0.834770
16722,thehill.com,2,0.840196
16723,thehill.com,2,0.812979
16724,thehill.com,2,0.834601
16725,thehill.com,2,0.834601
16726,thehill.com,2,0.842531
16728,thehill.com,2,0.820477
16729,thehill.com,2,0.756449
16730,thehill.com,2,0.756449
16733,thehill.com,2,0.833582
16734,thehill.com,2,0.855172
16739,thehill.com,2,0.862370
16746,thehill.com,2,0.897196
16755,thehill.com,2,0.815635
16760,thehill.com,2,0.892439
16761,thehill.com,2,0.878202
16762,thehill.com,2,0.878202
16765,thehill.com,2,0.883971
16766,thehill.com,2,0.883971
16767,thehill.com,2,0.855003
16768,thehill.com,2,0.812869
16771,thehill.com,2,0.890407
16778,thehill.com,2,0.804437
16779,thehill.com,2,0.814197
16782,thehill.com,2,0.770061
16783,thehill.com,2,0.770061
16786,thehill.com,2,0.874071
16793,thehill.com,2,0.841033
16796,thehill.com,2,0.851232
16802,thehill.com,2,0.852095
16803,thehill.com,2,0.818484
16805,thehill.com,2,0.862220
16814,thehill.com,2,0.818748
16815,thehill.com,2,0.836249
16818,thehill.com,2,0.829674
16819,thehill.com,2,0.870444
16822,thehill.com,2,0.823900
16823,thehill.com,2,0.835286
16826,thehill.com,2,0.868415
16830,thehill.com,2,0.841706
16835,thehill.com,2,0.826844
16836,thehill.com,2,0.826844
16837,thehill.com,2,0.801719
16838,thehill.com,2,0.821063
16839,thehill.com,2,0.770200
16840,thehill.com,2,0.770200
16843,thehill.com,2,0.865050
16844,thehill.com,2,0.844570
16845,thehill.com,2,0.825862
16846,thehill.com,2,0.801433
16847,thehill.com,2,0.809009
16848,thehill.com,2,0.809009
16849,thehill.com,2,0.831687
16850,thehill.com,2,0.815610
16851,thehill.com,2,0.847545
16852,thehill.com,2,0.845167
16853,thehill.com,2,0.818221
16854,thehill.com,2,0.844105
16855,thehill.com,2,0.903301
16859,thehill.com,2,0.825648
16863,thehill.com,2,0.777102
16864,thehill.com,2,0.777102
16868,thehill.com,2,0.803315
16871,thehill.com,2,0.873593
16875,thehill.com,2,0.796917
16877,thehill.com,2,0.836039
16883,thehill.com,2,0.804352
16884,thehill.com,2,0.822878
16887,thehill.com,2,0.786871
16890,thehill.com,2,0.765901
16898,thehill.com,2,0.798631
16902,thehill.com,2,0.877890
16906,thehill.com,2,0.817382
16908,thehill.com,2,0.806451
16910,thehill.com,2,0.866427
16914,thehill.com,2,0.880560
16915,thehill.com,2,0.760705
16916,thehill.com,2,0.776848
16917,thehill.com,2,0.800739
16918,thehill.com,2,0.800739
16919,thehill.com,2,0.859752
16931,thehill.com,2,0.778087
16935,thehill.com,2,0.867636
16936,thehill.com,2,0.803525
16940,thehill.com,2,0.810119
16941,thehill.com,2,0.902805
16942,thehill.com,2,0.861882
16944,thehill.com,2,0.877968
16945,thehill.com,2,0.862634
16946,thehill.com,2,0.839735
16947,thehill.com,2,0.852921
16948,thehill.com,2,0.888360
16950,thehill.com,2,0.865391
16954,thehill.com,2,0.787716
16955,thehill.com,2,0.798094
16958,thehill.com,2,0.858339
16959,thehill.com,2,0.890656
16960,thehill.com,2,0.811324
16961,thehill.com,2,0.840989
16962,thehill.com,2,0.834071
16963,thehill.com,2,0.852486
16964,thehill.com,2,0.813070
16972,thehill.com,2,0.876250
16973,thehill.com,2,0.876250
16976,thehill.com,2,0.820947
16980,thehill.com,2,0.802259
16988,thehill.com,2,0.784891
16992,thehill.com,2,0.852754
16993,thehill.com,2,0.870911
16994,thehill.com,2,0.810944
17010,thehill.com,2,0.827093
17011,thehill.com,2,0.827093
17012,thehill.com,2,0.827093
17016,thehill.com,2,0.845088
17021,thehill.com,2,0.857698
17022,thehill.com,2,0.766958
17023,thehill.com,2,0.766958
17024,thehill.com,2,0.834688
17025,thehill.com,2,0.834688
17026,thehill.com,2,0.826679
17033,thehill.com,2,0.826171
17034,thehill.com,2,0.826171
17037,thehill.com,2,0.809633
17038,thehill.com,2,0.825644
17041,thehill.com,2,0.809908
17042,thehill.com,2,0.820796
17043,thehill.com,2,0.820796
17044,thehill.com,2,0.816324
17045,thehill.com,2,0.816324
17049,thehill.com,2,0.865701
17050,thehill.com,2,0.865701
17051,thehill.com,2,0.851831
17052,thehill.com,2,0.848852
17053,thehill.com,2,0.812971
17054,thehill.com,2,0.812971
17055,thehill.com,2,0.826933
17056,thehill.com,2,0.826933
17058,thehill.com,2,0.885173
17064,thehill.com,2,0.825932
17065,thehill.com,2,0.839456
17066,thehill.com,2,0.839456
17067,thehill.com,2,0.844937
17068,thehill.com,2,0.867072
17069,thehill.com,2,0.848258
17070,thehill.com,2,0.869272
17073,thehill.com,2,0.858405
17074,thehill.com,2,0.879213
17075,thehill.com,2,0.802473
17077,thehill.com,2,0.820091
17079,thehill.com,2,0.850442
17085,thehill.com,2,0.887101
17086,thehill.com,2,0.819027
17104,thehill.com,2,0.869213
17107,thehill.com,2,0.835203
17108,thehill.com,2,0.835203
17112,thehill.com,2,0.842785
17113,thehill.com,2,0.798764
17114,thehill.com,2,0.808272
17115,thehill.com,2,0.843868
17116,thehill.com,2,0.830364
17117,thehill.com,2,0.866609
17118,thehill.com,2,0.851998
17119,thehill.com,2,0.801803
17125,thehill.com,2,0.740536
17126,thehill.com,2,0.816120
17127,thehill.com,2,0.774755
17128,thehill.com,2,0.746126
17129,thehill.com,2,0.795205
17135,thehill.com,2,0.755452
17136,thehill.com,2,0.792320
17137,thehill.com,2,0.767339
17138,thehill.com,2,0.815091
17147,thehill.com,2,0.823569
17149,thehill.com,2,0.873661
17151,thehill.com,2,0.823639
17156,thehill.com,2,0.849704
17160,thehill.com,2,0.847407
17163,thehill.com,2,0.847143
17164,thehill.com,2,0.858901
17166,thehill.com,2,0.795131
17168,thehill.com,2,0.829704
17169,thehill.com,2,0.829704
17170,thehill.com,2,0.783617
17171,thehill.com,2,0.783617
17174,thehill.com,2,0.803311
17175,thehill.com,2,0.808399
17182,thehill.com,2,0.836290
17183,thehill.com,2,0.836290
17184,thehill.com,2,0.836290
17192,thehill.com,2,0.854750
17193,thehill.com,2,0.836172
17194,thehill.com,2,0.849033
17196,thehill.com,2,0.809509
17199,thehill.com,2,0.848613
17200,thehill.com,2,0.826277
17201,thehill.com,2,0.861686
17207,thehill.com,2,0.853992
17208,thehill.com,2,0.844889
17210,thehill.com,2,0.868653
17212,thehill.com,2,0.831205
17216,thehill.com,2,0.825844
17217,thehill.com,2,0.835767
17222,thehill.com,2,0.860961
17224,thehill.com,2,0.833551
17229,thehill.com,2,0.781607
17230,thehill.com,2,0.831027
17232,thehill.com,2,0.849395
17235,thehill.com,2,0.867777
17236,thehill.com,2,0.885212
17237,thehill.com,2,0.792383
17240,thehill.com,2,0.877443
17244,thehill.com,2,0.863278
17248,thehill.com,2,0.789365
17249,thehill.com,2,0.856517
17253,thehill.com,2,0.840888
17254,thehill.com,2,0.803207
17255,thehill.com,2,0.803207
17256,thehill.com,2,0.847475
17257,thehill.com,2,0.847475
17258,thehill.com,2,0.842234
17259,thehill.com,2,0.823062
17260,thehill.com,2,0.829864
17261,thehill.com,2,0.765616
17262,thehill.com,2,0.779024
17263,thehill.com,2,0.810052
17265,thehill.com,2,0.813236
17266,thehill.com,2,0.860538
17267,thehill.com,2,0.866941
17268,thehill.com,2,0.835201
17272,thehill.com,2,0.849166
17273,thehill.com,2,0.877538
17274,thehill.com,2,0.823087
17275,thehill.com,2,0.834244
17276,thehill.com,2,0.795834
17277,thehill.com,2,0.795834
17278,thehill.com,2,0.830178
17279,thehill.com,2,0.830178
17281,thehill.com,2,0.830184
17283,thehill.com,2,0.861613
17284,thehill.com,2,0.839650
17285,thehill.com,2,0.844641
17289,thehill.com,2,0.792066
17290,thehill.com,2,0.849938
17292,thehill.com,2,0.883442
17294,thehill.com,2,0.846279
17295,thehill.com,2,0.867717
17296,thehill.com,2,0.865910
17308,thehill.com,2,0.922185
17313,thehill.com,2,0.864064
17314,thehill.com,2,0.840915
17316,thehill.com,2,0.841925
17317,thehill.com,2,0.829468
17318,thehill.com,2,0.859981
17319,thehill.com,2,0.841724
17320,thehill.com,2,0.852719
17321,thehill.com,2,0.860051
17322,thehill.com,2,0.830924
17323,thehill.com,2,0.820693
17327,thehill.com,2,0.838355
17328,thehill.com,2,0.803999
17329,thehill.com,2,0.780643
17330,thehill.com,2,0.788300
17331,thehill.com,2,0.901457
17332,thehill.com,2,0.947689
17333,thehill.com,2,0.947689
17335,thehill.com,2,0.808823
17338,thehill.com,2,0.829964
17340,thehill.com,2,0.774797
17341,thehill.com,2,0.774797
17344,thehill.com,2,0.878936
17345,thehill.com,2,0.894000
17347,thehill.com,2,0.832240
17348,thehill.com,2,0.849253
17349,thehill.com,2,0.849253
17351,thehill.com,2,0.863559
17353,thehill.com,2,0.790128
17354,thehill.com,2,0.792062
17355,thehill.com,2,0.792062
17356,thehill.com,2,0.792248
17357,thehill.com,2,0.796820
17358,thehill.com,2,0.769967
17359,thehill.com,2,0.769967
17360,thehill.com,2,0.846505
17361,thehill.com,2,0.810010
17362,thehill.com,2,0.820124
17363,thehill.com,2,0.791992
17364,thehill.com,2,0.791992
17365,thehill.com,2,0.797107
17366,thehill.com,2,0.797107
17367,thehill.com,2,0.812838
17368,thehill.com,2,0.787304
17369,thehill.com,2,0.787304
17370,thehill.com,2,0.782730
17371,thehill.com,2,0.782730
17372,thehill.com,2,0.826347
17373,thehill.com,2,0.826347
17374,thehill.com,2,0.818517
17375,thehill.com,2,0.844124
17376,thehill.com,2,0.794503
17377,thehill.com,2,0.768982
17378,thehill.com,2,0.803853
17379,thehill.com,2,0.831574
17380,thehill.com,2,0.837630
17381,thehill.com,2,0.800126
17382,thehill.com,2,0.824255
17385,thehill.com,2,0.900738
17386,thehill.com,2,0.817591
17389,thehill.com,2,0.784756
17390,thehill.com,2,0.824372
17391,thehill.com,2,0.754472
17394,thehill.com,2,0.814949
17396,thehill.com,2,0.836142
17397,thehill.com,2,0.797838
17398,thehill.com,2,0.844351
17400,thehill.com,2,0.844713
17401,thehill.com,2,0.812938
17404,thehill.com,2,0.875503
17405,thehill.com,2,0.863803
17406,thehill.com,2,0.863803
17409,thehill.com,2,0.841210
17413,thehill.com,2,0.782939
17414,thehill.com,2,0.782939
17416,thehill.com,2,0.816202
17424,thehill.com,2,0.830550
17431,thehill.com,2,0.863881
17432,thehill.com,2,0.826863
17433,thehill.com,2,0.838797
17434,thehill.com,2,0.797093
17435,thehill.com,2,0.815391
17436,thehill.com,2,0.821511
17437,thehill.com,2,0.862621
17439,thehill.com,2,0.784162
17440,thehill.com,2,0.867631
17441,thehill.com,2,0.818934
17442,thehill.com,2,0.866909
17443,thehill.com,2,0.857864
17444,thehill.com,2,0.852116
17449,thehill.com,2,0.802638
17450,thehill.com,2,0.817912
17451,thehill.com,2,0.794296
17457,thehill.com,2,0.831820
17459,thehill.com,2,0.936874
17460,thehill.com,2,0.936874
17464,thehill.com,2,0.869846
17465,thehill.com,2,0.869846
17467,thehill.com,2,0.798619
17468,thehill.com,2,0.812518
17469,thehill.com,2,0.866510
17474,thehill.com,2,0.883593
17477,thehill.com,2,0.880915
17478,thehill.com,2,0.817702
17479,thehill.com,2,0.836309
17484,thehill.com,2,0.854433
17486,thehill.com,2,0.839645
17489,thehill.com,2,0.817588
17494,thehill.com,2,0.854576
17495,thehill.com,2,0.855296
17496,thehill.com,2,0.931152
17497,thehill.com,2,0.931152
17498,thehill.com,2,0.869095
17499,thehill.com,2,0.863526
17500,thehill.com,2,0.924215
17501,thehill.com,2,0.924215
17510,thehill.com,2,0.783793
17511,thehill.com,2,0.783793
17515,thehill.com,2,0.870484
17516,thehill.com,2,0.825129
17521,thehill.com,2,0.868707
17524,thehill.com,2,0.824418
17525,thehill.com,2,0.850015
17526,thehill.com,2,0.823194
17529,thehill.com,2,0.796089
17530,thehill.com,2,0.796089
17532,thehill.com,2,0.830515
17534,thehill.com,2,0.873382
17543,thehill.com,2,0.845040
17544,thehill.com,2,0.868440
17545,thehill.com,2,0.828374
17546,thehill.com,2,0.849288
17547,thehill.com,2,0.875325
17548,thehill.com,2,0.849700
17549,thehill.com,2,0.849804
17556,thehill.com,2,0.821569
17558,thehill.com,2,0.859685
17560,thehill.com,2,0.862135
17561,thehill.com,2,0.858371
17562,thehill.com,2,0.823689
17563,thehill.com,2,0.829488
17565,thehill.com,2,0.858012
17566,thehill.com,2,0.802335
17567,thehill.com,2,0.807148
17568,thehill.com,2,0.852755
17571,thehill.com,2,0.862469
17572,thehill.com,2,0.862469
17573,thehill.com,2,0.862469
17575,thehill.com,2,0.821786
17578,thehill.com,2,0.877683
17579,thehill.com,2,0.779738
17580,thehill.com,2,0.865774
17581,thehill.com,2,0.847206
17586,thehill.com,2,0.854400
17589,thehill.com,2,0.889631
17590,thehill.com,2,0.889631
17591,thehill.com,2,0.873520
17593,thehill.com,2,0.796528
17596,thehill.com,2,0.806109
17599,thehill.com,2,0.889824
17602,thehill.com,2,0.771547
17603,thehill.com,2,0.843674
17613,thehill.com,2,0.849357
17616,thehill.com,2,0.877581
17622,thehill.com,2,0.886470
17623,thehill.com,2,0.870213
17626,thehill.com,2,0.867190
17627,thehill.com,2,0.846273
17628,thehill.com,2,0.846273
17631,thehill.com,2,0.873328
17632,thehill.com,2,0.867829
17637,thehill.com,2,0.839585
17638,thehill.com,2,0.826776
17639,thehill.com,2,0.851440
17640,thehill.com,2,0.865088
17641,thehill.com,2,0.865088
17644,thehill.com,2,0.773229
17649,thehill.com,2,0.836126
17653,thehill.com,2,0.803714
17654,thehill.com,2,0.803714
17662,thehill.com,2,0.799403
17663,thehill.com,2,0.811666
17667,thehill.com,2,0.871068
17668,thehill.com,2,0.856993
17676,thehill.com,2,0.823341
17680,thehill.com,2,0.856268
17683,thehill.com,2,0.864942
17684,thehill.com,2,0.815471
17685,thehill.com,2,0.854835
17692,thehill.com,2,0.864931
17693,thehill.com,2,0.897458
17702,thehill.com,2,0.798017
17703,thehill.com,2,0.798017
17712,thehill.com,2,0.880195
17713,thehill.com,2,0.785875
17714,thehill.com,2,0.944389
17721,thehill.com,2,0.881971
17722,thehill.com,2,0.911940
17723,thehill.com,2,0.853010
17724,thehill.com,2,0.879737
17725,thehill.com,2,0.808006
17727,thehill.com,2,0.783882
17728,thehill.com,2,0.783882
17729,thehill.com,2,0.771543
17730,thehill.com,2,0.771543
17731,thehill.com,2,0.815330
17732,thehill.com,2,0.850747
17733,thehill.com,2,0.850747
17734,thehill.com,2,0.819171
17736,thehill.com,2,0.904360
17743,thehill.com,2,0.803243
17744,thehill.com,2,0.821530
17749,thehill.com,2,0.792098
17750,thehill.com,2,0.792098
17768,thehill.com,2,0.804571
17769,thehill.com,2,0.804571
17770,thehill.com,2,0.759145
17771,thehill.com,2,0.759145
17772,thehill.com,2,0.751688
17773,thehill.com,2,0.751688
17776,thehill.com,2,0.749670
17777,thehill.com,2,0.749670
17791,thehill.com,2,0.769543
17792,thehill.com,2,0.769543
17793,thehill.com,2,0.787311
17794,thehill.com,2,0.787311
17795,thehill.com,2,0.855368
17796,thehill.com,2,0.855368
17803,thehill.com,2,0.839071
17804,thehill.com,2,0.839071
17805,thehill.com,2,0.871521
17806,thehill.com,2,0.871521
17807,thehill.com,2,0.832926
17808,thehill.com,2,0.786765
17809,thehill.com,2,0.754877
17810,thehill.com,2,0.754877
17811,thehill.com,2,0.784291
17812,thehill.com,2,0.784291
17813,thehill.com,2,0.784291
17816,thehill.com,2,0.826525
17817,thehill.com,2,0.826525
17823,thehill.com,2,0.876409
17826,thehill.com,2,0.852290
17827,thehill.com,2,0.801488
17829,thehill.com,2,0.879723
17832,thehill.com,2,0.809852
17836,thehill.com,2,0.831792
17837,thehill.com,2,0.868383
17838,thehill.com,2,0.884163
17839,thehill.com,2,0.869333
17840,thehill.com,2,0.869333
17841,thehill.com,2,0.869333
17845,thehill.com,2,0.835513
17846,thehill.com,2,0.863885
17848,thehill.com,2,0.854816
17849,thehill.com,2,0.854816
17850,thehill.com,2,0.846388
17851,thehill.com,2,0.869173
17852,thehill.com,2,0.776720
17853,thehill.com,2,0.784482
17855,thehill.com,2,0.880752
17858,thehill.com,2,0.814132
17865,thehill.com,2,0.809048
17867,thehill.com,2,0.870319
17868,thehill.com,2,0.854485
17869,thehill.com,2,0.847596
17870,thehill.com,2,0.846505
17872,thehill.com,2,0.844155
17877,thehill.com,2,0.801464
17878,thehill.com,2,0.748786
17879,thehill.com,2,0.748786
17893,thehill.com,2,0.803709
17894,thehill.com,2,0.791279
17895,thehill.com,2,0.799484
17896,thehill.com,2,0.811988
17897,thehill.com,2,0.811988
17898,thehill.com,2,0.792547
17899,thehill.com,2,0.793650
17906,thehill.com,2,0.755124
17907,thehill.com,2,0.755124
17908,thehill.com,2,0.744212
17909,thehill.com,2,0.750645
17914,thehill.com,2,0.810601
17915,thehill.com,2,0.810601
17916,thehill.com,2,0.810601
17919,thehill.com,2,0.814368
17920,thehill.com,2,0.814368
17922,thehill.com,2,0.804739
17923,thehill.com,2,0.804739
17931,thehill.com,2,0.796264
17934,thehill.com,2,0.797822
17940,thehill.com,2,0.818883
17943,thehill.com,2,0.844536
17944,thehill.com,2,0.820551
17947,thehill.com,2,0.886740
17948,thehill.com,2,0.881456
17949,thehill.com,2,0.881456
17952,thehill.com,2,0.868459
17954,thehill.com,2,0.857485
17955,thehill.com,2,0.857485
17958,thehill.com,2,0.830547
17959,thehill.com,2,0.830547
17962,thehill.com,2,0.853356
17963,thehill.com,2,0.836643
17971,thehill.com,2,0.863511
17972,thehill.com,2,0.863511
17977,thehill.com,2,0.834592
17985,thehill.com,2,0.801102
17992,thehill.com,2,0.793185
17993,thehill.com,2,0.857405
17994,thehill.com,2,0.883220
17995,thehill.com,2,0.883220
17996,thehill.com,2,0.809924
17997,thehill.com,2,0.809924
18001,thehill.com,2,0.834280
18004,thehill.com,2,0.813153
18014,thehill.com,2,0.796383
18015,thehill.com,2,0.828742
18018,thehill.com,2,0.876580
18026,thehill.com,2,0.855002
18033,thehill.com,2,0.857618
18038,thehill.com,2,0.783003
18039,thehill.com,2,0.812122
18040,thehill.com,2,0.812122
18041,thehill.com,2,0.815740
18042,thehill.com,2,0.815740
18043,thehill.com,2,0.866515
18044,thehill.com,2,0.812944
18045,thehill.com,2,0.853973
18051,thehill.com,2,0.773966
18052,thehill.com,2,0.773966
18053,thehill.com,2,0.810499
18054,thehill.com,2,0.827261
18055,thehill.com,2,0.858158
18056,thehill.com,2,0.888014
18059,thehill.com,2,0.845927
18060,thehill.com,2,0.870339
18062,thehill.com,2,0.824287
18063,thehill.com,2,0.824287
18064,thehill.com,2,0.824287
18066,thehill.com,2,0.830770
18067,thehill.com,2,0.830770
18068,thehill.com,2,0.897072
18070,thehill.com,2,0.803053
18071,thehill.com,2,0.801773
18072,thehill.com,2,0.801773
18076,thehill.com,2,0.860094
18079,thehill.com,2,0.743693
18080,thehill.com,2,0.755442
18082,thehill.com,2,0.801185
18086,thehill.com,2,0.895460
18090,thehill.com,2,0.848961
18091,thehill.com,2,0.816901
18096,thehill.com,2,0.806095
18100,thehill.com,2,0.847120
18103,thehill.com,2,0.797923
18105,thehill.com,2,0.832677
18111,thehill.com,2,0.822250
18112,thehill.com,2,0.811868
18113,thehill.com,2,0.841133
18114,thehill.com,2,0.823057
18117,thehill.com,2,0.830015
18118,thehill.com,2,0.830015
18123,thehill.com,2,0.765053
18124,thehill.com,2,0.772259
18125,thehill.com,2,0.778752
18126,thehill.com,2,0.794363
18127,thehill.com,2,0.753314
18128,thehill.com,2,0.753314
18129,thehill.com,2,0.753314
18133,thehill.com,2,0.837104
18136,thehill.com,2,0.797447
18139,thehill.com,2,0.842320
18140,thehill.com,2,0.858726
18144,thehill.com,2,0.820211
18147,thehill.com,2,0.849999
18150,thehill.com,2,0.806551
18151,thehill.com,2,0.806551
18152,thehill.com,2,0.798727
18153,thehill.com,2,0.798727
18154,thehill.com,2,0.836047
18155,thehill.com,2,0.838075
18157,thehill.com,2,0.821735
18158,thehill.com,2,0.821735
18159,thehill.com,2,0.736641
18160,thehill.com,2,0.736641
18163,thehill.com,2,0.822513
18164,thehill.com,2,0.822513
18165,thehill.com,2,0.782333
18166,thehill.com,2,0.782333
18174,thehill.com,2,0.808534
18180,thehill.com,2,0.812746
18181,thehill.com,2,0.805455
18182,thehill.com,2,0.805455
18186,thehill.com,2,0.827731
18188,thehill.com,2,0.829593
18192,thehill.com,2,0.872479
18193,thehill.com,2,0.811808
18196,thehill.com,2,0.846714
18197,thehill.com,2,0.868058
18198,thehill.com,2,0.769289
18199,thehill.com,2,0.769289
18202,thehill.com,2,0.817460
18205,thehill.com,2,0.830972
18206,thehill.com,2,0.830972
18207,thehill.com,2,0.815164
18208,thehill.com,2,0.781447
18209,thehill.com,2,0.781447
18211,thehill.com,2,0.767701
18212,thehill.com,2,0.830487
18213,thehill.com,2,0.790035
18214,thehill.com,2,0.790035
18216,thehill.com,2,0.892688
18219,thehill.com,2,0.818804
18221,thehill.com,2,0.812543
18223,thehill.com,2,0.804250
18224,thehill.com,2,0.824541
18225,thehill.com,2,0.802916
18226,thehill.com,2,0.798689
18229,thehill.com,2,0.845750
18231,thehill.com,2,0.788182
18232,thehill.com,2,0.800023
18233,thehill.com,2,0.835662
18251,thehill.com,2,0.813121
18255,thehill.com,2,0.790183
18256,thehill.com,2,0.790183
18257,thehill.com,2,0.790183
18259,thehill.com,2,0.825635
18260,thehill.com,2,0.840153
18261,thehill.com,2,0.775417
18262,thehill.com,2,0.780630
18266,thehill.com,2,0.786844
18268,thehill.com,2,0.849518
18272,thehill.com,2,0.824068
18274,thehill.com,2,0.852371
18282,thehill.com,2,0.815752
18283,thehill.com,2,0.782954
18289,thehill.com,2,0.858344
18290,thehill.com,2,0.828600
18291,thehill.com,2,0.841345
18298,thehill.com,2,0.803216
18304,thehill.com,2,0.793220
18305,thehill.com,2,0.798064
18306,thehill.com,2,0.805784
18307,thehill.com,2,0.767942
18309,thehill.com,2,0.851406
18312,thehill.com,2,0.856637
18314,thehill.com,2,0.871919
18317,thehill.com,2,0.817492
18324,thehill.com,2,0.869170
18325,thehill.com,2,0.813743
18328,thehill.com,2,0.865395
18329,thehill.com,2,0.822027
18331,thehill.com,2,0.887765
18333,thehill.com,2,0.796585
18334,thehill.com,2,0.787979
18335,thehill.com,2,0.787979
18346,thehill.com,2,0.868862
18347,thehill.com,2,0.809470
18352,thehill.com,2,0.847918
18353,thehill.com,2,0.860755
18356,thehill.com,2,0.824942
18363,thehill.com,2,0.824670
18369,thehill.com,2,0.825656
18375,thehill.com,2,0.855449
18376,thehill.com,2,0.841224
18378,thehill.com,2,0.844113
18381,thehill.com,2,0.807840
18382,thehill.com,2,0.807840
18383,thehill.com,2,0.831564
18384,thehill.com,2,0.802936
18385,thehill.com,2,0.839856
18386,thehill.com,2,0.788939
18387,thehill.com,2,0.820144
18388,thehill.com,2,0.873576
18389,thehill.com,2,0.796047
18390,thehill.com,2,0.815534
18392,thehill.com,2,0.845548
18394,thehill.com,2,0.854898
18395,thehill.com,2,0.840603
18396,thehill.com,2,0.841406
18397,thehill.com,2,0.842709
18398,thehill.com,2,0.850887
18399,thehill.com,2,0.874518
18400,thehill.com,2,0.830811
18401,thehill.com,2,0.854918
18402,thehill.com,2,0.849275
18403,thehill.com,2,0.844488
18405,thehill.com,2,0.827319
18406,thehill.com,2,0.834027
18407,thehill.com,2,0.855378
18408,thehill.com,2,0.852359
18409,thehill.com,2,0.839683
18410,thehill.com,2,0.811722
18411,thehill.com,2,0.815923
18412,thehill.com,2,0.844344
18413,thehill.com,2,0.845676
18414,thehill.com,2,0.833561
18415,thehill.com,2,0.854619
18416,thehill.com,2,0.899549
18420,thehill.com,2,0.881841
18427,thehill.com,2,0.837229
18433,thehill.com,2,0.845001
18438,thehill.com,2,0.871894
18442,thehill.com,2,0.863103
18443,thehill.com,2,0.778869
18444,thehill.com,2,0.822311
18445,thehill.com,2,0.844364
18446,thehill.com,2,0.791051
18447,thehill.com,2,0.791051
18448,thehill.com,2,0.820867
18449,thehill.com,2,0.797585
18450,thehill.com,2,0.848786
18451,thehill.com,2,0.830077
18452,thehill.com,2,0.840981
18453,thehill.com,2,0.852691
18456,thehill.com,2,0.830878
18457,thehill.com,2,0.857764
18458,thehill.com,2,0.857764
18459,thehill.com,2,0.857764
18461,thehill.com,2,0.833556
18462,thehill.com,2,0.833556
18463,thehill.com,2,0.862084
18464,thehill.com,2,0.862084
18465,thehill.com,2,0.766996
18466,thehill.com,2,0.773815
18467,thehill.com,2,0.851747
18468,thehill.com,2,0.820610
18469,thehill.com,2,0.833403
18470,thehill.com,2,0.862049
18471,thehill.com,2,0.862049
18472,thehill.com,2,0.839887
18473,thehill.com,2,0.842758
18474,thehill.com,2,0.818340
18475,thehill.com,2,0.825038
18476,thehill.com,2,0.885098
18477,thehill.com,2,0.849869
18478,thehill.com,2,0.892953
18479,thehill.com,2,0.855796
18480,thehill.com,2,0.808834
18481,thehill.com,2,0.864151
18482,thehill.com,2,0.868968
18488,thehill.com,2,0.843464
18489,thehill.com,2,0.864899
18490,thehill.com,2,0.837035
18501,thehill.com,2,0.796138
18503,thehill.com,2,0.744479
18504,thehill.com,2,0.733905
18507,thehill.com,2,0.862163
18508,thehill.com,2,0.864238
18509,thehill.com,2,0.854804
18510,thehill.com,2,0.869710
18511,thehill.com,2,0.843966
18513,thehill.com,2,0.861223
18514,thehill.com,2,0.784010
18515,thehill.com,2,0.784010
18521,thehill.com,2,0.798244
18528,thehill.com,2,0.768524
18529,thehill.com,2,0.768524
18537,thehill.com,2,0.812857
18538,thehill.com,2,0.812857
18539,thehill.com,2,0.831071
18540,thehill.com,2,0.831071
18541,thehill.com,2,0.834388
18542,thehill.com,2,0.834388
18543,thehill.com,2,0.834388
18548,thehill.com,2,0.847412
18551,thehill.com,2,0.831657
18554,thehill.com,2,0.880467
18555,thehill.com,2,0.874720
18557,thehill.com,2,0.786075
18558,thehill.com,2,0.786075
18559,thehill.com,2,0.829181
18562,thehill.com,2,0.898440
18569,thehill.com,2,0.761784
18572,thehill.com,2,0.826502
18582,thehill.com,2,0.855788
18583,thehill.com,2,0.857492
18584,thehill.com,2,0.875289
18589,thehill.com,2,0.881794
18597,thehill.com,2,0.782372
18598,thehill.com,2,0.782372
18626,thehour.com,2,0.812895
18630,thehour.com,2,0.832977
18633,thehour.com,2,0.822772
18634,thehour.com,2,0.846133
18636,thenation.com,2,0.881757
18638,thenation.com,2,0.785392
18639,thenation.com,2,0.869583
18642,thenation.com,2,0.796219
18643,thenation.com,2,0.769521
18644,thenation.com,2,0.769779
18650,thenationaldesk.com,2,0.832561
18653,thenationaldesk.com,2,0.825878
18655,thenationaldesk.com,2,0.827880
18658,thenationaldesk.com,2,0.845079
18662,thenationaldesk.com,2,0.847907
18665,thenationaldesk.com,2,0.812480
18674,thenationaldesk.com,2,0.776325
18675,thenationaldesk.com,2,0.780273
18676,thenationaldesk.com,2,0.802511
18677,thenationaldesk.com,2,0.835232
18678,thenationaldesk.com,2,0.826683
18679,thenationaldesk.com,2,0.782337
18684,thenevadaindependent.com,2,0.755349
18687,thenevadaindependent.com,2,0.787140
18689,thewellnews.com,2,0.854852
18692,thewellnews.com,2,0.820767
18693,thewellnews.com,2,0.793415
18694,thewellnews.com,2,0.801501
18697,thewellnews.com,2,0.845712
18698,thewellnews.com,2,0.836962
18706,thirteen.org,2,0.793122
18708,thirteen.org,2,0.763165
18709,thirteen.org,2,0.822394
18712,thv11.com,2,0.767366
18713,thv11.com,2,0.808216
18714,thv11.com,2,0.808677
18715,thv11.com,2,0.793763
18716,thv11.com,2,0.823806
18718,thv11.com,2,0.822570
18721,time.com,2,0.751736
18723,time.com,2,0.746769
18724,time.com,2,0.814371
18725,time.com,2,0.736122
18726,time.com,2,0.892305
18727,time.com,2,0.736540
18729,time.com,2,0.760560
18730,time.com,2,0.783399
18733,time.com,2,0.865371
18734,time.com,2,0.795202
18735,time.com,2,0.817012
18736,time.com,2,0.810528
18737,time.com,2,0.760875
18738,time.com,2,0.742205
18739,time.com,2,0.778654
18740,time.com,2,0.824914
18742,time.com,2,0.789785
18743,time.com,2,0.830096
18744,time.com,2,0.789020
18745,timesargus.com,2,0.762931
18746,timesargus.com,2,0.886721
18752,timesargus.com,2,0.887142
18754,timesargus.com,2,0.820879
18756,timesargus.com,2,0.727047
18757,timesargus.com,2,0.727047
18758,timesargus.com,2,0.727047
18759,timesargus.com,2,0.727047
18761,timescall.com,2,0.726719
18762,timescall.com,2,0.741239
18763,timescall.com,2,0.853753
18767,timescall.com,2,0.812177
18769,timescall.com,2,0.806840
18772,timesfreepress.com,2,0.799308
18779,timesfreepress.com,2,0.755027
18781,timesfreepress.com,2,0.822196
18783,timesfreepress.com,2,0.796441
18784,timesfreepress.com,2,0.800739
18785,timesofindia.indiatimes.com,2,0.850952
18796,timesofindia.indiatimes.com,2,0.789782
18797,timesofindia.indiatimes.com,2,0.789782
18803,timesofindia.indiatimes.com,2,0.793153
18841,timesofindia.indiatimes.com,2,0.854480
18848,timesofisrael.com,2,0.795617
18853,timesofisrael.com,2,0.833731
18855,timesofisrael.com,2,0.795069
18857,timesofisrael.com,2,0.803632
18860,timesofisrael.com,2,0.820340
18863,timesofisrael.com,2,0.801898
18866,timesofisrael.com,2,0.820934
18868,timesofisrael.com,2,0.781768
18869,timesofisrael.com,2,0.812095
18870,timesofisrael.com,2,0.839494
18871,timesofisrael.com,2,0.794525
18872,timesofisrael.com,2,0.854900
18889,timesofisrael.com,2,0.831154
18892,timesofisrael.com,2,0.840378
18893,timesofisrael.com,2,0.776094
18896,timesofisrael.com,2,0.769090
18898,timesofisrael.com,2,0.829201
18899,timesofisrael.com,2,0.815566
18906,timesofisrael.com,2,0.789552
18907,timesofisrael.com,2,0.784556
18918,timesunion.com,2,0.755530
18921,timesunion.com,2,0.758853
18922,timesunion.com,2,0.750064
18923,timesunion.com,2,0.749033
18933,tpr.org,2,0.823552
18942,tradingview.com,2,0.809138
18944,tradingview.com,2,0.782576
18945,tradingview.com,2,0.787537
18946,tradingview.com,2,0.780648
18947,tradingview.com,2,0.781430
18948,tradingview.com,2,0.749734
18949,tradingview.com,2,0.781571
18950,tradingview.com,2,0.807373
18965,truthout.org,2,0.808982
18969,truthout.org,2,0.775976
18972,truthout.org,2,0.752322
18973,truthout.org,2,0.785633
18974,turnto10.com,2,0.818467
18977,turnto10.com,2,0.803998
18978,turnto10.com,2,0.827880
18979,turnto10.com,2,0.756999
18985,twincities.com,2,0.820714
18990,twincities.com,2,0.810720
18994,twincities.com,2,0.804745
18997,union-bulletin.com,2,0.833348
18999,union-bulletin.com,2,0.790686
19001,union-bulletin.com,2,0.837112
19003,union-bulletin.com,2,0.818332
19004,union-bulletin.com,2,0.816565
19007,union-bulletin.com,2,0.793125
19011,union-bulletin.com,2,0.732530
19012,union-bulletin.com,2,0.790779
19013,union-bulletin.com,2,0.779555
19014,union-bulletin.com,2,0.779090
19015,union-bulletin.com,2,0.827230
19016,upi.com,2,0.786082
19018,upi.com,2,0.893173
19019,upi.com,2,0.813758
19020,upi.com,2,0.869322
19022,upi.com,2,0.861386
19028,upi.com,2,0.823988
19029,upi.com,2,0.830571
19030,upi.com,2,0.813428
19032,upi.com,2,0.803477
19040,upi.com,2,0.824503
19042,upi.com,2,0.785466
19045,upi.com,2,0.817121
19048,upi.com,2,0.811645
19051,uppermichiganssource.com,2,0.797790
19052,uppermichiganssource.com,2,0.790117
19054,uppermichiganssource.com,2,0.821508
19056,uppermichiganssource.com,2,0.822713
19057,uppermichiganssource.com,2,0.822713
19059,uppermichiganssource.com,2,0.900122
19060,uppermichiganssource.com,2,0.777641
19062,uppermichiganssource.com,2,0.832721
19070,urbanmilwaukee.com,2,0.809415
19075,us.cnn.com,2,0.807720
19079,us.cnn.com,2,0.806628
19080,us.cnn.com,2,0.760073
19081,us.cnn.com,2,0.727303
19086,usatoday.com,2,0.805850
19088,usatoday.com,2,0.806109
19090,usatoday.com,2,0.879066
19091,usatoday.com,2,0.834401
19092,usatoday.com,2,0.774839
19093,usatoday.com,2,0.860580
19097,usatoday.com,2,0.795910
19098,usatoday.com,2,0.790772
19100,usatoday.com,2,0.834790
19102,usatoday.com,2,0.768875
19103,usatoday.com,2,0.773563
19104,usatoday.com,2,0.830711
19105,usatoday.com,2,0.825717
19107,usatoday.com,2,0.801907
19108,usatoday.com,2,0.840448
19109,usatoday.com,2,0.864064
19110,usatoday.com,2,0.843059
19111,usatoday.com,2,0.806458
19112,usatoday.com,2,0.825258
19114,usatoday.com,2,0.809289
19115,usatoday.com,2,0.777137
19123,usatoday.com,2,0.823738
19125,usatoday.com,2,0.843726
19127,usatoday.com,2,0.806502
19131,usatoday.com,2,0.741308
19134,usatoday.com,2,0.784709
19135,usatoday.com,2,0.872148
19136,usatoday.com,2,0.795820
19137,usatoday.com,2,0.851122
19139,usatoday.com,2,0.848225
19140,usatoday.com,2,0.790545
19141,usatoday.com,2,0.807840
19144,usatoday.com,2,0.800768
19146,usatoday.com,2,0.864197
19147,usatoday.com,2,0.751447
19148,usatoday.com,2,0.847651
19149,usatoday.com,2,0.833387
19150,usatoday.com,2,0.812037
19151,usatoday.com,2,0.825036
19154,usatoday.com,2,0.771839
19155,usatoday.com,2,0.856726
19156,usatoday.com,2,0.807978
19157,usatoday.com,2,0.785568
19159,usatoday.com,2,0.825244
19162,usatoday.com,2,0.775163
19165,usatoday.com,2,0.835903
19166,usatoday.com,2,0.867346
19167,usatoday.com,2,0.788741
19168,usatoday.com,2,0.805219
19172,usatoday.com,2,0.749048
19173,usatoday.com,2,0.836524
19176,usatoday.com,2,0.766453
19177,usatoday.com,2,0.819631
19178,usatoday.com,2,0.796987
19179,usatoday.com,2,0.773833
19185,usatoday.com,2,0.814542
19188,usatoday.com,2,0.773551
19192,usatoday.com,2,0.816492
19193,usatoday.com,2,0.815413
19201,usatoday.com,2,0.807270
19204,usatoday.com,2,0.814714
19206,usatoday.com,2,0.786422
19210,usatoday.com,2,0.802170
19212,usatoday.com,2,0.796925
19214,usatoday.com,2,0.786410
19218,usatoday.com,2,0.809420
19219,usatoday.com,2,0.818968
19221,usatoday.com,2,0.799083
19222,usatoday.com,2,0.787458
19226,usatoday.com,2,0.803997
19230,usatoday.com,2,0.829778
19231,usatoday.com,2,0.837653
19232,usatoday.com,2,0.787489
19233,usatoday.com,2,0.800073
19234,usatoday.com,2,0.781027
19235,usatoday.com,2,0.784380
19236,usatoday.com,2,0.860335
19237,usatoday.com,2,0.790548
19238,usatoday.com,2,0.788229
19239,usatoday.com,2,0.835349
19241,usatoday.com,2,0.740446
19242,usatoday.com,2,0.812759
19243,usatoday.com,2,0.781993
19244,usatoday.com,2,0.758717
19245,usatoday.com,2,0.762674
19247,usatoday.com,2,0.838131
19248,usatoday.com,2,0.797481
19249,usatoday.com,2,0.752488
19250,usatoday.com,2,0.802919
19251,usatoday.com,2,0.784505
19252,usatoday.com,2,0.758394
19257,usnews.com,2,0.783364
19258,usnews.com,2,0.846610
19259,usnews.com,2,0.793872
19262,usnews.com,2,0.817041
19267,usnews.com,2,0.747547
19269,usnews.com,2,0.822302
19270,usnews.com,2,0.888999
19272,usnews.com,2,0.821158
19274,usnews.com,2,0.785509
19276,usnews.com,2,0.725953
19277,usnews.com,2,0.784020
19278,usnews.com,2,0.753529
19279,usnews.com,2,0.750078
19281,usnews.com,2,0.810965
19282,usnews.com,2,0.782024
19283,usnews.com,2,0.828266
19284,usnews.com,2,0.806140
19285,usnews.com,2,0.692875
19287,usnews.com,2,0.815410
19288,usnews.com,2,0.772823
19289,usnews.com,2,0.807373
19291,usnews.com,2,0.808456
19293,utahnewsdispatch.com,2,0.761758
19295,utahnewsdispatch.com,2,0.782808
19297,utahnewsdispatch.com,2,0.746068
19300,utahnewsdispatch.com,2,0.815875
19301,utahnewsdispatch.com,2,0.777284
19302,utahnewsdispatch.com,2,0.781569
19304,valleynewslive.com,2,0.822713
19307,valleynewslive.com,2,0.859105
19308,valleynewslive.com,2,0.805651
19341,vanguardngr.com,2,0.897106
19342,vanguardngr.com,2,0.910327
19353,variety.com,2,0.747645
19354,variety.com,2,0.868535
19355,variety.com,2,0.779527
19357,variety.com,2,0.708161
19358,variety.com,2,0.797256
19359,variety.com,2,0.804395
19360,variety.com,2,0.747862
19361,variety.com,2,0.751536
19362,variety.com,2,0.849044
19374,votebeat.org,2,0.752287
19376,votebeat.org,2,0.763581
19378,votebeat.org,2,0.846053
19379,votebeat.org,2,0.782206
19382,votebeat.org,2,0.813603
19395,vox.com,2,0.787278
19397,vox.com,2,0.783835
19398,vox.com,2,0.704144
19401,vox.com,2,0.795610
19402,vox.com,2,0.748969
19406,wabe.org,2,0.775817
19407,wabe.org,2,0.763479
19409,wabe.org,2,0.830219
19410,wabe.org,2,0.814091
19411,wabe.org,2,0.805523
19414,wabe.org,2,0.842242
19415,wabe.org,2,0.819236
19418,wabe.org,2,0.782024
19419,wabe.org,2,0.792985
19420,wafb.com,2,0.866249
19421,wafb.com,2,0.822713
19422,wafb.com,2,0.822713
19426,wafb.com,2,0.900122
19427,wafb.com,2,0.865466
19428,wafb.com,2,0.810503
19429,wafb.com,2,0.810503
19430,wafb.com,2,0.810503
19431,wafb.com,2,0.824396
19432,wafb.com,2,0.824396
19433,wafb.com,2,0.804514
19434,wafb.com,2,0.804514
19436,wafb.com,2,0.834091
19438,wafb.com,2,0.747820
19441,wafb.com,2,0.847608
19442,wafb.com,2,0.809866
19443,wafb.com,2,0.807403
19444,wafb.com,2,0.807403
19450,waff.com,2,0.822713
19451,waff.com,2,0.764722
19452,waff.com,2,0.764722
19453,waff.com,2,0.819577
19454,waff.com,2,0.900122
19458,walb.com,2,0.822713
19459,walb.com,2,0.819577
19464,walb.com,2,0.900122
19465,walb.com,2,0.766707
19468,wamu.org,2,0.722068
19471,wamu.org,2,0.746846
19472,wamu.org,2,0.746846
19473,wamu.org,2,0.765984
19474,wamu.org,2,0.765984
19476,wamu.org,2,0.797416
19478,washingtonexaminer.com,2,0.802963
19480,washingtonexaminer.com,2,0.767874
19483,washingtonexaminer.com,2,0.836039
19484,washingtonexaminer.com,2,0.808101
19487,washingtonexaminer.com,2,0.832480
19490,washingtonexaminer.com,2,0.759765
19491,washingtonexaminer.com,2,0.833494
19496,washingtonexaminer.com,2,0.832564
19498,washingtonexaminer.com,2,0.848327
19504,washingtonexaminer.com,2,0.770511
19505,washingtonexaminer.com,2,0.792207
19513,washingtonexaminer.com,2,0.740355
19514,washingtonexaminer.com,2,0.782663
19518,washingtonexaminer.com,2,0.826096
19525,washingtonexaminer.com,2,0.841261
19526,washingtonexaminer.com,2,0.835433
19529,washingtonexaminer.com,2,0.849929
19530,washingtonexaminer.com,2,0.790940
19531,washingtonexaminer.com,2,0.799339
19533,washingtonexaminer.com,2,0.760410
19536,washingtonpost.com,2,0.850069
19540,washingtonpost.com,2,0.817466
19541,washingtonpost.com,2,0.816078
19542,washingtonpost.com,2,0.808172
19543,washingtonpost.com,2,0.872302
19544,washingtonpost.com,2,0.794381
19547,washingtonpost.com,2,0.767490
19548,washingtonpost.com,2,0.875051
19549,washingtonpost.com,2,0.817674
19552,washingtonpost.com,2,0.796386
19553,washingtonpost.com,2,0.779210
19555,washingtonpost.com,2,0.848627
19560,washingtonpost.com,2,0.713268
19561,washingtonpost.com,2,0.721404
19563,washingtonpost.com,2,0.843203
19564,washingtonpost.com,2,0.847426
19568,washingtonpost.com,2,0.857505
19569,washingtonpost.com,2,0.826225
19570,washingtonpost.com,2,0.724897
19571,washingtonpost.com,2,0.746631
19573,washingtonpost.com,2,0.801066
19575,washingtonpost.com,2,0.790071
19580,washingtonpost.com,2,0.764402
19581,washingtonpost.com,2,0.831832
19582,washingtonpost.com,2,0.841139
19583,washingtonpost.com,2,0.782030
19584,washingtonpost.com,2,0.782030
19585,washingtonpost.com,2,0.815771
19586,washingtonpost.com,2,0.841505
19587,washingtonpost.com,2,0.841505
19590,washingtonpost.com,2,0.831570
19596,washingtonpost.com,2,0.771259
19598,washingtonpost.com,2,0.768980
19599,washingtonpost.com,2,0.768980
19601,washingtonpost.com,2,0.866345
19602,washingtonpost.com,2,0.837193
19606,washingtonpost.com,2,0.866136
19607,washingtonpost.com,2,0.866136
19610,washingtonpost.com,2,0.837588
19611,washingtonpost.com,2,0.837588
19614,washingtonpost.com,2,0.807091
19615,washingtonpost.com,2,0.807091
19620,washingtonpost.com,2,0.857273
19621,washingtonpost.com,2,0.815361
19622,washingtonpost.com,2,0.815361
19623,washingtonpost.com,2,0.787463
19624,washingtonpost.com,2,0.787463
19628,washingtonpost.com,2,0.729069
19629,washingtonpost.com,2,0.729069
19631,washingtonpost.com,2,0.877467
19633,washingtonpost.com,2,0.807700
19637,washingtonpost.com,2,0.808487
19639,washingtonpost.com,2,0.839510
19642,washingtonpost.com,2,0.871695
19643,washingtonpost.com,2,0.814024
19644,washingtonpost.com,2,0.775324
19645,washingtonpost.com,2,0.866833
19646,washingtonpost.com,2,0.857829
19647,washingtonpost.com,2,0.753358
19696,washingtonpost.com,2,0.694146
19697,washingtonpost.com,2,0.769559
19698,washingtonpost.com,2,0.710726
19701,washingtonpost.com,2,0.863749
19702,washingtonpost.com,2,0.823279
19703,washingtonpost.com,2,0.823279
19705,washingtonpost.com,2,0.853307
19706,washingtonpost.com,2,0.797143
19708,washingtonpost.com,2,0.796475
19711,washingtonpost.com,2,0.871447
19712,washingtonpost.com,2,0.811241
19717,washingtonpost.com,2,0.816185
19718,washingtonpost.com,2,0.806874
19722,washingtonpost.com,2,0.791140
19724,washingtonpost.com,2,0.839475
19725,washingtonpost.com,2,0.916405
19726,washingtonpost.com,2,0.778733
19728,washingtonpost.com,2,0.777445
19729,washingtonpost.com,2,0.835961
19730,washingtonpost.com,2,0.804355
19731,washingtonpost.com,2,0.827888
19732,washingtonpost.com,2,0.900581
19733,washingtonpost.com,2,0.772339
19734,washingtonpost.com,2,0.840146
19735,washingtonpost.com,2,0.765332
19736,washingtonpost.com,2,0.804948
19737,washingtonpost.com,2,0.826848
19738,washingtonpost.com,2,0.866613
19740,washingtonpost.com,2,0.789111
19743,washingtonpost.com,2,0.831083
19750,washingtonpost.com,2,0.733091
19758,washingtonpost.com,2,0.901042
19759,washingtonpost.com,2,0.795846
19760,washingtonpost.com,2,0.816324
19761,washingtonpost.com,2,0.811549
19762,washingtonpost.com,2,0.799014
19765,washingtonpost.com,2,0.776916
19769,washingtonpost.com,2,0.797256
19770,washingtonpost.com,2,0.828473
19771,washingtonpost.com,2,0.845257
19772,washingtonpost.com,2,0.737073
19774,washingtonpost.com,2,0.813653
19778,washingtonpost.com,2,0.812123
19788,washingtonpost.com,2,0.781281
19789,washingtonpost.com,2,0.792967
19790,washingtonpost.com,2,0.792967
19792,washingtonpost.com,2,0.748331
19793,washingtonpost.com,2,0.816503
19794,washingtonpost.com,2,0.816503
19796,washingtonpost.com,2,0.788437
19799,washingtonpost.com,2,0.807612
19805,washingtonpost.com,2,0.796318
19806,washingtonpost.com,2,0.796318
19808,washingtonpost.com,2,0.852082
19811,washingtonpost.com,2,0.790779
19812,washingtonpost.com,2,0.883220
19813,washingtonpost.com,2,0.883220
19814,washingtonpost.com,2,0.799436
19817,washingtonpost.com,2,0.814998
19820,washingtonpost.com,2,0.757136
19821,washingtonpost.com,2,0.757136
19831,washingtonpost.com,2,0.828230
19834,washingtonpost.com,2,0.782024
19835,washingtonpost.com,2,0.812325
19837,washingtonpost.com,2,0.847781
19839,washingtonpost.com,2,0.821326
19840,washingtonpost.com,2,0.821326
19848,washingtonpost.com,2,0.809791
19862,washingtonpost.com,2,0.848233
19863,washingtonpost.com,2,0.785032
19865,washingtonpost.com,2,0.828792
19867,washingtonpost.com,2,0.813278
19874,washingtonpost.com,2,0.867784
19880,washingtonpost.com,2,0.811852
19881,washingtonpost.com,2,0.811852
19884,washingtonpost.com,2,0.740780
19885,washingtonpost.com,2,0.770102
19886,washingtonpost.com,2,0.800150
19888,washingtonpost.com,2,0.780472
19889,washingtonpost.com,2,0.757727
19890,washingtonpost.com,2,0.757727
19891,washingtonpost.com,2,0.768220
19892,washingtonpost.com,2,0.768220
19897,washingtonpost.com,2,0.847193
19901,washingtonpost.com,2,0.838745
19903,washingtontimes.com,2,0.788981
19904,washingtontimes.com,2,0.766092
19905,washingtontimes.com,2,0.806019
19907,washingtontimes.com,2,0.806544
19915,washingtontimes.com,2,0.783597
19919,washingtontimes.com,2,0.782083
19922,washingtontimes.com,2,0.813938
19923,washingtontimes.com,2,0.803646
19926,washingtontimes.com,2,0.818542
19927,washingtontimes.com,2,0.781087
19931,wbal.com,2,0.801432
19932,wbal.com,2,0.828765
19933,wbal.com,2,0.785696
19934,wbal.com,2,0.797152
19935,wbal.com,2,0.815229
19936,wbal.com,2,0.810865
19938,wbal.com,2,0.766528
19940,wbaltv.com,2,0.793428
19941,wbaltv.com,2,0.792192
19942,wbaltv.com,2,0.743838
19943,wbaltv.com,2,0.771749
19944,wbaltv.com,2,0.748092
19945,wbaltv.com,2,0.743179
19946,wbaltv.com,2,0.752303
19947,wbaltv.com,2,0.835361
19948,wbaltv.com,2,0.838018
19949,wbaltv.com,2,0.838018
19950,wbaltv.com,2,0.837425
19951,wbaltv.com,2,0.874465
19953,wbaltv.com,2,0.877874
19957,wbaltv.com,2,0.819241
19958,wbaltv.com,2,0.819241
19959,wbaltv.com,2,0.823114
19961,wbaltv.com,2,0.907526
19962,wbaltv.com,2,0.766948
19964,wbaltv.com,2,0.811600
19965,wbaltv.com,2,0.845780
19968,wbaltv.com,2,0.760168
19972,wbaltv.com,2,0.800245
19973,wbaltv.com,2,0.767247
19975,wbaltv.com,2,0.810795
19976,wbaltv.com,2,0.772418
19977,wbaltv.com,2,0.773991
19978,wbaltv.com,2,0.760587
19982,wbay.com,2,0.822713
19985,wbay.com,2,0.793048
19986,wbay.com,2,0.803997
19987,wbay.com,2,0.779441
19988,wbrc.com,2,0.784353
19989,wbrc.com,2,0.784353
19990,wbrc.com,2,0.822713
19991,wbrc.com,2,0.799766
19992,wbrc.com,2,0.900122
19993,wbrc.com,2,0.801951
19994,wbrc.com,2,0.801951
20002,wbrc.com,2,0.838127
20003,wbrc.com,2,0.851321
20004,wbrc.com,2,0.824971
20005,wbrz.com,2,0.857561
20006,wbrz.com,2,0.834404
20007,wbrz.com,2,0.845809
20008,wbrz.com,2,0.806507
20009,wbrz.com,2,0.825582
20010,wbrz.com,2,0.789927
20011,wbrz.com,2,0.787277
20012,wbrz.com,2,0.787277
20013,wbrz.com,2,0.770053
20016,wbur.org,2,0.775194
20018,wbur.org,2,0.788084
20023,wbur.org,2,0.756079
20028,wbur.org,2,0.779447
20029,wbur.org,2,0.799882
20031,wcax.com,2,0.806533
20033,wcax.com,2,0.900122
20034,wcax.com,2,0.793125
20037,wcax.com,2,0.851001
20038,wcax.com,2,0.851001
20039,wcax.com,2,0.851001
20040,wcax.com,2,0.796469
20046,wcnc.com,2,0.801544
20047,wcnc.com,2,0.769641
20049,wcnc.com,2,0.866801
20053,wcnc.com,2,0.840814
20054,wcnc.com,2,0.820031
20055,wcnc.com,2,0.860890
20056,wcnc.com,2,0.744013
20058,wctv.tv,2,0.822713
20061,wctv.tv,2,0.900122
20062,wctv.tv,2,0.865466
20069,wctv.tv,2,0.828753
20072,wdbj7.com,2,0.822713
20073,wdbj7.com,2,0.819577
20074,wdbj7.com,2,0.848806
20076,wdbj7.com,2,0.834091
20079,wdbj7.com,2,0.823871
20080,wdbj7.com,2,0.820272
20082,wdbj7.com,2,0.796369
20083,wdbj7.com,2,0.796369
20084,wdbj7.com,2,0.824490
20085,wdbj7.com,2,0.809866
20088,wdsu.com,2,0.809653
20090,wdsu.com,2,0.815755
20091,wdsu.com,2,0.767702
20092,wdsu.com,2,0.767702
20093,wdsu.com,2,0.784953
20094,wdsu.com,2,0.784953
20095,wdsu.com,2,0.890301
20096,wdsu.com,2,0.803581
20097,wdsu.com,2,0.819005
20098,wdsu.com,2,0.782432
20099,wdsu.com,2,0.800078
20100,wdsu.com,2,0.782540
20101,wdsu.com,2,0.774624
20102,wdsu.com,2,0.840172
20103,wdsu.com,2,0.823303
20104,wdsu.com,2,0.887242
20106,wdsu.com,2,0.786039
20107,wdsu.com,2,0.772418
20108,wdsu.com,2,0.757727
20109,wdsu.com,2,0.760434
20110,weareiowa.com,2,0.755051
20111,weareiowa.com,2,0.821736
20112,weareiowa.com,2,0.790782
20114,weareiowa.com,2,0.843055
20116,weareiowa.com,2,0.797863
20117,weareiowa.com,2,0.790185
20118,wect.com,2,0.822713
20119,wect.com,2,0.819577
20120,wect.com,2,0.900122
20122,wect.com,2,0.824107
20124,wect.com,2,0.844334
20126,wect.com,2,0.799765
20127,wect.com,2,0.799765
20128,wect.com,2,0.795703
20129,wect.com,2,0.795703
20130,wect.com,2,0.795703
20132,wect.com,2,0.809866
20136,wfaa.com,2,0.783006
20137,wfaa.com,2,0.732782
20141,wfaa.com,2,0.791106
20142,wfmd.com,2,0.788223
20145,wfmd.com,2,0.760147
20146,wfmd.com,2,0.831345
20147,wfmd.com,2,0.804231
20149,wfmd.com,2,0.784707
20151,wgal.com,2,0.840497
20154,wgal.com,2,0.806856
20156,wgal.com,2,0.778689
20158,wgme.com,2,0.788941
20160,wgme.com,2,0.830112
20165,wgme.com,2,0.786119
20167,wgrz.com,2,0.887277
20168,wgrz.com,2,0.810630
20169,wgrz.com,2,0.886441
20170,wgrz.com,2,0.781924
20171,wgrz.com,2,0.779215
20172,wgrz.com,2,0.764593
20173,wgrz.com,2,0.745743
20174,wgrz.com,2,0.793022
20175,wgxa.tv,2,0.761392
20176,wgxa.tv,2,0.825878
20177,wgxa.tv,2,0.823192
20179,wgxa.tv,2,0.813367
20180,wgxa.tv,2,0.813367
20183,wgxa.tv,2,0.813120
20185,whas11.com,2,0.846877
20186,whas11.com,2,0.903991
20187,whas11.com,2,0.867802
20189,whas11.com,2,0.843135
20193,whitehouse.gov,2,0.839614
20196,whitehouse.gov,2,0.763004
20199,whitehouse.gov,2,0.796187
20201,whitehouse.gov,2,0.805889
20202,whitehouse.gov,2,0.718693
20203,whitehouse.gov,2,0.787948
20204,whitehouse.gov,2,0.824092
20205,whitehouse.gov,2,0.791821
20206,whitehouse.gov,2,0.772147
20207,whitehouse.gov,2,0.795607
20208,whitehouse.gov,2,0.825364
20209,whitehouse.gov,2,0.772774
20210,whitehouse.gov,2,0.804254
20211,whitehouse.gov,2,0.720668
20212,whitehouse.gov,2,0.790051
20213,whitehouse.gov,2,0.789765
20214,whitehouse.gov,2,0.825727
20215,whitehouse.gov,2,0.811299
20216,whitehouse.gov,2,0.823450
20217,whitehouse.gov,2,0.819836
20218,whitehouse.gov,2,0.786202
20219,whitehouse.gov,2,0.777671
20220,whitehouse.gov,2,0.832035
20221,whitehouse.gov,2,0.835951
20223,whitehouse.gov,2,0.805256
20224,whitehouse.gov,2,0.794332
20225,whitehouse.gov,2,0.788430
20226,whitehouse.gov,2,0.786702
20227,whitehouse.gov,2,0.845964
20228,whitehouse.gov,2,0.792182
20230,whitehouse.gov,2,0.816041
20231,whitehouse.gov,2,0.762964
20232,whitehouse.gov,2,0.812241
20233,whitehouse.gov,2,0.814951
20234,whitehouse.gov,2,0.783286
20235,whitehouse.gov,2,0.801358
20236,whitehouse.gov,2,0.806073
20237,whitehouse.gov,2,0.792483
20238,whitehouse.gov,2,0.806820
20239,whitehouse.gov,2,0.831446
20240,whitehouse.gov,2,0.856435
20241,whitehouse.gov,2,0.856236
20242,whitehouse.gov,2,0.823264
20243,whitehouse.gov,2,0.836064
20244,whitehouse.gov,2,0.798677
20245,whitehouse.gov,2,0.809406
20246,whitehouse.gov,2,0.781951
20247,whitehouse.gov,2,0.791821
20248,whitehouse.gov,2,0.782264
20249,whitehouse.gov,2,0.824349
20250,whitehouse.gov,2,0.898249
20251,whitehouse.gov,2,0.868569
20252,whitehouse.gov,2,0.909011
20253,whitehouse.gov,2,0.925888
20254,whitehouse.gov,2,0.872226
20255,whitehouse.gov,2,0.882439
20256,whitehouse.gov,2,0.935557
20257,whitehouse.gov,2,0.909979
20258,whitehouse.gov,2,0.914777
20259,whitehouse.gov,2,0.853089
20260,whitehouse.gov,2,0.868519
20261,whitehouse.gov,2,0.814511
20263,whitehouse.gov,2,0.842916
20264,whitehouse.gov,2,0.843508
20265,whitehouse.gov,2,0.820965
20266,whitehouse.gov,2,0.753667
20267,whitehouse.gov,2,0.773755
20268,whitehouse.gov,2,0.860757
20269,whitehouse.gov,2,0.840794
20270,whitehouse.gov,2,0.816653
20271,whitehouse.gov,2,0.852001
20272,whitehouse.gov,2,0.810203
20273,whitehouse.gov,2,0.826356
20274,whitehouse.gov,2,0.853097
20275,wilx.com,2,0.822713
20276,wilx.com,2,0.777641
20277,wilx.com,2,0.785375
20280,wilx.com,2,0.823712
20283,wilx.com,2,0.845661
20286,wired.com,2,0.774550
20287,wired.com,2,0.776612
20288,wired.com,2,0.806958
20290,wired.com,2,0.745653
20292,wired.com,2,0.798808
20293,wired.com,2,0.806241
20294,wisn.com,2,0.775179
20297,wisn.com,2,0.737227
20299,wisn.com,2,0.827228
20309,wispolitics.com,2,0.796397
20319,wispolitics.com,2,0.838809
20320,wispolitics.com,2,0.790105
20321,wistv.com,2,0.858763
20322,wistv.com,2,0.822713
20323,wistv.com,2,0.900122
20324,wistv.com,2,0.816268
20325,wistv.com,2,0.834091
20326,wistv.com,2,0.829777
20327,wistv.com,2,0.829777
20331,wistv.com,2,0.809866
20332,wistv.com,2,0.761394
20333,wistv.com,2,0.803342
20334,wistv.com,2,0.803342
20335,wistv.com,2,0.803342
20336,wistv.com,2,0.803342
20337,wistv.com,2,0.803342
20338,wistv.com,2,0.830974
20339,wistv.com,2,0.849480
20340,wistv.com,2,0.809089
20342,witn.com,2,0.900122
20344,witn.com,2,0.786597
20346,witn.com,2,0.819636
20347,witn.com,2,0.819636
20353,wivb.com,2,0.793097
20354,wivb.com,2,0.838680
20355,wivb.com,2,0.840122
20356,wivb.com,2,0.781679
20357,wivb.com,2,0.782840
20358,wivb.com,2,0.797822
20361,wivb.com,2,0.770866
20365,wjcl.com,2,0.737170
20366,wjcl.com,2,0.776189
20367,wjcl.com,2,0.738451
20368,wjcl.com,2,0.838039
20369,wjcl.com,2,0.838039
20370,wjcl.com,2,0.829563
20371,wjcl.com,2,0.816363
20372,wjcl.com,2,0.771681
20375,wjcl.com,2,0.777457
20376,wjcl.com,2,0.836967
20377,wjcl.com,2,0.765068
20378,wjcl.com,2,0.792196
20380,wjcl.com,2,0.760587
20381,wjcl.com,2,0.783570
20383,wjla.com,2,0.766920
20385,wjla.com,2,0.790611
20387,wjla.com,2,0.742438
20390,wjla.com,2,0.748279
20391,wjla.com,2,0.799801
20392,wjla.com,2,0.837534
20393,wjla.com,2,0.793220
20394,wjla.com,2,0.748881
20395,wjla.com,2,0.835221
20396,wjla.com,2,0.814707
20398,wjla.com,2,0.806184
20401,wjla.com,2,0.800551
20402,wjla.com,2,0.805937
20404,wjla.com,2,0.820345
20405,wjla.com,2,0.802511
20406,wjla.com,2,0.782759
20407,wjla.com,2,0.834029
20408,wjtv.com,2,0.844697
20409,wjtv.com,2,0.812096
20415,wjtv.com,2,0.790779
20416,wjtv.com,2,0.779555
20417,wjtv.com,2,0.819716
20418,wjtv.com,2,0.772617
20419,wkow.com,2,0.833802
20421,wkow.com,2,0.790566
20423,wkow.com,2,0.806628
20424,wkow.com,2,0.799670
20425,wkow.com,2,0.765115
20426,wkow.com,2,0.795737
20427,wkow.com,2,0.787926
20428,wkrn.com,2,0.763620
20429,wkrn.com,2,0.831302
20430,wkrn.com,2,0.783882
20432,wkrn.com,2,0.790779
20435,wkrn.com,2,0.808195
20436,wkyc.com,2,0.756564
20437,wkyc.com,2,0.858939
20440,wkyc.com,2,0.769037
20442,wkyc.com,2,0.758567
20444,wkyc.com,2,0.753685
20446,wkyt.com,2,0.904519
20447,wkyt.com,2,0.850337
20448,wkyt.com,2,0.850337
20449,wkyt.com,2,0.897535
20450,wkyt.com,2,0.883697
20451,wkyt.com,2,0.898900
20452,wkyt.com,2,0.930948
20462,wlox.com,2,0.835249
20463,wlox.com,2,0.822713
20464,wlox.com,2,0.900122
20465,wlox.com,2,0.777641
20466,wlox.com,2,0.789126
20469,wlox.com,2,0.839568
20477,wlrn.org,2,0.855970
20478,wlrn.org,2,0.775259
20479,wlrn.org,2,0.853098
20480,wlrn.org,2,0.762294
20483,wlrn.org,2,0.794666
20484,wlwt.com,2,0.759054
20485,wlwt.com,2,0.794023
20486,wlwt.com,2,0.791108
20487,wlwt.com,2,0.907526
20488,wlwt.com,2,0.753482
20489,wlwt.com,2,0.865711
20490,wlwt.com,2,0.865711
20491,wlwt.com,2,0.878960
20492,wlwt.com,2,0.818111
20493,wlwt.com,2,0.818111
20494,wlwt.com,2,0.788064
20495,wlwt.com,2,0.780342
20498,wlwt.com,2,0.900117
20499,wlwt.com,2,0.761348
20500,wlwt.com,2,0.801337
20502,wlwt.com,2,0.794477
20503,wmtw.com,2,0.800042
20504,wmtw.com,2,0.837151
20505,wmtw.com,2,0.845267
20506,wmtw.com,2,0.790197
20507,wmtw.com,2,0.812079
20509,wmtw.com,2,0.772418
20511,wmur.com,2,0.818599
20513,wmur.com,2,0.804626
20521,wmur.com,2,0.832306
20525,wmur.com,2,0.796095
20529,wowt.com,2,0.899707
20530,wowt.com,2,0.899707
20531,wowt.com,2,0.799451
20532,wowt.com,2,0.788909
20533,wowt.com,2,0.788909
20535,wowt.com,2,0.900122
20537,wowt.com,2,0.799659
20538,wowt.com,2,0.799659
20540,wowt.com,2,0.792192
20543,wowt.com,2,0.828753
20544,wowt.com,2,0.809866
20549,wpr.org,2,0.808039
20550,wpr.org,2,0.758783
20552,wpr.org,2,0.797694
20553,wpr.org,2,0.819307
20554,wpr.org,2,0.781801
20557,wpr.org,2,0.817780
20560,wral.com,2,0.796018
20563,wral.com,2,0.857505
20564,wral.com,2,0.835962
20565,wral.com,2,0.790686
20568,wral.com,2,0.747547
20577,wral.com,2,0.787695
20582,wral.com,2,0.822670
20584,wral.com,2,0.784977
20587,wral.com,2,0.793415
20591,wral.com,2,0.802710
20594,wral.com,2,0.790779
20595,wral.com,2,0.779555
20596,wral.com,2,0.828230
20597,wral.com,2,0.782024
20599,wral.com,2,0.822284
20600,wral.com,2,0.794814
20601,wral.com,2,0.830665
20602,wral.com,2,0.767816
20605,wrdw.com,2,0.836793
20606,wrdw.com,2,0.822713
20612,wrdw.com,2,0.826818
20613,wrdw.com,2,0.802664
20614,wrdw.com,2,0.802664
20615,wrdw.com,2,0.808232
20619,wrdw.com,2,0.809866
20620,wrdw.com,2,0.809866
20621,wrdw.com,2,0.758168
20626,wric.com,2,0.856328
20629,wric.com,2,0.789554
20632,wsaw.com,2,0.846367
20633,wsaw.com,2,0.822713
20634,wsaw.com,2,0.900122
20640,wsaw.com,2,0.831060
20641,wsaw.com,2,0.800855
20644,wsbtv.com,2,0.757576
20645,wsbtv.com,2,0.834914
20646,wsbtv.com,2,0.774217
20647,wsbtv.com,2,0.764287
20648,wsbtv.com,2,0.764287
20650,wsbtv.com,2,0.830269
20651,wsbtv.com,2,0.801214
20653,wsfa.com,2,0.789831
20654,wsfa.com,2,0.817466
20655,wsfa.com,2,0.806342
20656,wsfa.com,2,0.792324
20657,wsfa.com,2,0.790017
20658,wsfa.com,2,0.845965
20659,wsfa.com,2,0.822713
20660,wsfa.com,2,0.900122
20661,wsfa.com,2,0.865466
20662,wsfa.com,2,0.834091
20663,wsfa.com,2,0.794132
20664,wsfa.com,2,0.835960
20665,wsfa.com,2,0.835960
20668,wsfa.com,2,0.828753
20670,wsfa.com,2,0.796736
20671,wsfa.com,2,0.796736
20672,wsj.com,2,0.832297
20678,wsj.com,2,0.734292
20680,wsj.com,2,0.725419
20681,wsj.com,2,0.816691
20685,wsj.com,2,0.840365
20689,wsj.com,2,0.759690
20690,wsj.com,2,0.848840
20694,wsj.com,2,0.796023
20696,wsj.com,2,0.807347
20697,wsj.com,2,0.773371
20700,wsj.com,2,0.869864
20701,wsj.com,2,0.744306
20702,wsj.com,2,0.813267
20703,wsj.com,2,0.816166
20706,wsj.com,2,0.824364
20708,wsj.com,2,0.812086
20711,wsj.com,2,0.830081
20712,wsj.com,2,0.803506
20713,wsj.com,2,0.823606
20714,wsj.com,2,0.821270
20716,wsj.com,2,0.773109
20718,wsj.com,2,0.850594
20719,wsj.com,2,0.843618
20721,wsj.com,2,0.731502
20723,wsj.com,2,0.769945
20724,wsj.com,2,0.797297
20725,wsj.com,2,0.800198
20727,wsj.com,2,0.868299
20732,wsj.com,2,0.860508
20733,wsj.com,2,0.849618
20735,wsj.com,2,0.821645
20736,wsj.com,2,0.744839
20737,wsj.com,2,0.815047
20739,wsj.com,2,0.834609
20740,wsj.com,2,0.796792
20743,wsj.com,2,0.807389
20744,wsj.com,2,0.807408
20745,wsj.com,2,0.771873
20747,wsj.com,2,0.805626
20748,wsj.com,2,0.810714
20750,wsj.com,2,0.794017
20752,wsj.com,2,0.847636
20753,wsj.com,2,0.852486
20755,wsj.com,2,0.864954
20758,wsj.com,2,0.832357
20759,wsj.com,2,0.823958
20762,wsj.com,2,0.728754
20763,wsj.com,2,0.798683
20764,wsj.com,2,0.834094
20765,wsj.com,2,0.853878
20766,wsj.com,2,0.794374
20767,wsj.com,2,0.859092
20768,wsj.com,2,0.860791
20769,wsj.com,2,0.758722
20770,wsj.com,2,0.763197
20771,wsj.com,2,0.830501
20772,wsj.com,2,0.825091
20774,wsj.com,2,0.879802
20776,wsj.com,2,0.799825
20777,wsj.com,2,0.795883
20778,wsj.com,2,0.781636
20779,wsj.com,2,0.855789
20780,wsj.com,2,0.748724
20781,wsj.com,2,0.793832
20783,wsj.com,2,0.678423
20788,wsj.com,2,0.779307
20790,wsj.com,2,0.722354
20794,wsj.com,2,0.818163
20795,wsj.com,2,0.726532
20796,wsj.com,2,0.747770
20797,wsj.com,2,0.764451
20798,wsj.com,2,0.753605
20799,wsj.com,2,0.799097
20800,wsj.com,2,0.746597
20803,wsj.com,2,0.742264
20806,wsj.com,2,0.779069
20807,wsj.com,2,0.783795
20808,wsj.com,2,0.824217
20809,wsj.com,2,0.838101
20811,wsj.com,2,0.729276
20812,wsj.com,2,0.777225
20813,wsj.com,2,0.788228
20814,wsj.com,2,0.775504
20815,wsj.com,2,0.783667
20816,wsj.com,2,0.885769
20817,wsj.com,2,0.885769
20818,wsj.com,2,0.799246
20819,wsj.com,2,0.796598
20820,wsj.com,2,0.797547
20822,wsj.com,2,0.777331
20823,wsj.com,2,0.767877
20824,wsj.com,2,0.767877
20825,wsj.com,2,0.819193
20827,wsj.com,2,0.745523
20830,wsj.com,2,0.800995
20831,wsj.com,2,0.785218
20832,wsj.com,2,0.760962
20833,wsj.com,2,0.782414
20835,wsj.com,2,0.794586
20837,wsj.com,2,0.799823
20838,wsj.com,2,0.810613
20839,wsj.com,2,0.799662
20840,wsj.com,2,0.824011
20841,wsj.com,2,0.901484
20845,wsj.com,2,0.819716
20846,wsj.com,2,0.720612
20850,wsj.com,2,0.782904
20852,wsj.com,2,0.825656
20855,wsj.com,2,0.757761
20856,wsj.com,2,0.750700
20858,wsj.com,2,0.727635
20859,wsj.com,2,0.723661
20862,wsj.com,2,0.699319
20864,wsj.com,2,0.785564
20869,wsj.com,2,0.808356
20870,wsj.com,2,0.788817
20874,wsj.com,2,0.810343
20875,wsj.com,2,0.801108
20876,wsj.com,2,0.801108
20877,wsj.com,2,0.777951
20878,wsj.com,2,0.789206
20879,wsj.com,2,0.791804
20881,wsj.com,2,0.827877
20885,wsj.com,2,0.811508
20886,wsj.com,2,0.818304
20891,wsj.com,2,0.797384
20893,wsj.com,2,0.818327
20894,wsj.com,2,0.764782
20896,wsj.com,2,0.877287
20901,wsj.com,2,0.790770
20902,wsj.com,2,0.802352
20903,wsj.com,2,0.767797
20904,wsj.com,2,0.860031
20908,wsj.com,2,0.820074
20910,wsj.com,2,0.723487
20915,wsj.com,2,0.773070
20917,wsj.com,2,0.743424
20918,wsj.com,2,0.734859
20920,wsls.com,2,0.807065
20921,wsls.com,2,0.852717
20922,wsls.com,2,0.856382
20923,wsls.com,2,0.803990
20926,wsls.com,2,0.790779
20927,wsls.com,2,0.776090
20928,wsls.com,2,0.779555
20930,wsls.com,2,0.828266
20934,wsmv.com,2,0.822713
20935,wsmv.com,2,0.900122
20937,wsmv.com,2,0.834091
20939,wsmv.com,2,0.781844
20942,wsmv.com,2,0.804625
20943,wsmv.com,2,0.809866
20944,wspa.com,2,0.767095
20946,wspa.com,2,0.782036
20948,wspa.com,2,0.790963
20951,wspa.com,2,0.754286
20952,wtoc.com,2,0.765707
20953,wtoc.com,2,0.750888
20954,wtoc.com,2,0.824835
20955,wtoc.com,2,0.824835
20956,wtoc.com,2,0.806598
20957,wtoc.com,2,0.806598
20958,wtoc.com,2,0.806598
20959,wtoc.com,2,0.822713
20960,wtoc.com,2,0.836527
20961,wtoc.com,2,0.811744
20962,wtoc.com,2,0.811744
20963,wtoc.com,2,0.819577
20964,wtoc.com,2,0.900122
20965,wtoc.com,2,0.812550
20966,wtoc.com,2,0.812550
20967,wtoc.com,2,0.812550
20968,wtoc.com,2,0.847873
20970,wtoc.com,2,0.847866
20971,wtoc.com,2,0.847866
20972,wtoc.com,2,0.827558
20973,wtoc.com,2,0.787787
20976,wtoc.com,2,0.815108
20977,wtoc.com,2,0.815108
20979,wtop.com,2,0.792734
20984,wtop.com,2,0.729742
20985,wtop.com,2,0.810175
20986,wtop.com,2,0.812503
20989,wtop.com,2,0.770880
20991,wtop.com,2,0.787475
20992,wtop.com,2,0.770425
20993,wtop.com,2,0.779283
20994,wtop.com,2,0.838175
20996,wtop.com,2,0.773624
20999,wtop.com,2,0.796422
21000,wtop.com,2,0.761219
21001,wtop.com,2,0.760156
21002,wtop.com,2,0.789796
21003,wtop.com,2,0.807498
21004,wtop.com,2,0.811148
21005,wtop.com,2,0.842848
21008,wtop.com,2,0.789887
21009,wtop.com,2,0.812974
21012,wtop.com,2,0.772617
21013,wtvbam.com,2,0.846610
21014,wtvbam.com,2,0.841943
21015,wtvbam.com,2,0.820360
21016,wtvbam.com,2,0.769432
21017,wtvbam.com,2,0.804518
21018,wtvbam.com,2,0.804518
21019,wtvbam.com,2,0.795448
21020,wtvbam.com,2,0.822302
21021,wtvbam.com,2,0.833258
21022,wtvbam.com,2,0.744204
21025,wtvbam.com,2,0.806837
21032,wunc.org,2,0.788346
21033,wunc.org,2,0.827178
21034,wusa9.com,2,0.735653
21035,wusa9.com,2,0.754288
21036,wusa9.com,2,0.780375
21037,wusa9.com,2,0.786426
21040,wusa9.com,2,0.768005
21041,wusa9.com,2,0.820120
21044,wusa9.com,2,0.805546
21045,wusa9.com,2,0.768241
21047,wusa9.com,2,0.811573
21049,wusa9.com,2,0.765713
21050,wusa9.com,2,0.797450
21052,wusa9.com,2,0.791726
21053,wusa9.com,2,0.770228
21054,wusa9.com,2,0.785318
21055,wusa9.com,2,0.801521
21056,wusa9.com,2,0.818477
21057,wusa9.com,2,0.767858
21058,wusa9.com,2,0.741433
21059,wusa9.com,2,0.773365
21060,wusa9.com,2,0.795000
21061,wusa9.com,2,0.779524
21064,wusa9.com,2,0.745743
21067,wusa9.com,2,0.762515
21068,wusa9.com,2,0.749022
21069,wusa9.com,2,0.785548
21071,wusa9.com,2,0.780904
21075,wvnews.com,2,0.902178
21076,wvnews.com,2,0.898162
21077,wvnews.com,2,0.898162
21078,wvnews.com,2,0.898162
21082,wvnews.com,2,0.824357
21083,wvnews.com,2,0.786188
21087,wvnews.com,2,0.727047
21088,wvnews.com,2,0.727047
21089,wvnews.com,2,0.727047
21092,wwltv.com,2,0.810175
21093,wwltv.com,2,0.756564
21094,wwltv.com,2,0.817599
21095,wwltv.com,2,0.825116
21096,wwltv.com,2,0.795763
21097,wwltv.com,2,0.823958
21098,wwltv.com,2,0.769037
21099,wwltv.com,2,0.822808
21100,wwltv.com,2,0.848604
21101,wwltv.com,2,0.778421
21102,wwltv.com,2,0.803062
21103,wwltv.com,2,0.740881
21104,wwltv.com,2,0.793364
21105,wwltv.com,2,0.777950
21106,wwltv.com,2,0.771443
21107,wwltv.com,2,0.765876
21108,wwltv.com,2,0.798494
21109,wwltv.com,2,0.833940
21110,wwltv.com,2,0.822520
21111,wwltv.com,2,0.789510
21112,wwltv.com,2,0.776285
21113,wwltv.com,2,0.835121
21114,wwltv.com,2,0.835121
21115,wwltv.com,2,0.795560
21116,wwltv.com,2,0.828814
21117,wwltv.com,2,0.834724
21118,wwltv.com,2,0.817538
21119,wwltv.com,2,0.812577
21120,wwltv.com,2,0.812577
21121,wwltv.com,2,0.810181
21123,wwltv.com,2,0.810732
21124,wwltv.com,2,0.801934
21125,wwltv.com,2,0.772300
21126,wwltv.com,2,0.825766
21129,wwnytv.com,2,0.900122
21131,wwnytv.com,2,0.824668
21137,wyff4.com,2,0.786802
21138,wyff4.com,2,0.782822
21139,wyff4.com,2,0.766988
21140,wyff4.com,2,0.765068
21141,wyff4.com,2,0.715593
21142,wyff4.com,2,0.820930
21144,wyff4.com,2,0.781032
21145,wyomingnews.com,2,0.840483
21154,wyomingnews.com,2,0.837723
21159,yahoo.com,2,0.764954
21161,yahoo.com,2,0.763919
21163,yahoo.com,2,0.765014
21165,yahoo.com,2,0.858181
21166,yahoo.com,2,0.853437
21167,yahoo.com,2,0.851923
21170,yahoo.com,2,0.818677
21171,yahoo.com,2,0.798967
21173,yahoo.com,2,0.802388
21174,yahoo.com,2,0.886455
21181,yahoo.com,2,0.790386
21184,yahoo.com,2,0.760743
21186,yahoo.com,2,0.846736
21187,yahoo.com,2,0.839794
21188,yahoo.com,2,0.839794
21189,yahoo.com,2,0.816224
21190,yahoo.com,2,0.787095
21191,yahoo.com,2,0.809138
21193,yahoo.com,2,0.827168
21194,yahoo.com,2,0.800870
21195,yahoo.com,2,0.805134
21196,yahoo.com,2,0.761877
21197,yahoo.com,2,0.848101
21201,yahoo.com,2,0.821267
21203,yahoo.com,2,0.804460
21204,yahoo.com,2,0.804460
21209,yahoo.com,2,0.844207
21212,yahoo.com,2,0.791891
21213,yahoo.com,2,0.800636
21214,yahoo.com,2,0.800636
21215,yahoo.com,2,0.788336
21216,yahoo.com,2,0.792573
21217,yahoo.com,2,0.792573
21219,yahoo.com,2,0.822004
21220,yahoo.com,2,0.805030
21223,yahoo.com,2,0.794397
21228,yahoo.com,2,0.817400
21229,yahoo.com,2,0.803985
21231,yahoo.com,2,0.789066
21232,yahoo.com,2,0.773905
21236,yahoo.com,2,0.874593
21237,yahoo.com,2,0.854164
21240,yahoo.com,2,0.887998
21241,yahoo.com,2,0.854271
21242,yahoo.com,2,0.818468
21246,yahoo.com,2,0.769432
21249,yahoo.com,2,0.787382
21252,yahoo.com,2,0.831745
21255,yahoo.com,2,0.840683
21256,yahoo.com,2,0.757545
21259,yahoo.com,2,0.795210
21260,yahoo.com,2,0.867956
21262,yahoo.com,2,0.724516
21263,yahoo.com,2,0.832977
21266,yahoo.com,2,0.850991
21271,yahoo.com,2,0.804124
21272,yahoo.com,2,0.840757
21277,yahoo.com,2,0.772378
21278,yahoo.com,2,0.858274
21279,yahoo.com,2,0.864424
21280,yahoo.com,2,0.739430
21281,yahoo.com,2,0.897355
21283,yahoo.com,2,0.836309
21284,yahoo.com,2,0.908608
21285,yahoo.com,2,0.870940
21288,yahoo.com,2,0.814836
21292,yahoo.com,2,0.823183
21297,yahoo.com,2,0.723354
21300,yahoo.com,2,0.816944
21303,yahoo.com,2,0.804259
21304,yahoo.com,2,0.809031
21305,yahoo.com,2,0.787956
21307,yahoo.com,2,0.820262
21308,yahoo.com,2,0.810052
21318,yahoo.com,2,0.828554
21321,yahoo.com,2,0.713719
21325,yahoo.com,2,0.812278
21326,yahoo.com,2,0.795492
21327,yahoo.com,2,0.781931
21328,yahoo.com,2,0.822772
21330,yahoo.com,2,0.820464
21332,yahoo.com,2,0.828987
21334,yahoo.com,2,0.791019
21335,yahoo.com,2,0.767738
21336,yahoo.com,2,0.793233
21337,yahoo.com,2,0.809573
21338,yahoo.com,2,0.792875
21340,yahoo.com,2,0.766342
21343,yahoo.com,2,0.779566
21346,yahoo.com,2,0.788553
21348,yahoo.com,2,0.816492
21362,yahoo.com,2,0.798201
21363,yahoo.com,2,0.767428
21364,yahoo.com,2,0.729904
21370,yahoo.com,2,0.727466
21371,yahoo.com,2,0.846877
21372,yahoo.com,2,0.824698
21373,yahoo.com,2,0.814162
21374,yahoo.com,2,0.777172
21376,yahoo.com,2,0.766412
21378,yahoo.com,2,0.815311
21379,yahoo.com,2,0.802744
21383,yahoo.com,2,0.705925
21385,yahoo.com,2,0.777911
21387,yahoo.com,2,0.806920
21390,yahoo.com,2,0.796338
21391,yahoo.com,2,0.780520
21392,yahoo.com,2,0.788806
21394,yahoo.com,2,0.782024
21395,yahoo.com,2,0.799670
21397,yahoo.com,2,0.862009
21398,yahoo.com,2,0.777264
21400,yahoo.com,2,0.794109
21402,yahoo.com,2,0.801284
21403,yahoo.com,2,0.828266
21404,yahoo.com,2,0.823021
21409,yahoo.com,2,0.812494
21411,yahoo.com,2,0.871383
21414,yahoo.com,2,0.801820
21416,yahoo.com,2,0.854676
21418,yahoo.com,2,0.816040
21419,yahoo.com,2,0.826763
21422,yahoo.com,2,0.778109
21424,yahoo.com,2,0.830496
21425,yahoo.com,2,0.833556
21426,yahoo.com,2,0.796669
21427,yahoo.com,2,0.798613
21428,yahoo.com,2,0.750650
21429,yahoo.com,2,0.766188
21431,yahoo.com,2,0.824435
21433,yahoo.com,2,0.746561
21434,yahoo.com,2,0.748395
21435,yahoo.com,2,0.824581
21436,yahoo.com,2,0.775385
21438,yahoo.com,2,0.753317
21440,yahoo.com,2,0.834388
21442,yahoo.com,2,0.836968
21443,yahoo.com,2,0.784505
21445,yahoo.com,2,0.825275
21447,yahoo.com,2,0.808305
21448,yahoo.com,2,0.863244
21450,yahoo.com,2,0.812435
21452,yahoo.com,2,0.825762
21453,yahoo.com,2,0.775525
21456,yahoo.com,2,0.803532
21458,yakimaherald.com,2,0.825205
21460,yakimaherald.com,2,0.808331
21461,yakimaherald.com,2,0.848448
21464,yakimaherald.com,2,0.854999
21465,yakimaherald.com,2,0.810720
21467,ynetnews.com,2,0.782395
21468,ynetnews.com,2,0.801226
21475,ynetnews.com,2,0.773878
21479,yourvalley.net,2,0.833348
21481,yourvalley.net,2,0.817225
21482,yourvalley.net,2,0.817225
21483,yourvalley.net,2,0.817225
21484,yourvalley.net,2,0.810133
21486,yourvalley.net,2,0.807678
21487,yourvalley.net,2,0.820408
21488,yourvalley.net,2,0.811271
5,1011now.com,3,0.366235
1343,azfamily.com,3,0.366235
4461,cleveland19.com,3,0.410024
4465,cleveland19.com,3,0.366235
4466,cleveland19.com,3,0.366235
4467,cleveland19.com,3,0.366235
5493,dispatch.com,3,0.450242
6105,fox10tv.com,3,0.366235
6738,foxnews.com,3,0.442055
7485,hawaiinewsnow.com,3,0.366235
8539,kbtx.com,3,0.366235
8749,kltv.com,3,0.366235
8932,kptv.com,3,0.366235
10447,nbc4i.com,3,0.320011
13168,ohiocapitaljournal.com,3,0.574201
13591,people.com,3,0.404908
18599,thehill.com,3,0.481496
20077,wdbj7.com,3,0.366235
20078,wdbj7.com,3,0.366235
20441,wkyc.com,3,0.400728
20459,wlbt.com,3,0.366235
20539,wowt.com,3,0.366235
20938,wsmv.com,3,0.366235
20969,wtoc.com,3,0.366235
21295,yahoo.com,3,0.377552
6,1011now.com,4,0.237471
112,14news.com,4,0.237471
398,abcnews.com,4,0.482071
444,abcnews.com,4,0.564027
590,actionnews5.com,4,0.237471
806,aljazeera.com,4,0.748746
1042,apnews.com,4,0.482071
1186,atlantanewsfirst.com,4,0.237471
1424,barrons.com,4,0.545616
1598,bbc.com,4,0.768284
3274,breitbart.com,4,0.547817
4143,cbsnews.com,4,0.346674
4144,cbsnews.com,4,0.341180
4145,cbsnews.com,4,0.513565
4146,cbsnews.com,4,0.487027
4690,cnn.com,4,0.476762
4885,courthousenews.com,4,0.733039
5955,firstalert4.com,4,0.237471
6009,forbes.com,4,0.534453
6108,fox10tv.com,4,0.237471
6216,fox5ny.com,4,0.438037
6217,fox5ny.com,4,0.438037
6237,fox5ny.com,4,0.292860
6247,fox5vegas.com,4,0.237471
6291,fox8live.com,4,0.237471
6385,foxcarolina.com,4,0.237471
6643,foxnews.com,4,0.824586
6954,foxnews.com,4,0.308729
7453,gvwire.com,4,0.393884
8251,inquirer.com,4,0.393884
8404,journalgazette.net,4,0.482071
8405,journalgazette.net,4,0.482071
8540,kbtx.com,4,0.237471
8631,kdhnews.com,4,0.482071
8739,klfy.com,4,0.482071
8766,knoe.com,4,0.237471
8836,kolotv.com,4,0.237471
8934,kptv.com,4,0.237471
9020,ksla.com,4,0.237471
9060,kten.com,4,0.476762
9074,kttc.com,4,0.237471
9169,ky3.com,4,0.237471
9624,mezha.net,4,0.694899
9627,mezha.net,4,0.718332
9996,ms.now,4,0.722644
11074,nbcnewyork.com,4,0.395416
11075,nbcnewyork.com,4,0.395416
11367,news.bloomberglaw.com,4,0.674187
11476,news4jax.com,4,0.482071
11570,newser.com,4,0.282058
11632,newsfromthestates.com,4,0.764806
11661,newsnationnow.com,4,0.706227
11716,newsweek.com,4,0.440714
12346,nypost.com,4,0.452224
12867,nytimes.com,4,0.393884
12868,nytimes.com,4,0.393884
13132,ocregister.com,4,0.482071
13470,pbs.org,4,0.376070
13592,people.com,4,0.517485
14556,reuters.com,4,0.457455
14620,reuters.com,4,0.784272
14626,reuters.com,4,0.769975
14632,reuters.com,4,0.474335
14911,scotusblog.com,4,0.705902
14999,scrippsnews.com,4,0.486609
15031,seattletimes.com,4,0.482071
15645,telegraphherald.com,4,0.237471
16429,theguardian.com,4,0.783017
16430,theguardian.com,4,0.267271
18908,timesofisrael.com,4,0.381892
19039,upi.com,4,0.428291
19199,usatoday.com,4,0.477556
19439,wafb.com,4,0.237471
19467,walb.com,4,0.237471
19791,washingtonpost.com,4,0.561602
19984,wbay.com,4,0.237471
19996,wbrc.com,4,0.237471
20044,wcax.com,4,0.237471
20068,wctv.tv,4,0.237471
20086,wdbj7.com,4,0.741354
20087,wdbj7.com,4,0.741354
20131,wect.com,4,0.237471
20328,wistv.com,4,0.237471
20351,witn.com,4,0.237471
20472,wlox.com,4,0.237471
20627,wric.com,4,0.482071
20638,wsaw.com,4,0.237471
20666,wsfa.com,4,0.237471
20834,wsj.com,4,0.488246
20932,wsls.com,4,0.715129
20940,wsmv.com,4,0.237471
20974,wtoc.com,4,0.237471
21132,wwnytv.com,4,0.237471
21345,yahoo.com,4,0.503801
21350,yahoo.com,4,0.308729
21351,yahoo.com,4,0.341180
21352,yahoo.com,4,0.522110
21360,yahoo.com,4,0.539876
11,10tv.com,7,0.000000
46,11alive.com,7,0.000000
69,13newsnow.com,7,0.000000
6145,fox43.com,7,0.000000
8495,kare11.com,7,0.000000
8695,king5.com,7,0.000000
9117,kvue.com,7,0.000000
31,11alive.com,14,0.532017
37,11alive.com,14,0.471083
39,11alive.com,14,0.567718
40,11alive.com,14,0.536752
507,abcnews.go.com,14,0.680159
943,apnews.com,14,0.680159
1183,atlantanewsfirst.com,14,0.599011
1184,atlantanewsfirst.com,14,0.599011
2397,breitbart.com,14,0.635130
3912,cbsnews.com,14,0.612580
3914,cbsnews.com,14,0.603768
3919,cbsnews.com,14,0.556907
3920,cbsnews.com,14,0.582421
3921,cbsnews.com,14,0.524179
5358,democracydocket.com,14,0.587265
6158,fox5atlanta.com,14,0.538270
6159,fox5atlanta.com,14,0.500112
6160,fox5atlanta.com,14,0.496005
7393,georgiarecorder.com,14,0.602682
10608,nbcnews.com,14,0.607303
14857,savannahnow.com,14,0.582158
15748,thecentersquare.com,14,0.588233
18771,timesfreepress.com,14,0.538235
19466,walb.com,14,0.555392
20065,wctv.tv,14,0.599011
20066,wctv.tv,14,0.599011
34,11alive.com,17,0.417371
35,11alive.com,17,0.546071
351,abcnews.com,17,0.515131
433,abcnews.com,17,0.520371
1068,apnews.com,17,0.369066
3882,cbsnews.com,17,0.499670
3883,cbsnews.com,17,0.590833
4628,cnn.com,17,0.570839
5650,edition.cnn.com,17,0.570839
6154,fox5atlanta.com,17,0.521520
7395,georgiarecorder.com,17,0.589699
9942,ms.now,17,0.411667
9943,ms.now,17,0.546075
10025,ms.now,17,0.639718
10582,nbcnews.com,17,0.633845
10583,nbcnews.com,17,0.633845
11590,newsfromthestates.com,17,0.589699
13515,pbs.org,17,0.359538
14853,santafenewmexican.com,17,0.375255
16064,theguardian.com,17,0.507980
20300,wisn.com,17,0.612971
61,11alive.com,21,0.296491
161,9news.com,21,0.296491
215,abc10.com,21,0.296491
4432,citizensvoice.com,21,0.226370
4515,clickorlando.com,21,0.174345
5217,dailynews.com,21,0.226370
5229,dailypress.com,21,0.235510
5423,denverpost.com,21,0.235510
8501,kare11.com,21,0.296491
8703,king5.com,21,0.296491
8979,ksat.com,21,0.174345
9187,lasvegassun.com,21,0.231971
10082,mynorthwest.com,21,0.174345
12254,nvdaily.com,21,0.174345
13135,ocregister.com,21,0.226370
13319,orlandosentinel.com,21,0.226370
14233,presstelegram.com,21,0.226370
18719,thv11.com,21,0.296491
64,13newsnow.com,22,0.423204
65,13newsnow.com,22,0.423204
79,13newsnow.com,22,0.379695
5837,federalnewsnetwork.com,22,0.483106
9308,law360.com,22,0.567521
11113,nbcwashington.com,22,0.377048
19367,virginiamercury.com,22,0.501649
19370,virginiamercury.com,22,0.421090
19371,virginiamercury.com,22,0.418147
89,13wham.com,31,0.371547
90,13wham.com,31,0.371547
1393,baltimoresun.com,31,0.371547
9618,mezha.net,31,0.309869
10890,nbcnews.com,31,0.471535
10891,nbcnews.com,31,0.471535
11424,news10.com,31,0.364322
14628,reuters.com,31,0.233804
14629,reuters.com,31,0.233804
16434,theguardian.com,31,0.254925
18669,thenationaldesk.com,31,0.371547
18695,thewellnews.com,31,0.402138
21420,yahoo.com,31,0.258880
121,19thnews.org,39,0.446345
158,9news.com,39,0.342259
407,abcnews.com,39,0.312491
1057,apnews.com,39,0.384596
1285,axios.com,39,0.535661
4183,cbsnews.com,39,0.201535
4184,cbsnews.com,39,0.337041
5762,espn.com,39,0.359291
6952,foxnews.com,39,0.508307
6953,foxnews.com,39,0.617639
9991,ms.now,39,0.422983
10892,nbcnews.com,39,0.229347
10893,nbcnews.com,39,0.358960
10960,nbcnews.com,39,0.460342
11105,nbcwashington.com,39,0.192894
12121,npr.org,39,0.292856
13506,pbs.org,39,0.321406
13507,pbs.org,39,0.321406
13949,politico.com,39,0.410471
19194,usatoday.com,39,0.499788
19800,washingtonpost.com,39,0.479197
19801,washingtonpost.com,39,0.479197
19971,wbaltv.com,39,0.342259
126,6abc.com,41,0.517415
378,abcnews.com,41,0.453230
379,abcnews.com,41,0.560891
435,abcnews.com,41,0.508222
439,abcnews.com,41,0.493491
531,abcnews.go.com,41,0.616844
546,abcnews.go.com,41,0.560891
1016,apnews.com,41,0.498701
1268,axios.com,41,0.575644
1269,axios.com,41,0.613687
3125,breitbart.com,41,0.565794
3518,c-span.org,41,0.509682
3864,cbsnews.com,41,0.532200
3902,cbsnews.com,41,0.746284
3903,cbsnews.com,41,0.589764
3904,cbsnews.com,41,0.554335
3905,cbsnews.com,41,0.560804
3907,cbsnews.com,41,0.679051
4078,cbsnews.com,41,0.606988
4079,cbsnews.com,41,0.574837
4080,cbsnews.com,41,0.505636
4081,cbsnews.com,41,0.538060
4536,cnbc.com,41,0.476174
4630,cnn.com,41,0.464037
4987,dailycaller.com,41,0.722999
5094,dailycaller.com,41,0.775144
5277,dallasnews.com,41,0.560891
5722,eenews.net,41,0.810478
6002,forbes.com,41,0.626580
6062,fortune.com,41,0.693806
6229,fox5ny.com,41,0.557574
7869,huffpost.com,41,0.794594
8023,huffpost.com,41,0.791769
8282,insidernj.com,41,0.666017
8285,insidernj.com,41,0.651491
8701,king5.com,41,0.563720
9128,kvue.com,41,0.563720
9235,latimes.com,41,0.536465
9429,livenowfox.com,41,0.411164
9490,lufkindailynews.com,41,0.680026
9497,lufkindailynews.com,41,0.560891
9880,motherjones.com,41,0.801255
9884,motherjones.com,41,0.829241
9885,motherjones.com,41,0.829241
10715,nbcnews.com,41,0.462788
10761,nbcnews.com,41,0.635251
10769,nbcnews.com,41,0.565586
10770,nbcnews.com,41,0.565586
10771,nbcnews.com,41,0.471758
10772,nbcnews.com,41,0.471758
11083,nbcphiladelphia.com,41,0.638649
11084,nbcphiladelphia.com,41,0.560891
11098,nbcwashington.com,41,0.479181
11235,newjerseyglobe.com,41,0.701078
11236,newjerseyglobe.com,41,0.644880
11250,newjerseyglobe.com,41,0.743103
11251,newjerseyglobe.com,41,0.641078
11459,news3lv.com,41,0.444970
11818,nj.com,41,0.728548
11819,nj.com,41,0.769998
11884,notus.org,41,0.668625
11899,notus.org,41,0.755133
12078,npr.org,41,0.569393
12079,npr.org,41,0.569393
12272,nymag.com,41,0.704778
12331,nypost.com,41,0.657078
12448,nytimes.com,41,0.832206
12449,nytimes.com,41,0.832206
12566,nytimes.com,41,0.872289
12689,nytimes.com,41,0.787566
12690,nytimes.com,41,0.787566
12807,nytimes.com,41,0.763464
12933,nytimes.com,41,0.493384
12934,nytimes.com,41,0.604790
13062,nytimes.com,41,0.659142
13358,oskaloosa.com,41,0.560891
13375,ottumwacourier.com,41,0.560891
13468,pbs.org,41,0.479828
13469,pbs.org,41,0.720037
13477,pbs.org,41,0.521261
13479,pbs.org,41,0.708330
13556,pbs.org,41,0.515983
13622,pix11.com,41,0.759458
13729,politico.com,41,0.784371
13811,politico.com,41,0.586687
14779,rutlandherald.com,41,0.680026
14990,scrippsnews.com,41,0.525992
15507,springfieldnewssun.com,41,0.563720
17482,thehill.com,41,0.677379
17527,thehill.com,41,0.562941
18659,thenationaldesk.com,41,0.444970
18705,thirteen.org,41,0.521261
18732,time.com,41,0.586780
19516,washingtonexaminer.com,41,0.669813
19574,washingtonpost.com,41,0.616026
19754,washingtonpost.com,41,0.616282
19917,washingtontimes.com,41,0.671415
19937,wbal.com,41,0.440322
20298,wisn.com,41,0.520447
20420,wkow.com,41,0.668587
21238,yahoo.com,41,0.468917
131,6abc.com,42,0.309191
267,abc7.com,42,0.309191
1055,apnews.com,42,0.322015
1056,apnews.com,42,0.305360
4924,cpr.org,42,0.322015
8587,kcra.com,42,0.322015
8924,kplctv.com,42,0.322015
10003,ms.now,42,0.436451
12123,npr.org,42,0.210433
13946,politico.com,42,0.557996
15257,spectrumlocalnews.com,42,0.359871
19970,wbaltv.com,42,0.322015
157,9news.com,48,0.595534
393,abcnews.com,48,0.485793
865,apnews.com,48,0.578966
4138,cbsnews.com,48,0.660508
4139,cbsnews.com,48,0.660508
4689,cnn.com,48,0.548812
4879,courthousenews.com,48,0.725207
4880,courthousenews.com,48,0.725207
5714,eenews.net,48,0.628338
5715,eenews.net,48,0.628338
7115,foxnews.com,48,0.697510
7116,foxnews.com,48,0.697510
8702,king5.com,48,0.595534
9432,livenowfox.com,48,0.530701
9619,mezha.net,48,0.509016
10852,nbcnews.com,48,0.575615
10977,nbcnews.com,48,0.630464
11100,nbcwashington.com,48,0.580303
11699,newstribune.com,48,0.603119
12120,npr.org,48,0.634037
14741,rollcall.com,48,0.603119
15774,thecentersquare.com,48,0.608047
17917,thehill.com,48,0.607352
17918,thehill.com,48,0.607352
17938,thehill.com,48,0.614286
17939,thehill.com,48,0.614286
18106,thehill.com,48,0.653051
18107,thehill.com,48,0.653051
19191,usatoday.com,48,0.586457
20139,wfaa.com,48,0.595534
20422,wkow.com,48,0.548812
170,aa.com.tr,53,0.252043
893,apnews.com,53,0.266989
2032,breitbart.com,53,0.413953
7204,france24.com,53,0.373228
7205,france24.com,53,0.342630
20561,wral.com,53,0.266791
173,aa.com.tr,55,0.283741
763,aljazeera.com,55,0.257532
764,aljazeera.com,55,0.257532
1683,bloomberg.com,55,0.361950
4740,cnn.com,55,0.147882
14532,reuters.com,55,0.094720
178,aa.com.tr,58,0.214644
6097,fox10phoenix.com,58,0.134217
9457,local10.com,58,0.286988
9458,local10.com,58,0.134217
18227,thehill.com,58,0.283440
18228,thehill.com,58,0.268811
19217,usatoday.com,58,0.182245
19828,washingtonpost.com,58,0.252891
19829,washingtonpost.com,58,0.252891
220,abc11.com,80,0.416118
3635,carolinajournal.com,80,0.363081
3674,cbs17.com,80,0.340881
11130,ncnewsline.com,80,0.279174
11674,newsobserver.com,80,0.295899
221,abc11.com,81,0.285677
282,abc7chicago.com,81,0.285677
6131,fox17.com,81,0.268489
6208,fox5dc.com,81,0.209830
8328,jla.com,81,0.268489
9085,ktul.com,81,0.268489
9097,ktvu.com,81,0.209830
260,abc7.com,92,0.273511
1050,apnews.com,92,0.508765
1292,axios.com,92,0.279611
1564,bbc.com,92,0.286525
9999,ms.now,92,0.441405
11102,nbcwashington.com,92,0.432131
14739,rollcall.com,92,0.331292
15917,thedailyrecord.com,92,0.341729
19187,usatoday.com,92,0.466951
20590,wral.com,92,0.508765
264,abc7.com,93,0.222289
301,abc7news.com,93,0.222289
400,abcnews.com,93,0.222289
5377,democracydocket.com,93,0.324419
9243,latimes.com,93,0.211890
10856,nbcnews.com,93,0.164537
10858,nbcnews.com,93,0.081900
10859,nbcnews.com,93,0.081471
10860,nbcnews.com,93,0.081471
11104,nbcwashington.com,93,0.319470
265,abc7.com,94,0.327597
311,abc7ny.com,94,0.327597
1052,apnews.com,94,0.329109
4166,cbsnews.com,94,0.546941
4167,cbsnews.com,94,0.562611
4168,cbsnews.com,94,0.562611
6141,fox23.com,94,0.329109
7566,houstonchronicle.com,94,0.693065
7585,houstonpublicmedia.org,94,0.651173
8252,inquirer.com,94,0.327069
8406,journalgazette.net,94,0.329109
8632,kdhnews.com,94,0.329109
8974,ksat.com,94,0.692472
9132,kvue.com,94,0.616331
9135,kvue.com,94,0.622545
9151,kxan.com,94,0.579224
9153,kxan.com,94,0.647683
9154,kxan.com,94,0.577503
9155,kxan.com,94,0.648105
9294,law.com,94,0.657089
11507,news9.com,94,0.562611
13501,pbs.org,94,0.397437
14937,scotusblog.com,94,0.702433
14959,scotusblog.com,94,0.680762
15646,telegraphherald.com,94,0.328524
15647,telegraphherald.com,94,0.329109
15662,texastribune.org,94,0.692472
15663,texastribune.org,94,0.684436
15666,texastribune.org,94,0.735187
15667,texastribune.org,94,0.672356
16240,theguardian.com,94,0.489176
19512,washingtonexaminer.com,94,0.631666
21355,yahoo.com,94,0.562611
21357,yahoo.com,94,0.329109
285,abc7chicago.com,97,0.253380
360,abcnews.com,97,0.311942
4555,cnbc.com,97,0.359037
12348,nypost.com,97,0.369761
14552,reuters.com,97,0.400972
14947,scotusblog.com,97,0.301946
15916,thedailyrecord.com,97,0.388032
310,abc7ny.com,103,0.603587
556,abcnews.go.com,103,0.523210
1038,apnews.com,103,0.491120
1047,apnews.com,103,0.488962
1395,baltimoresun.com,103,0.699607
4140,cbsnews.com,103,0.618613
4169,cbsnews.com,103,0.669306
4364,centraloregondaily.com,103,0.680306
4394,chicago.suntimes.com,103,0.603246
4563,cnbc.com,103,0.573155
4687,cnn.com,103,0.643248
4941,csmonitor.com,103,0.754276
4942,csmonitor.com,103,0.754276
5512,djournal.com,103,0.671990
5825,ewtnnews.com,103,0.622029
6094,fox10phoenix.com,103,0.502270
8197,independent.co.uk,103,0.491405
8733,klcc.org,103,0.578664
8973,ksat.com,103,0.491405
9433,livenowfox.com,103,0.699249
9472,localnewslive.com,103,0.491405
10000,ms.now,103,0.418871
10002,ms.now,103,0.508041
10873,nbcnews.com,103,0.591884
10874,nbcnews.com,103,0.591884
10880,nbcnews.com,103,0.498859
11624,newsfromthestates.com,103,0.545544
12117,npr.org,103,0.578664
13490,pbs.org,103,0.469450
13937,politico.com,103,0.611317
13944,politico.com,103,0.698994
14839,sandiegouniontribune.com,103,0.491405
15250,spectrumlocalnews.com,103,0.621958
17902,thehill.com,103,0.652909
17903,thehill.com,103,0.652909
17904,thehill.com,103,0.655431
17905,thehill.com,103,0.655431
18937,tpr.org,103,0.578664
19195,usatoday.com,103,0.680306
19200,usatoday.com,103,0.638721
19780,washingtonpost.com,103,0.469450
20592,wral.com,103,0.491405
20628,wric.com,103,0.491405
21353,yahoo.com,103,0.698994
21356,yahoo.com,103,0.491405
322,abcnews.com,110,0.633835
557,abcnews.go.com,110,0.418450
558,abcnews.go.com,110,0.505083
660,al.com,110,0.628388
667,alabamareflector.com,110,0.487032
668,alabamareflector.com,110,0.698057
674,alabamareflector.com,110,0.588430
675,alabamareflector.com,110,0.606052
716,aldailynews.com,110,0.633835
1037,apnews.com,110,0.664043
1041,apnews.com,110,0.587356
1120,arkansasonline.com,110,0.636365
1140,arkansasonline.com,110,0.524022
1594,bbc.com,110,0.511149
3783,cbsnews.com,110,0.528142
4134,cbsnews.com,110,0.596140
4135,cbsnews.com,110,0.596140
4683,cnn.com,110,0.609451
8531,katv.com,110,0.622464
9242,latimes.com,110,0.587356
10849,nbcnews.com,110,0.568480
11261,newrepublic.com,110,0.683364
12133,npr.org,110,0.512876
12134,npr.org,110,0.712676
12844,nytimes.com,110,0.524812
13491,pbs.org,110,0.587356
13941,politico.com,110,0.418450
14896,scotusblog.com,110,0.540349
14897,scotusblog.com,110,0.631826
14906,scotusblog.com,110,0.532344
14907,scotusblog.com,110,0.532373
14952,scotusblog.com,110,0.636644
14957,scotusblog.com,110,0.659758
18717,thv11.com,110,0.575234
19184,usatoday.com,110,0.495567
19777,washingtonpost.com,110,0.685109
19999,wbrc.com,110,0.690123
20000,wbrc.com,110,0.690123
20001,wbrc.com,110,0.727312
20667,wsfa.com,110,0.418450
20669,wsfa.com,110,0.727312
328,abcnews.com,113,0.056760
3614,capitalgazette.com,113,0.056760
4470,clickondetroit.com,113,0.056760
4492,clickorlando.com,113,0.056760
8401,journalgazette.net,113,0.131864
9180,lasvegassun.com,113,0.118807
11542,newsday.com,113,0.056760
11803,nhregister.com,113,0.056760
13304,orlandosentinel.com,113,0.056760
14845,santafenewmexican.com,113,0.056760
15194,smdailyjournal.com,113,0.056760
15578,sun-sentinel.com,113,0.056760
18624,thehour.com,113,0.056760
331,abcnews.com,115,0.139476
899,apnews.com,115,0.139476
900,apnews.com,115,0.217278
1012,apnews.com,115,0.365088
4493,clickorlando.com,115,0.219210
4507,clickorlando.com,115,0.365088
4861,courthousenews.com,115,0.217278
4874,courthousenews.com,115,0.365088
9438,local10.com,115,0.217278
9599,messenger-inquirer.com,115,0.217278
9609,messenger-inquirer.com,115,0.365088
13357,oskaloosa.com,115,0.365088
13374,ottumwacourier.com,115,0.365088
13420,pbs.org,115,0.109463
16703,thehill.com,115,0.217278
17650,thehill.com,115,0.365088
19752,washingtonpost.com,115,0.365088
20562,wral.com,115,0.217278
20624,wric.com,115,0.139476
341,abcnews.com,123,0.321522
745,aljazeera.com,123,0.346835
12524,nytimes.com,123,0.334529
12525,nytimes.com,123,0.334529
14467,reuters.com,123,0.346229
14560,reuters.com,123,0.415346
14563,reuters.com,123,0.532797
19275,usnews.com,123,0.532797
344,abcnews.com,125,0.155282
924,apnews.com,125,0.155282
1330,azfamily.com,125,0.223098
4462,cleveland19.com,125,0.223098
4497,clickorlando.com,125,0.155282
5356,democracydocket.com,125,0.319476
6241,fox5vegas.com,125,0.223098
7479,hawaiinewsnow.com,125,0.223098
8928,kptv.com,125,0.223098
11072,nbcnewyork.com,125,0.243303
19058,uppermichiganssource.com,125,0.223098
19425,wafb.com,125,0.223098
19591,washingtonpost.com,125,0.155282
345,abcnews.com,126,-0.000000
497,abcnews.go.com,126,-0.000000
925,apnews.com,126,-0.000000
1776,bostonglobe.com,126,-0.000000
4473,clickondetroit.com,126,-0.000000
8623,kdhnews.com,126,-0.000000
9034,ktar.com,126,-0.000000
13352,oskaloosa.com,126,-0.000000
15636,telegraphherald.com,126,-0.000000
346,abcnews.com,127,0.164803
4474,clickondetroit.com,127,0.164803
9604,messenger-inquirer.com,127,0.164803
13353,oskaloosa.com,127,0.164803
13370,ottumwacourier.com,127,0.164803
19592,washingtonpost.com,127,0.164803
21224,yahoo.com,127,0.164803
354,abcnews.com,129,-0.000000
510,abcnews.go.com,129,-0.000000
945,apnews.com,129,-0.000000
13441,pbs.org,129,-0.000000
14141,post-gazette.com,129,-0.000000
19266,usnews.com,129,-0.000000
358,abcnews.com,133,0.543330
930,apnews.com,133,0.567526
3776,cbsnews.com,133,0.581627
3777,cbsnews.com,133,0.638664
5609,eciks.org,133,0.622874
6343,foxbusiness.com,133,0.396798
9431,livenowfox.com,133,0.560306
10589,nbcnews.com,133,0.593752
12594,nytimes.com,133,0.446298
13487,pbs.org,133,0.429586
13511,pbs.org,133,0.396886
13932,politico.com,133,0.620930
13933,politico.com,133,0.620930
14415,reason.com,133,0.505489
14610,reuters.com,133,0.497094
17751,thehill.com,133,0.566592
19967,wbaltv.com,133,0.579229
21198,yahoo.com,133,0.508029
366,abcnews.com,135,0.456375
976,apnews.com,135,0.456034
4482,clickondetroit.com,135,0.456375
4956,ctvnews.ca,135,0.462300
9225,latimes.com,135,0.456375
10732,nbcnews.com,135,0.387591
12052,npr.org,135,0.412293
12053,npr.org,135,0.412293
13728,politico.com,135,0.527639
19035,upi.com,135,0.501270
19046,upi.com,135,0.549491
20924,wsls.com,135,0.456375
372,abcnews.com,139,0.136438
991,apnews.com,139,0.248095
5276,dallasnews.com,139,0.136438
7215,france24.com,139,0.276480
18632,thehour.com,139,0.136438
386,abcnews.com,140,0.363294
1027,apnews.com,140,0.363294
1139,arkansasonline.com,140,0.533373
8863,komonews.com,140,0.376557
9689,militarytimes.com,140,0.411337
10739,nbcnews.com,140,0.549285
13914,politico.com,140,0.415969
15244,spectrumlocalnews.com,140,0.366418
17820,thehill.com,140,0.434435
17821,thehill.com,140,0.434435
19763,washingtonpost.com,140,0.502103
19764,washingtonpost.com,140,0.502103
389,abcnews.com,141,0.270640
782,aljazeera.com,141,0.323536
1028,apnews.com,141,0.352963
1029,apnews.com,141,0.234972
1697,bloomberg.com,141,0.382184
2499,breitbart.com,141,0.462248
11555,newsday.com,141,0.270640
17211,thehill.com,141,0.531826
19766,washingtonpost.com,141,0.270640
404,abcnews.com,146,0.657012
794,aljazeera.com,146,0.640185
1036,apnews.com,146,0.600299
1709,bloomberg.com,146,0.585727
4133,cbsnews.com,146,0.538191
4147,cbsnews.com,146,0.575549
4627,cnn.com,146,0.657404
4685,cnn.com,146,0.615950
5659,edition.cnn.com,146,0.615950
5712,eenews.net,146,0.708151
5713,eenews.net,146,0.708151
5938,finance.yahoo.com,146,0.656466
6945,foxnews.com,146,0.549493
6946,foxnews.com,146,0.549493
7992,huffpost.com,146,0.620453
8584,kcra.com,146,0.615950
9270,law.com,146,0.675235
9620,mezha.net,146,0.685426
10004,ms.now,146,0.606615
10863,nbcnews.com,146,0.488679
10864,nbcnews.com,146,0.547632
11363,news.bloomberglaw.com,146,0.706113
11364,news.bloomberglaw.com,146,0.693262
11365,news.bloomberglaw.com,146,0.628689
11368,news.bloomberglaw.com,146,0.585727
11749,newsweek.com,146,0.709065
12847,nytimes.com,146,0.426333
12848,nytimes.com,146,0.498279
12873,nytimes.com,146,0.638289
12874,nytimes.com,146,0.638289
13488,pbs.org,146,0.620453
14562,reuters.com,146,0.658554
14619,reuters.com,146,0.656466
14913,scotusblog.com,146,0.732730
17884,thehill.com,146,0.584879
17885,thehill.com,146,0.584879
19041,upi.com,146,0.544222
19186,usatoday.com,146,0.658612
19207,usatoday.com,146,0.598256
19508,washingtonexaminer.com,146,0.511617
20836,wsj.com,146,0.536297
21354,yahoo.com,146,0.709065
412,abcnews.com,149,0.255608
8589,kcra.com,149,0.512775
9587,mercurynews.com,149,0.267684
18088,thehill.com,149,0.489204
18546,thehill.com,149,0.415016
18547,thehill.com,149,0.415016
18903,timesofisrael.com,149,0.550797
18993,twincities.com,149,0.267684
20501,wlwt.com,149,0.512775
20526,wmur.com,149,0.512775
20911,wsj.com,149,0.442060
418,abcnews.com,153,0.000000
569,abcnews.go.com,153,0.000000
1086,apnews.com,153,0.000000
5281,dallasnews.com,153,0.000000
8635,kdhnews.com,153,0.000000
9252,latimes.com,153,0.000000
11481,news4jax.com,153,0.000000
19838,washingtonpost.com,153,0.000000
20949,wspa.com,153,0.000000
485,abcnews.go.com,172,0.311015
8044,huffpost.com,172,0.299913
8063,huffpost.com,172,0.354186
10922,nbcnews.com,172,0.411318
12976,nytimes.com,172,0.407969
15708,thebanner.com,172,0.316178
19577,washingtonpost.com,172,0.311015
486,abcnews.go.com,173,0.302450
1080,apnews.com,173,0.375284
4420,chicagotribune.com,173,0.375284
13066,nytimes.com,173,0.415863
15687,theatlantic.com,173,0.509988
18992,twincities.com,173,0.375284
19883,washingtonpost.com,173,0.268425
20652,wsbtv.com,173,0.366055
21042,wusa9.com,173,0.512796
490,abcnews.go.com,176,0.063279
915,apnews.com,176,0.060446
9033,ktar.com,176,0.060446
14188,pressdemocrat.com,176,0.060446
14847,santafenewmexican.com,176,0.080171
15224,spectrumlocalnews.com,176,0.257755
20089,wdsu.com,176,0.063279
20512,wmur.com,176,0.063279
491,abcnews.go.com,177,0.098415
1827,bostonherald.com,177,0.098415
4428,citizensvoice.com,177,0.098415
4472,clickondetroit.com,177,0.098415
5224,dailypress.com,177,0.098415
13307,orlandosentinel.com,177,0.098415
18984,twincities.com,177,0.098415
21210,yahoo.com,177,0.098415
521,abcnews.go.com,190,0.376676
3239,breitbart.com,190,0.353469
3825,cbsnews.com,190,0.480708
7937,huffpost.com,190,0.368302
11013,nbcnews.com,190,0.438218
18379,thehill.com,190,0.382194
539,abcnews.go.com,199,0.525969
1134,arkansasonline.com,199,0.595210
10616,nbcnews.com,199,0.389129
10684,nbcnews.com,199,0.556714
11508,newscentermaine.com,199,0.447105
11509,newscentermaine.com,199,0.496025
11517,newscentermaine.com,199,0.563111
11518,newscentermaine.com,199,0.598269
12581,nytimes.com,199,0.404922
13705,politico.com,199,0.426629
14207,pressherald.com,199,0.641242
14209,pressherald.com,199,0.554596
14210,pressherald.com,199,0.554596
15216,spectrumlocalnews.com,199,0.525263
17619,thehill.com,199,0.552282
19017,upi.com,199,0.532684
19699,washingtonpost.com,199,0.582621
21244,yahoo.com,199,0.532684
542,abcnews.go.com,201,0.373736
3063,breitbart.com,201,0.485398
8120,huffpost.com,201,0.434041
16227,theguardian.com,201,0.311991
17307,thehill.com,201,0.337129
559,abcnews.go.com,207,0.006428
1061,apnews.com,207,0.006428
1838,bostonherald.com,207,0.006428
7999,huffpost.com,207,0.006428
8407,journalgazette.net,207,0.006428
13377,ottumwacourier.com,207,0.006428
19804,washingtonpost.com,207,0.006428
572,abcnews.go.com,213,0.291486
2188,breitbart.com,213,0.318029
9785,motherjones.com,213,0.461616
9846,motherjones.com,213,0.450628
12951,nytimes.com,213,0.331216
18258,thehill.com,213,0.289641
577,abcnews.go.com,214,0.013572
1101,apnews.com,214,0.013572
1841,bostonherald.com,214,0.013572
4518,clickorlando.com,214,0.013572
5218,dailynews.com,214,0.013572
8637,kdhnews.com,214,0.013572
11482,news4jax.com,214,0.013572
15040,seattletimes.com,214,0.013572
19286,usnews.com,214,0.013572
589,actionnews5.com,218,0.000000
6384,foxcarolina.com,218,0.000000
8620,kctv5.com,218,0.000000
8933,kptv.com,218,0.000000
9468,localnewslive.com,218,0.000000
9469,localnewslive.com,218,0.000000
19063,uppermichiganssource.com,218,0.000000
19983,wbay.com,218,0.000000
19995,wbrc.com,218,0.000000
20067,wctv.tv,218,0.000000
20470,wlox.com,218,0.000000
20541,wowt.com,218,0.000000
20636,wsaw.com,218,0.000000
591,actionnews5.com,219,0.057366
713,alaskasnewssource.com,219,0.057366
5438,deseret.com,219,0.057366
6248,fox5vegas.com,219,0.057366
6386,foxcarolina.com,219,0.057366
8767,knoe.com,219,0.057366
8935,kptv.com,219,0.057366
9021,ksla.com,219,0.057366
9423,live5news.com,219,0.057366
9473,localnewslive.com,219,0.057366
20081,wdbj7.com,219,0.057366
20329,wistv.com,219,0.057366
20330,wistv.com,219,0.057366
20352,witn.com,219,0.057366
20473,wlox.com,219,0.057366
20542,wowt.com,219,0.057366
20639,wsaw.com,219,0.057366
20941,wsmv.com,219,0.057366
20975,wtoc.com,219,0.057366
597,adn.com,220,0.170073
680,alaskabeacon.com,220,0.364396
690,alaskabeacon.com,220,0.166323
703,alaskapublic.org,220,0.166323
705,alaskasnewssource.com,220,0.304439
11580,newsfromthestates.com,220,0.364396
604,adn.com,221,0.111200
1368,baltimoresun.com,221,0.111200
5537,durangoherald.com,221,0.111200
8964,ksat.com,221,0.111200
9217,latimes.com,221,0.111200
11470,news4jax.com,221,0.111200
11806,nhregister.com,221,0.111200
14835,sandiegouniontribune.com,221,0.111200
15585,sun-sentinel.com,221,0.111200
18628,thehour.com,221,0.111200
18986,twincities.com,221,0.111200
656,al.com,251,0.413254
1039,apnews.com,251,0.276752
1390,baltimoresun.com,251,0.276752
4684,cnn.com,251,0.298419
5321,deadline.com,251,0.393440
12836,nytimes.com,251,0.373161
15030,seattletimes.com,251,0.276752
16209,theguardian.com,251,0.427662
19781,washingtonpost.com,251,0.414595
19782,washingtonpost.com,251,0.276752
20589,wral.com,251,0.276752
729,aljazeera.com,271,0.445997
1642,bloomberg.com,271,0.452882
1676,bloomberg.com,271,0.490302
1690,bloomberg.com,271,0.409573
1947,breitbart.com,271,0.543712
4586,cnbc.com,271,0.544361
4587,cnbc.com,271,0.544361
5980,forbes.com,271,0.478136
8859,komonews.com,271,0.550043
12020,npr.org,271,0.478351
13412,pbs.org,271,0.520718
14121,politico.eu,271,0.518804
18900,timesofisrael.com,271,0.454495
748,aljazeera.com,280,0.299047
7041,foxnews.com,280,0.425236
8075,huffpost.com,280,0.246236
10926,nbcnews.com,280,0.382412
10972,nbcnews.com,280,0.265779
12176,npr.org,280,0.429957
12975,nytimes.com,280,0.391549
16359,theguardian.com,280,0.352293
18194,thehill.com,280,0.528370
20793,wsj.com,280,0.512368
751,aljazeera.com,283,0.321540
2245,breitbart.com,283,0.360457
3972,cbsnews.com,283,0.424380
5077,dailycaller.com,283,0.322183
5411,denverpost.com,283,0.441012
5586,dw.com,283,0.420198
6576,foxnews.com,283,0.494540
7078,foxnews.com,283,0.481627
7208,france24.com,283,0.411443
7729,huffpost.com,283,0.370451
9813,motherjones.com,283,0.690445
10206,nationalreview.com,283,0.469191
10577,nbcnews.com,283,0.274693
10578,nbcnews.com,283,0.274693
10648,nbcnews.com,283,0.331786
12033,npr.org,283,0.335544
12666,nytimes.com,283,0.351100
13431,pbs.org,283,0.441012
14189,pressdemocrat.com,283,0.441012
14577,reuters.com,283,0.362720
16077,theguardian.com,283,0.272327
17251,thehill.com,283,0.390217
19604,washingtonpost.com,283,0.373915
20359,wivb.com,283,0.384256
765,aljazeera.com,287,0.676650
826,aljazeera.com,287,0.683625
961,apnews.com,287,0.602211
4639,cnn.com,287,0.725954
5573,dw.com,287,0.664321
5576,dw.com,287,0.722923
5618,economist.com,287,0.680961
7492,hindustantimes.com,287,0.718746
7494,hindustantimes.com,287,0.634063
7495,hindustantimes.com,287,0.660305
7496,hindustantimes.com,287,0.617140
7508,hindustantimes.com,287,0.588133
7511,hindustantimes.com,287,0.652644
7512,hindustantimes.com,287,0.668487
7517,hindustantimes.com,287,0.662168
7518,hindustantimes.com,287,0.679961
7519,hindustantimes.com,287,0.677948
11165,ndtv.com,287,0.707425
11167,ndtv.com,287,0.648985
11170,ndtv.com,287,0.625522
11171,ndtv.com,287,0.679058
11186,ndtv.com,287,0.692800
11187,ndtv.com,287,0.736375
11194,ndtv.com,287,0.690099
11205,ndtv.com,287,0.708747
11206,ndtv.com,287,0.619896
11207,ndtv.com,287,0.651978
14497,reuters.com,287,0.649660
18600,thehindu.com,287,0.562828
18807,timesofindia.indiatimes.com,287,0.711877
18822,timesofindia.indiatimes.com,287,0.732117
18833,timesofindia.indiatimes.com,287,0.758634
18839,timesofindia.indiatimes.com,287,0.671349
18844,timesofindia.indiatimes.com,287,0.673223
784,aljazeera.com,294,0.370675
1054,apnews.com,294,0.452199
1289,axios.com,294,0.288096
1290,axios.com,294,0.288096
1394,baltimoresun.com,294,0.487037
4172,cbsnews.com,294,0.399272
4173,cbsnews.com,294,0.399272
4564,cnbc.com,294,0.342197
6962,foxnews.com,294,0.414986
9474,localnewslive.com,294,0.276547
12118,npr.org,294,0.247893
12119,npr.org,294,0.247893
13503,pbs.org,294,0.463203
13504,pbs.org,294,0.463203
13505,pbs.org,294,0.452041
15033,seattletimes.com,294,0.452199
15253,spectrumlocalnews.com,294,0.423533
19797,washingtonpost.com,294,0.625426
19798,washingtonpost.com,294,0.625426
797,aljazeera.com,297,0.482397
1595,bbc.com,297,0.545014
5588,dw.com,297,0.523846
5745,english.elpais.com,297,0.446891
7313,ft.com,297,0.629216
7314,ft.com,297,0.629216
7315,ft.com,297,0.512508
8466,jurist.org,297,0.440818
8467,jurist.org,297,0.506337
9142,kvue.com,297,0.384711
14624,reuters.com,297,0.490913
19240,usatoday.com,297,0.555152
807,aljazeera.com,301,0.430635
2711,breitbart.com,301,0.495570
6519,foxnews.com,301,0.475655
6779,foxnews.com,301,0.512027
10156,nationalreview.com,301,0.486317
14465,reuters.com,301,0.441816
16176,theguardian.com,301,0.402822
16177,theguardian.com,301,0.403348
16811,thehill.com,301,0.372987
16812,thehill.com,301,0.372987
873,apnews.com,342,0.573893
2306,breitbart.com,342,0.563297
2445,breitbart.com,342,0.581421
2692,breitbart.com,342,0.587290
3189,breitbart.com,342,0.454190
3214,breitbart.com,342,0.631075
3292,breitbart.com,342,0.507205
3360,breitbart.com,342,0.587455
3779,cbsnews.com,342,0.508857
7008,foxnews.com,342,0.533213
7448,gvwire.com,342,0.505622
12216,npr.org,342,0.586577
18046,thehill.com,342,0.578695
18332,thehill.com,342,0.525795
18423,thehill.com,342,0.597491
19879,washingtonpost.com,342,0.523578
880,apnews.com,346,0.000000
7558,houstonchronicle.com,346,0.000000
8336,journal-news.com,346,0.000000
9031,ktar.com,346,0.000000
10075,mynorthwest.com,346,0.000000
21457,yakimaherald.com,346,0.000000
909,apnews.com,356,-0.000000
5263,dallasnews.com,356,-0.000000
8622,kdhnews.com,356,-0.000000
9208,latimes.com,356,-0.000000
9601,messenger-inquirer.com,356,-0.000000
13368,ottumwacourier.com,356,-0.000000
938,apnews.com,366,0.070188
1195,audacy.com,366,0.070188
8243,inquirer.com,366,0.070188
8494,kare11.com,366,0.070188
9215,latimes.com,366,0.070188
15638,telegraphherald.com,366,0.070188
19263,usnews.com,366,0.070188
19608,washingtonpost.com,366,0.070188
20988,wtop.com,366,0.070188
949,apnews.com,372,0.368660
1779,bostonglobe.com,372,0.211188
3931,cbsnews.com,372,0.544659
3932,cbsnews.com,372,0.326614
3933,cbsnews.com,372,0.331813
4336,cbsnews.com,372,0.436028
4478,clickondetroit.com,372,0.211188
4502,clickorlando.com,372,0.211188
6099,fox10phoenix.com,372,0.485061
7777,huffpost.com,372,0.182595
9437,livenowfox.com,372,0.485061
10617,nbcnews.com,372,0.560195
13572,pbs.org,372,0.252520
15018,seattletimes.com,372,0.211188
17087,thehill.com,372,0.237156
17088,thehill.com,372,0.237156
17089,thehill.com,372,0.237156
21477,ynetnews.com,372,0.498935
957,apnews.com,378,0.162509
1833,bostonherald.com,378,0.162509
7409,gjsentinel.com,378,0.162509
9605,messenger-inquirer.com,378,0.162509
13354,oskaloosa.com,378,0.162509
13372,ottumwacourier.com,378,0.162509
14164,postregister.com,378,0.348234
14165,postregister.com,378,0.348234
14192,pressdemocrat.com,378,0.162509
14697,rockdalenewtoncitizen.com,378,0.348234
14698,rockdalenewtoncitizen.com,378,0.348234
14699,rockdalenewtoncitizen.com,378,0.348234
14701,rockdalenewtoncitizen.com,378,0.155393
14783,rutlandherald.com,378,0.348234
15095,sentinelcolorado.com,378,0.162509
18629,thehour.com,378,0.162509
18753,timesargus.com,378,0.348234
20990,wtop.com,378,0.162509
21081,wvnews.com,378,0.348234
987,apnews.com,386,0.507146
10645,nbcnews.com,386,0.515190
12658,nytimes.com,386,0.581882
13452,pbs.org,386,0.551453
15953,theguardian.com,386,0.466100
17078,thehill.com,386,0.546106
17080,thehill.com,386,0.464516
17081,thehill.com,386,0.526433
17473,thehill.com,386,0.376903
18148,thehill.com,386,0.465713
18169,thehill.com,386,0.548789
996,apnews.com,391,0.501446
997,apnews.com,391,0.316936
4360,centraloregondaily.com,391,0.556804
7440,gpb.org,391,0.620396
9072,kttc.com,391,0.627849
9164,ky3.com,391,0.627849
9465,localnewslive.com,391,0.627849
9495,lufkindailynews.com,391,0.278563
12048,npr.org,391,0.620396
15023,seattletimes.com,391,0.501446
15513,springfieldnewssun.com,391,0.403888
18760,timesargus.com,391,0.403888
19061,uppermichiganssource.com,391,0.627849
19152,usatoday.com,391,0.556804
20064,wctv.tv,391,0.627849
20458,wlbt.com,391,0.627849
20580,wral.com,391,0.501446
21090,wvnews.com,391,0.403888
21130,wwnytv.com,391,0.627849
21293,yahoo.com,391,0.477028
21294,yahoo.com,391,0.362604
1003,apnews.com,393,-0.000000
8403,journalgazette.net,393,-0.000000
8629,kdhnews.com,393,-0.000000
9175,lancasteronline.com,393,-0.000000
9496,lufkindailynews.com,393,-0.000000
13355,oskaloosa.com,393,-0.000000
19749,washingtonpost.com,393,-0.000000
1005,apnews.com,395,0.244354
3935,cbsnews.com,395,0.204439
6661,foxnews.com,395,0.228694
7644,huffpost.com,395,0.457952
17097,thehill.com,395,0.178962
1046,apnews.com,405,0.248178
10871,nbcnews.com,405,0.231892
10872,nbcnews.com,405,0.231892
11103,nbcwashington.com,405,0.238705
15002,scrippsnews.com,405,0.248178
19969,wbaltv.com,405,0.247175
1048,apnews.com,406,0.000000
8585,kcra.com,406,0.000000
13496,pbs.org,406,0.000000
14146,post-gazette.com,406,0.000000
15032,seattletimes.com,406,0.000000
1062,apnews.com,407,0.275516
4178,cbsnews.com,407,0.329932
4179,cbsnews.com,407,0.300581
7960,huffpost.com,407,0.386470
9993,ms.now,407,0.344390
10847,nbcnews.com,407,0.423923
10848,nbcnews.com,407,0.423923
13510,pbs.org,407,0.265655
16235,theguardian.com,407,0.372359
1065,apnews.com,409,0.291513
5630,economist.com,409,0.292304
14062,politico.com,409,0.285660
14565,reuters.com,409,0.290276
14877,scmp.com,409,0.389578
1084,apnews.com,415,0.258370
1574,bbc.com,415,0.528314
4721,cnn.com,415,0.472403
5587,dw.com,415,0.439278
7311,ft.com,415,0.545065
10449,nbc4i.com,415,0.203245
10951,nbcnews.com,415,0.442155
11664,newsnationnow.com,415,0.285086
12163,npr.org,415,0.252374
12164,npr.org,415,0.252374
12173,npr.org,415,0.366672
12174,npr.org,415,0.366672
13522,pbs.org,415,0.437903
15056,semafor.com,415,0.362014
19841,washingtonpost.com,415,0.448875
20527,wmur.com,415,0.328033
1097,apnews.com,419,0.455579
4593,cnn.com,419,0.641819
5908,finance.yahoo.com,419,0.690291
6061,fortune.com,419,0.523985
7914,huffpost.com,419,0.349316
9231,latimes.com,419,0.417265
11483,news8000.com,419,0.641819
12333,nypost.com,419,0.642644
13539,pbs.org,419,0.463673
13865,politico.com,419,0.450408
15104,sfchronicle.com,419,0.547305
17608,thehill.com,419,0.374795
19121,usatoday.com,419,0.453203
19499,washingtonexaminer.com,419,0.428925
19713,washingtonpost.com,419,0.349171
20867,wsj.com,419,0.455046
1103,apnews.com,420,0.406388
2139,breitbart.com,420,0.549653
3138,breitbart.com,420,0.406468
4251,cbsnews.com,420,0.322831
6517,foxnews.com,420,0.523974
7056,foxnews.com,420,0.404316
9690,militarytimes.com,420,0.393830
10382,nationalreview.com,420,0.372218
10970,nbcnews.com,420,0.280627
1151,ashingtonexaminer.com,437,0.397841
6133,fox17.com,437,0.394688
6329,foxbaltimore.com,437,0.394688
6885,foxnews.com,437,0.412226
8332,jla.com,437,0.394688
8520,katv.com,437,0.414029
8845,komonews.com,437,0.414029
9088,ktul.com,437,0.394688
16118,theguardian.com,437,0.521864
16119,theguardian.com,437,0.521864
18975,turnto10.com,437,0.414029
19223,usatoday.com,437,0.459876
1241,axios.com,475,0.415225
1276,axios.com,475,0.453278
12895,nytimes.com,475,0.341965
13444,pbs.org,475,0.336485
15810,thedailybeast.com,475,0.509290
18703,thirteen.org,475,0.418976
19634,washingtonpost.com,475,0.629580
19635,washingtonpost.com,475,0.629580
21275,yahoo.com,475,0.520674
21455,yahoo.com,475,0.472082
1246,axios.com,478,0.444198
1367,baltimoresun.com,478,0.360306
6311,foxbaltimore.com,478,0.358943
9577,mercurynews.com,478,0.453665
13748,politico.com,478,0.518077
17140,thehill.com,478,0.569988
17141,thehill.com,478,0.569988
17148,thehill.com,478,0.436610
17153,thehill.com,478,0.403528
19126,usatoday.com,478,0.464369
19912,washingtontimes.com,478,0.388560
1247,axios.com,479,0.314257
6175,fox5dc.com,479,0.234707
6313,foxbaltimore.com,479,0.258551
8956,krcrtv.com,479,0.258551
20399,wjla.com,479,0.258551
20400,wjla.com,479,0.258551
20998,wtop.com,479,0.230436
1280,axios.com,496,0.581715
1345,azfamily.com,496,0.427781
1346,azfamily.com,496,0.427781
4104,cbsnews.com,496,0.256809
4105,cbsnews.com,496,0.256809
5119,dailycaller.com,496,0.435734
6568,foxnews.com,496,0.679694
9986,ms.now,496,0.285317
10800,nbcnews.com,496,0.239940
10801,nbcnews.com,496,0.239940
11320,news.bgov.com,496,0.486562
11620,newsfromthestates.com,496,0.741397
11629,newsfromthestates.com,496,0.363488
12090,npr.org,496,0.285317
12091,npr.org,496,0.285317
12535,nytimes.com,496,0.527162
13901,politico.com,496,0.497343
13902,politico.com,496,0.497343
14714,rollcall.com,496,0.355973
17759,thehill.com,496,0.338802
17760,thehill.com,496,0.338802
18976,turnto10.com,496,0.649336
19031,upi.com,496,0.308753
1304,axios.com,510,0.228073
1575,bbc.com,510,0.266375
5480,detroitnews.com,510,0.168677
14579,reuters.com,510,0.329773
21388,yahoo.com,510,0.413402
1359,baltimoresun.com,528,0.000000
8842,komonews.com,528,0.000000
8951,krcrtv.com,528,0.000000
18648,thenationaldesk.com,528,0.000000
18649,thenationaldesk.com,528,0.000000
20384,wjla.com,528,0.000000
1363,baltimoresun.com,530,0.072328
6306,foxbaltimore.com,530,0.072328
8846,komonews.com,530,0.072328
9075,ktul.com,530,0.072328
11457,news3lv.com,530,0.072328
18651,thenationaldesk.com,530,0.072328
1371,baltimoresun.com,535,0.000000
3618,capitalgazette.com,535,0.000000
4430,citizensvoice.com,535,0.000000
4481,clickondetroit.com,535,0.000000
5214,dailynews.com,535,0.000000
8967,ksat.com,535,0.000000
9037,ktar.com,535,0.000000
10079,mynorthwest.com,535,0.000000
11471,news4jax.com,535,0.000000
11807,nhregister.com,535,0.000000
12251,nvdaily.com,535,0.000000
13129,ocregister.com,535,0.000000
13609,pilotonline.com,535,0.000000
14195,pressdemocrat.com,535,0.000000
14230,presstelegram.com,535,0.000000
15587,sun-sentinel.com,535,0.000000
18631,thehour.com,535,0.000000
18765,timescall.com,535,0.000000
18988,twincities.com,535,0.000000
19006,union-bulletin.com,535,0.000000
21270,yahoo.com,535,0.000000
1389,baltimoresun.com,543,0.257527
6322,foxbaltimore.com,543,0.125775
6358,foxbusiness.com,543,0.254500
8512,katu.com,543,0.125775
8862,komonews.com,543,0.125775
18667,thenationaldesk.com,543,0.125775
1391,baltimoresun.com,544,0.263934
4136,cbsnews.com,544,0.335724
4186,cbsnews.com,544,0.410068
15924,thedailyrecord.com,544,0.470170
17932,thehill.com,544,0.262693
17933,thehill.com,544,0.262693
18668,thenationaldesk.com,544,0.308866
19038,upi.com,544,0.523403
19208,usatoday.com,544,0.387508
19209,usatoday.com,544,0.601441
19507,washingtonexaminer.com,544,0.312743
21349,yahoo.com,544,0.523403
1432,bbc.co.uk,559,0.332952
1436,bbc.co.uk,559,0.469462
1492,bbc.com,559,0.332952
1610,bbc.com,559,0.469462
2239,breitbart.com,559,0.421382
5192,dailykos.com,559,0.451577
14486,reuters.com,559,0.285157
1456,bbc.com,572,0.454927
1992,breitbart.com,572,0.350471
4600,cnn.com,572,0.454742
5644,edition.cnn.com,572,0.454742
7600,huffpost.com,572,0.518726
8560,kcra.com,572,0.454742
8984,ksby.com,572,0.535753
14438,reuters.com,572,0.454637
14982,scrippsnews.com,572,0.535753
15991,theguardian.com,572,0.370528
19094,usatoday.com,572,0.474907
19352,variety.com,572,0.329431
1576,bbc.com,644,0.445770
1840,bostonherald.com,644,0.431043
4570,cnbc.com,644,0.334141
4717,cnn.com,644,0.433689
12162,npr.org,644,0.388348
14025,politico.com,644,0.305476
14583,reuters.com,644,0.264884
16277,theguardian.com,644,0.414582
19823,washingtonpost.com,644,0.343487
19824,washingtonpost.com,644,0.343487
19974,wbaltv.com,644,0.512513
21143,wyff4.com,644,0.512513
1669,bloomberg.com,680,0.301548
3460,broadbandbreakfast.com,680,0.346512
9302,law360.com,680,0.244832
11304,news.bgov.com,680,0.305951
11319,news.bgov.com,680,0.261890
14726,rollcall.com,680,0.322932
1712,bloomberg.com,697,0.415086
3656,cato.org,697,0.437103
5138,dailycaller.com,697,0.222609
8313,jdsupra.com,697,0.286834
12855,nytimes.com,697,0.297633
15792,theconversation.com,697,0.376736
1773,bostonglobe.com,730,0.425726
15571,statnews.com,730,0.425726
15572,statnews.com,730,0.458730
15604,syracuse.com,730,0.435842
18532,thehill.com,730,0.200218
18533,thehill.com,730,0.202382
18534,thehill.com,730,0.202382
21437,yahoo.com,730,0.364840
1825,bostonherald.com,756,0.239613
3615,capitalgazette.com,756,0.239613
4743,cnn.com,756,0.239613
5221,dailypress.com,756,0.239613
13121,ocregister.com,756,0.239613
19083,us.cnn.com,756,0.239613
1860,breitbart.com,774,0.501814
5131,dailycaller.com,774,0.627970
7935,huffpost.com,774,0.393392
8196,independent.co.uk,774,0.488620
10899,nbcnews.com,774,0.554491
12510,nytimes.com,774,0.525500
17098,thehill.com,774,0.351649
17099,thehill.com,774,0.356483
17822,thehill.com,774,0.500280
19161,usatoday.com,774,0.362978
2155,breitbart.com,912,0.358964
4978,dailycaller.com,912,0.368278
10423,nativenewsonline.net,912,0.382786
12696,nytimes.com,912,0.377566
12900,nytimes.com,912,0.347588
15292,spokesman.com,912,0.325212
2314,breitbart.com,971,0.511962
2644,breitbart.com,971,0.357810
6499,foxnews.com,971,0.507479
12501,nytimes.com,971,0.376700
12502,nytimes.com,971,0.376700
17190,thehill.com,971,0.422864
19618,washingtonpost.com,971,0.428847
2457,breitbart.com,1045,0.229450
5065,dailycaller.com,1045,0.308906
8510,katu.com,1045,0.293205
11460,news3lv.com,1045,0.293205
18661,thenationaldesk.com,1045,0.293205
19911,washingtontimes.com,1045,0.275460
2524,breitbart.com,1080,0.395747
5265,dallasnews.com,1080,0.382671
5266,dallasnews.com,1080,0.474954
7563,houstonchronicle.com,1080,0.305054
7571,houstonpublicmedia.org,1080,0.389489
15661,texastribune.org,1080,0.405046
18929,tpr.org,1080,0.370163
2538,breitbart.com,1091,0.411964
3893,cbsnews.com,1091,0.436477
5045,dailycaller.com,1091,0.348568
6570,foxnews.com,1091,0.486004
7726,huffpost.com,1091,0.307957
16059,theguardian.com,1091,0.407346
16684,thehill.com,1091,0.505965
17252,thehill.com,1091,0.417078
2705,breitbart.com,1184,0.406228
5227,dailypress.com,1184,0.421587
11274,newrepublic.com,1184,0.434610
13011,nytimes.com,1184,0.299412
13012,nytimes.com,1184,0.299412
13611,pilotonline.com,1184,0.421587
2800,breitbart.com,1232,0.298707
6819,foxnews.com,1232,0.283048
10737,nbcnews.com,1232,0.253910
15622,telegraph.co.uk,1232,0.383454
17605,thehill.com,1232,0.318894
2936,breitbart.com,1304,0.408372
3011,breitbart.com,1304,0.481410
3852,cbsnews.com,1304,0.434285
5004,dailycaller.com,1304,0.361180
10555,nbcnews.com,1304,0.338974
16407,theguardian.com,1304,0.318519
17291,thehill.com,1304,0.378931
18340,thehill.com,1304,0.472464
2973,breitbart.com,1322,0.373668
7993,huffpost.com,1322,0.307651
9196,latimes.com,1322,0.318713
10271,nationalreview.com,1322,0.218171
12840,nytimes.com,1322,0.207466
12841,nytimes.com,1322,0.207466
3163,breitbart.com,1413,0.379906
7225,france24.com,1413,0.374459
11428,news10.com,1413,0.415326
11811,nhregister.com,1413,0.447318
18635,thehour.com,1413,0.447318
18902,timesofisrael.com,1413,0.391400
20929,wsls.com,1413,0.316141
3254,breitbart.com,1447,0.453421
7636,huffpost.com,1447,0.379154
9825,motherjones.com,1447,0.350104
10213,nationalreview.com,1447,0.314575
12799,nytimes.com,1447,0.395820
15972,theguardian.com,1447,0.454454
16245,theguardian.com,1447,0.306995
16519,theguardian.com,1447,0.393313
3300,breitbart.com,1465,0.436307
3866,cbsnews.com,1465,0.504372
7957,huffpost.com,1465,0.492880
16020,theguardian.com,1465,0.521070
16058,theguardian.com,1465,0.459127
16599,thehill.com,1465,0.449382
16969,thehill.com,1465,0.472995
20844,wsj.com,1465,0.426900
3621,capitalgazette.com,1569,0.102365
4485,clickondetroit.com,1569,0.133569
9623,mezha.net,1569,0.265281
11477,news4jax.com,1569,0.133569
14838,sandiegouniontribune.com,1569,0.102365
3696,cbs8.com,1619,0.188056
4415,chicagotribune.com,1619,0.188056
5126,dailycaller.com,1619,0.327989
5530,dsu.com,1619,0.268093
8558,kcci.com,1619,0.268093
8972,ksat.com,1619,0.188056
9166,ky3.com,1619,0.188056
9511,lwt.com,1619,0.268093
11554,newsday.com,1619,0.188056
15521,standard.net,1619,0.219512
17818,thehill.com,1619,0.572651
17819,thehill.com,1619,0.572651
4137,cbsnews.com,1734,0.574849
4700,cnn.com,1734,0.639901
6326,foxbaltimore.com,1734,0.479491
6327,foxbaltimore.com,1734,0.479491
8532,katv.com,1734,0.479491
10946,nbcnews.com,1734,0.645438
10947,nbcnews.com,1734,0.645438
12111,npr.org,1734,0.469824
14558,reuters.com,1734,0.506581
14742,rollcall.com,1734,0.414610
16331,theguardian.com,1734,0.466307
16332,theguardian.com,1734,0.466307
16365,theguardian.com,1734,0.467211
16366,theguardian.com,1734,0.467211
17900,thehill.com,1734,0.463591
17901,thehill.com,1734,0.433545
19197,usatoday.com,1734,0.444983
4209,cbsnews.com,1749,0.351308
5531,dsu.com,1749,0.437922
6067,fortune.com,1749,0.380193
7589,houstonpublicmedia.org,1749,0.245648
8588,kcra.com,1749,0.437922
8789,koat.com,1749,0.437922
10056,mur.com,1749,0.437922
12157,npr.org,1749,0.245648
15534,staradvertiser.com,1749,0.384918
15605,talkingpointsmemo.com,1749,0.306454
18940,tpr.org,1749,0.245648
4211,cbsnews.com,1750,0.497630
4239,cbsnews.com,1750,0.396637
4241,cbsnews.com,1750,0.536396
5810,euronews.com,1750,0.463722
9251,latimes.com,1750,0.450348
10963,nbcnews.com,1750,0.368327
11006,nbcnews.com,1750,0.468189
12179,npr.org,1750,0.524943
13530,pbs.org,1750,0.373700
19043,upi.com,1750,0.501495
19869,washingtonpost.com,1750,0.519102
4404,chicagotribune.com,1821,0.079228
5225,dailypress.com,1821,0.079228
13309,orlandosentinel.com,1821,0.079228
14226,presstelegram.com,1821,0.079228
14834,sandiegouniontribune.com,1821,0.079228
14848,santafenewmexican.com,1821,0.079228
15014,seattletimes.com,1821,0.079228
15198,smdailyjournal.com,1821,0.079228
4511,clickorlando.com,1851,0.000000
11425,news10.com,1851,0.000000
11812,nhregister.com,1851,0.000000
18926,timesunion.com,1851,0.000000
20360,wivb.com,1851,0.000000
20414,wjtv.com,1851,0.000000
4516,clickorlando.com,1853,0.128692
8981,ksat.com,1853,0.128692
9191,lasvegassun.com,1853,0.280985
9192,lasvegassun.com,1853,0.130352
11108,nbcwashington.com,1853,0.359286
13321,orlandosentinel.com,1853,0.224548
14841,sandiegouniontribune.com,1853,0.224548
15038,seattletimes.com,1853,0.128692
18995,twincities.com,1853,0.224548
21405,yahoo.com,1853,0.128692
4892,courthousenews.com,1990,0.459996
8705,king5.com,1990,0.533093
11381,news.bloomberglaw.com,1990,0.450307
13294,opb.org,1990,0.434572
13295,opb.org,1990,0.461268
15042,seattletimes.com,1990,0.565286
15288,spokesman.com,1990,0.503146
15303,spokesman.com,1990,0.505778
15304,spokesman.com,1990,0.563844
15767,thecentersquare.com,1990,0.518496
15768,thecentersquare.com,1990,0.518520
15769,thecentersquare.com,1990,0.525492
21085,wvnews.com,1990,0.577223
4969,dailycaller.com,2029,0.348673
8089,huffpost.com,2029,0.313410
11885,notus.org,2029,0.320355
11902,notus.org,2029,0.348116
12955,nytimes.com,2029,0.496138
12956,nytimes.com,2029,0.496138
12958,nytimes.com,2029,0.281548
20884,wsj.com,2029,0.276012
5228,dailypress.com,2156,0.000000
13314,orlandosentinel.com,2156,0.000000
13612,pilotonline.com,2156,0.000000
14232,presstelegram.com,2156,0.000000
15589,sun-sentinel.com,2156,0.000000
18768,timescall.com,2156,0.000000
5332,deccanherald.com,2191,0.603306
5342,deccanherald.com,2191,0.491329
7491,hindustantimes.com,2191,0.571086
7506,hindustantimes.com,2191,0.539298
11159,ndtv.com,2191,0.630997
11202,ndtv.com,2191,0.575666
18794,timesofindia.indiatimes.com,2191,0.556476
18813,timesofindia.indiatimes.com,2191,0.500949
18952,tribuneindia.com,2191,0.547772
18955,tribuneindia.com,2191,0.503775
18957,tribuneindia.com,2191,0.472053
18959,tribuneindia.com,2191,0.534913
18960,tribuneindia.com,2191,0.472009
18962,tribuneindia.com,2191,0.635662
5390,democracynow.org,2224,0.332875
6680,foxnews.com,2224,0.521592
6681,foxnews.com,2224,0.521592
7793,huffpost.com,2224,0.458416
11652,newsnationnow.com,2224,0.301246
12621,nytimes.com,2224,0.387545
18967,truthout.org,2224,0.342853
5525,dsu.com,2274,0.000000
8549,kcci.com,2274,0.000000
8780,koat.com,2274,0.000000
10051,mur.com,2274,0.000000
10070,mynbc5.com,2274,0.000000
5674,eenews.net,2316,0.301655
11307,news.bgov.com,2316,0.379312
11351,news.bloomberglaw.com,2316,0.379312
13665,politico.com,2316,0.286242
16664,thehill.com,2316,0.392033
16665,thehill.com,2316,0.392033
5692,eenews.net,2323,0.315543
6443,foxnews.com,2323,0.415823
15048,semafor.com,2323,0.269747
20035,wcax.com,2323,0.522584
20036,wcax.com,2323,0.522584
20522,wmur.com,2323,0.302462
6265,fox8live.com,2527,0.158792
6378,foxcarolina.com,2527,0.158792
7337,gazette.com,2527,0.158792
8931,kptv.com,2527,0.158792
19457,waff.com,2527,0.158792
20063,wctv.tv,2527,0.158792
20075,wdbj7.com,2527,0.158792
20121,wect.com,2527,0.158792
20343,witn.com,2527,0.158792
20536,wowt.com,2527,0.158792
6511,foxnews.com,2628,0.294055
7764,huffpost.com,2628,0.365261
8865,komonews.com,2628,0.420843
12410,nytimes.com,2628,0.373103
16794,thehill.com,2628,0.270232
16795,thehill.com,2628,0.245399
6637,foxnews.com,2694,0.314464
7757,huffpost.com,2694,0.310889
10406,nationalreview.com,2694,0.332301
12050,npr.org,2694,0.266443
17061,thehill.com,2694,0.208217
7537,hjnews.com,3053,0.000000
8375,journal-news.com,3053,0.000000
9489,lufkindailynews.com,3053,0.000000
14778,rutlandherald.com,3053,0.000000
18749,timesargus.com,3053,0.000000
21079,wvnews.com,3053,0.000000
21080,wvnews.com,3053,0.000000
7559,houstonchronicle.com,3060,0.015445
14186,pressdemocrat.com,3060,0.015445
18623,thehour.com,3060,0.015445
18914,timesunion.com,3060,0.015445
18982,twincities.com,3060,0.015445
8034,huffpost.com,3259,0.524516
8428,jpost.com,3259,0.372914
11272,newrepublic.com,3259,0.453135
13594,people.com,3259,0.321111
14409,realtor.com,3259,0.399061
14661,reuters.com,3259,0.362996
18530,thehill.com,3259,0.580268
18531,thehill.com,3259,0.580268
19216,usatoday.com,3259,0.432415
19292,usnews.com,3259,0.411521
21441,yahoo.com,3259,0.411521
8181,idahostatejournal.com,3322,-0.000000
8397,journal-news.com,3322,-0.000000
8398,journal-news.com,3322,-0.000000
8399,journal-news.com,3322,-0.000000
9503,lufkindailynews.com,3322,-0.000000
12255,nvdaily.com,3322,-0.000000
14787,rutlandherald.com,3322,-0.000000
15510,springfieldnewssun.com,3322,-0.000000
15511,springfieldnewssun.com,3322,-0.000000
18755,timesargus.com,3322,-0.000000
8200,independent.co.uk,3332,0.454036
9969,ms.now,3332,0.297109
12759,nytimes.com,3332,0.250700
19747,washingtonpost.com,3332,0.332429
21444,yahoo.com,3332,0.454036
8411,jpost.com,3402,0.091533
14441,reuters.com,3402,0.063932
15524,staradvertiser.com,3402,0.112362
19095,usatoday.com,3402,0.063932
20024,wbur.org,3402,0.395996
8548,kcci.com,3454,0.101837
8567,kcra.com,3454,0.101837
8793,koco.com,3454,0.101837
10069,mynbc5.com,3454,0.101837
19956,wbaltv.com,3454,0.101837
8671,kfgo.com,3480,0.498791
10775,nbcnews.com,3480,0.450622
11616,newsfromthestates.com,3480,0.498791
13887,politico.com,3480,0.493474
14995,scrippsnews.com,3480,0.434708
14996,scrippsnews.com,3480,0.434708
15053,semafor.com,3480,0.325065
19106,usatoday.com,3480,0.446497
19164,usatoday.com,3480,0.451040
21316,yahoo.com,3480,0.317843
8691,kgou.org,3487,0.031271
8732,klcc.org,3487,0.031271
12108,npr.org,3487,0.031271
12109,npr.org,3487,0.031271
13289,opb.org,3487,0.031271
21031,wunc.org,3487,0.031271
8729,klcc.org,3500,-0.000000
8880,kosu.org,3500,-0.000000
9103,kuow.org,3500,-0.000000
12026,npr.org,3500,-0.000000
12027,npr.org,3500,-0.000000
18931,tpr.org,3500,-0.000000
20019,wbur.org,3500,-0.000000
8831,kolotv.com,3514,0.277608
8893,kotatv.com,3514,0.528484
15731,thebaynet.com,3514,0.186013
20125,wect.com,3514,0.260370
20279,wilx.com,3514,0.288405
20623,wric.com,3514,0.276335
9569,mdjonline.com,3700,0.191168
14149,postandcourier.com,3700,0.128078
14670,reviewjournal.com,3700,0.114125
14675,reviewjournal.com,3700,0.142173
21146,wyomingnews.com,3700,0.520270
21480,yourvalley.net,3700,0.422959
11756,newsweek.com,4466,0.400514
18276,thehill.com,4466,0.178635
18277,thehill.com,4466,0.178635
18278,thehill.com,4466,0.178635
19842,washingtonpost.com,4466,0.194153
21066,wusa9.com,4466,0.279372
21412,yahoo.com,4466,0.261267
