article_id,outlet,event_id,distance
20,bild.de,20,0.849353
30,bild.de,20,0.805544
40,bild.de,20,0.810664
42,bild.de,20,0.821328
47,bild.de,20,0.814803
62,bild.de,20,0.859340
63,bild.de,20,0.877717
64,bild.de,20,0.878506
65,bild.de,20,0.865947
76,bild.de,20,0.838315
82,bild.de,20,0.849961
84,bild.de,20,0.842627
85,bild.de,20,0.906712
89,bild.de,20,0.819451
92,bild.de,20,0.821786
104,bild.de,20,0.821795
107,bild.de,20,0.831737
109,bild.de,20,0.874341
122,bild.de,20,0.877971
124,compact-online.de,20,0.897548
125,compact-online.de,20,0.926385
126,compact-online.de,20,0.894486
127,compact-online.de,20,0.896594
128,compact-online.de,20,0.862164
129,compact-online.de,20,0.897163
130,compact-online.de,20,0.886644
131,compact-online.de,20,0.902801
132,compact-online.de,20,0.871112
133,compact-online.de,20,0.929812
135,compact-online.de,20,0.851195
136,compact-online.de,20,0.801457
138,compact-online.de,20,0.885268
140,compact-online.de,20,0.881256
142,compact-online.de,20,0.922174
144,compact-online.de,20,0.857388
150,compact-online.de,20,0.879413
152,compact-online.de,20,0.885442
153,compact-online.de,20,0.906213
157,compact-online.de,20,0.838097
158,compact-online.de,20,0.831767
159,compact-online.de,20,0.829341
160,compact-online.de,20,0.835499
161,compact-online.de,20,0.837854
162,compact-online.de,20,0.805350
163,compact-online.de,20,0.812679
164,compact-online.de,20,0.828284
169,compact-online.de,20,0.849970
170,compact-online.de,20,0.889859
171,compact-online.de,20,0.849150
172,compact-online.de,20,0.820735
173,compact-online.de,20,0.807336
174,compact-online.de,20,0.740166
176,compact-online.de,20,0.837784
177,compact-online.de,20,0.812982
178,compact-online.de,20,0.838665
179,compact-online.de,20,0.810243
180,compact-online.de,20,0.778864
181,compact-online.de,20,0.833411
182,compact-online.de,20,0.788161
183,compact-online.de,20,0.809979
184,compact-online.de,20,0.823105
185,compact-online.de,20,0.822841
186,compact-online.de,20,0.843511
187,compact-online.de,20,0.813741
188,compact-online.de,20,0.878714
189,compact-online.de,20,0.842846
190,compact-online.de,20,0.855236
191,compact-online.de,20,0.789416
192,compact-online.de,20,0.797434
193,compact-online.de,20,0.802630
197,faz.net,20,0.770035
198,faz.net,20,0.805436
199,faz.net,20,0.775485
200,faz.net,20,0.801109
201,faz.net,20,0.880792
202,faz.net,20,0.841804
203,faz.net,20,0.859064
206,faz.net,20,0.888699
207,faz.net,20,0.802544
208,faz.net,20,0.867613
209,faz.net,20,0.811718
211,faz.net,20,0.880193
218,faz.net,20,0.848076
223,faz.net,20,0.883516
224,faz.net,20,0.837564
225,faz.net,20,0.871664
228,faz.net,20,0.813202
229,faz.net,20,0.780690
231,faz.net,20,0.856718
233,faz.net,20,0.858780
240,fr.de,20,0.810888
242,fr.de,20,0.828291
245,fr.de,20,0.865873
252,fr.de,20,0.829605
256,fr.de,20,0.815915
259,fr.de,20,0.799824
263,fr.de,20,0.800862
264,spiegel.de,20,0.801316
265,spiegel.de,20,0.834410
266,spiegel.de,20,0.775649
269,spiegel.de,20,0.815398
271,spiegel.de,20,0.815613
274,spiegel.de,20,0.789587
278,spiegel.de,20,0.796289
281,spiegel.de,20,0.846810
285,spiegel.de,20,0.813146
288,spiegel.de,20,0.805593
291,spiegel.de,20,0.820281
292,spiegel.de,20,0.817271
294,spiegel.de,20,0.846490
297,spiegel.de,20,0.789641
298,spiegel.de,20,0.805293
301,spiegel.de,20,0.813912
304,spiegel.de,20,0.808986
305,spiegel.de,20,0.802122
311,sueddeutsche.de,20,0.815505
315,sueddeutsche.de,20,0.844488
316,sueddeutsche.de,20,0.837584
317,sueddeutsche.de,20,0.858640
326,sueddeutsche.de,20,0.808064
327,sueddeutsche.de,20,0.807103
331,sueddeutsche.de,20,0.883304
334,sueddeutsche.de,20,0.884651
336,sueddeutsche.de,20,0.833707
337,sueddeutsche.de,20,0.797769
340,sueddeutsche.de,20,0.821180
342,sueddeutsche.de,20,0.845615
343,sueddeutsche.de,20,0.909064
344,sueddeutsche.de,20,0.840283
345,sueddeutsche.de,20,0.791238
346,sueddeutsche.de,20,0.832283
350,sueddeutsche.de,20,0.875267
352,sueddeutsche.de,20,0.845275
355,sueddeutsche.de,20,0.802363
361,sueddeutsche.de,20,0.826446
362,sueddeutsche.de,20,0.818324
363,sueddeutsche.de,20,0.845182
368,sueddeutsche.de,20,0.831376
382,welt.de,20,0.864551
394,welt.de,20,0.837579
402,welt.de,20,0.894462
407,zeit.de,20,0.769175
408,zeit.de,20,0.855600
409,zeit.de,20,0.792620
411,zeit.de,20,0.861202
413,zeit.de,20,0.803159
414,zeit.de,20,0.767617
415,zeit.de,20,0.788474
417,zeit.de,20,0.861981
419,zeit.de,20,0.729387
420,zeit.de,20,0.782170
422,zeit.de,20,0.835359
423,zeit.de,20,0.876967
424,zeit.de,20,0.847182
425,zeit.de,20,0.840776
426,zeit.de,20,0.880176
427,zeit.de,20,0.731690
428,zeit.de,20,0.823456
429,zeit.de,20,0.822049
430,zeit.de,20,0.821527
432,zeit.de,20,0.854626
433,zeit.de,20,0.848366
434,zeit.de,20,0.867025
435,zeit.de,20,0.854723
437,zeit.de,20,0.786856
438,zeit.de,20,0.861341
440,zeit.de,20,0.853189
442,zeit.de,20,0.890727
444,zeit.de,20,0.880584
446,zeit.de,20,0.787070
447,zeit.de,20,0.814123
463,gmx.net,20,0.858142
465,gmx.net,20,0.833623
470,gmx.net,20,0.812991
471,gmx.net,20,0.871809
472,gmx.net,20,0.846289
476,gmx.net,20,0.904794
490,gmx.net,20,0.784902
491,gmx.net,20,0.841320
495,volksstimme.de,20,0.798073
497,volksstimme.de,20,0.885286
502,volksstimme.de,20,0.856220
503,volksstimme.de,20,0.841124
510,volksstimme.de,20,0.868706
511,volksstimme.de,20,0.832382
516,volksstimme.de,20,0.870952
519,volksstimme.de,20,0.758104
520,volksstimme.de,20,0.863629
523,volksstimme.de,20,0.811412
528,volksstimme.de,20,0.852810
538,bild.de,20,0.823546
541,bild.de,20,0.847685
545,compact-online.de,20,0.878973
546,faz.net,20,0.793664
547,faz.net,20,0.799625
548,faz.net,20,0.875552
549,faz.net,20,0.855666
552,fr.de,20,0.804513
554,fr.de,20,0.803766
559,spiegel.de,20,0.847355
564,sueddeutsche.de,20,0.717634
565,sueddeutsche.de,20,0.864506
569,zeit.de,20,0.780766
580,gmx.net,20,0.863558
584,gmx.net,20,0.864296
592,bild.de,20,0.874536
595,fr.de,20,0.819812
596,fr.de,20,0.826456
598,fr.de,20,0.865873
600,zeit.de,20,0.812819
601,zeit.de,20,0.865904
605,gmx.net,20,0.863596
606,volksstimme.de,20,0.838438
610,spiegel.de,20,0.780761
620,gmx.net,20,0.839442
621,volksstimme.de,20,0.839442
622,volksstimme.de,20,0.856073
623,volksstimme.de,20,0.882057
627,spiegel.de,20,0.851470
628,sueddeutsche.de,20,0.848792
629,zeit.de,20,0.849139
630,gmx.net,20,0.811184
631,gmx.net,20,0.840895
633,volksstimme.de,20,0.811184
634,bild.de,20,0.873541
635,bild.de,20,0.867080
637,compact-online.de,20,0.867717
638,compact-online.de,20,0.806594
640,faz.net,20,0.758556
645,spiegel.de,20,0.858395
647,spiegel.de,20,0.762038
648,spiegel.de,20,0.836717
649,sueddeutsche.de,20,0.814485
650,sueddeutsche.de,20,0.749297
651,welt.de,20,0.825399
652,welt.de,20,0.847579
654,welt.de,20,0.825399
655,zeit.de,20,0.840987
656,zeit.de,20,0.735253
657,zeit.de,20,0.811898
658,zeit.de,20,0.846037
664,gmx.net,20,0.836148
669,gmx.net,20,0.889930
670,gmx.net,20,0.904794
671,gmx.net,20,0.868860
673,volksstimme.de,20,0.889930
674,volksstimme.de,20,0.836148
675,volksstimme.de,20,0.878315
676,volksstimme.de,20,0.862034
681,bild.de,20,0.831085
682,bild.de,20,0.844904
683,compact-online.de,20,0.849215
684,compact-online.de,20,0.853448
685,compact-online.de,20,0.783833
686,compact-online.de,20,0.822695
688,faz.net,20,0.807475
692,fr.de,20,0.814065
695,sueddeutsche.de,20,0.728880
699,welt.de,20,0.876155
700,welt.de,20,0.907287
702,welt.de,20,0.882514
705,zeit.de,20,0.804540
706,zeit.de,20,0.798633
707,zeit.de,20,0.735892
708,zeit.de,20,0.811898
709,gmx.net,20,0.884728
715,gmx.net,20,0.878466
717,gmx.net,20,0.871376
721,gmx.net,20,0.864248
730,volksstimme.de,20,0.851714
731,volksstimme.de,20,0.851130
739,compact-online.de,20,0.869407
740,compact-online.de,20,0.889337
741,compact-online.de,20,0.819186
742,compact-online.de,20,0.805321
744,faz.net,20,0.853614
746,fr.de,20,0.836477
749,fr.de,20,0.856949
753,spiegel.de,20,0.836717
755,sueddeutsche.de,20,0.903647
757,sueddeutsche.de,20,0.846060
759,sueddeutsche.de,20,0.875354
763,welt.de,20,0.802753
768,welt.de,20,0.840883
771,zeit.de,20,0.802882
773,zeit.de,20,0.811546
774,zeit.de,20,0.796361
775,zeit.de,20,0.824656
776,zeit.de,20,0.807827
781,gmx.net,20,0.877238
782,gmx.net,20,0.925568
793,gmx.net,20,0.893452
803,volksstimme.de,20,0.872678
805,volksstimme.de,20,0.854362
809,bild.de,20,0.814550
814,bild.de,20,0.870355
819,compact-online.de,20,0.878359
820,compact-online.de,20,0.799488
822,faz.net,20,0.770008
823,faz.net,20,0.783067
825,faz.net,20,0.888850
828,fr.de,20,0.888041
830,spiegel.de,20,0.828514
832,spiegel.de,20,0.825038
834,sueddeutsche.de,20,0.857776
835,sueddeutsche.de,20,0.810092
837,sueddeutsche.de,20,0.863586
839,sueddeutsche.de,20,0.877637
840,sueddeutsche.de,20,0.887887
845,welt.de,20,0.847649
849,zeit.de,20,0.794489
850,zeit.de,20,0.831875
851,zeit.de,20,0.780267
854,zeit.de,20,0.755670
861,gmx.net,20,0.908010
863,gmx.net,20,0.884534
867,gmx.net,20,0.873507
871,volksstimme.de,20,0.807523
872,volksstimme.de,20,0.876366
874,volksstimme.de,20,0.870895
875,volksstimme.de,20,0.863802
878,bild.de,20,0.824477
881,faz.net,20,0.811409
882,faz.net,20,0.843734
884,faz.net,20,0.821562
886,fr.de,20,0.895855
887,fr.de,20,0.820560
888,fr.de,20,0.804745
894,fr.de,20,0.846888
899,spiegel.de,20,0.804232
906,welt.de,20,0.828251
910,zeit.de,20,0.800812
915,gmx.net,20,0.783353
923,gmx.net,20,0.791049
927,volksstimme.de,20,0.847778
932,compact-online.de,20,0.844331
934,faz.net,20,0.789193
935,faz.net,20,0.738205
936,faz.net,20,0.768949
937,fr.de,20,0.864167
939,fr.de,20,0.839302
940,fr.de,20,0.838433
945,spiegel.de,20,0.777553
947,spiegel.de,20,0.802620
949,zeit.de,20,0.790471
950,zeit.de,20,0.780758
961,volksstimme.de,20,0.822328
966,bild.de,20,0.929564
967,compact-online.de,20,0.817305
968,faz.net,20,0.773569
976,fr.de,20,0.834605
977,fr.de,20,0.834764
978,fr.de,20,0.888041
981,welt.de,20,0.846406
982,welt.de,20,0.855292
983,gmx.net,20,0.883415
999,zeit.de,20,0.867218
1006,zeit.de,20,0.815186
1008,volksstimme.de,20,0.858402
1012,spiegel.de,20,0.787616
1013,spiegel.de,20,0.787322
1014,sueddeutsche.de,20,0.804232
1015,zeit.de,20,0.846586
1020,bild.de,20,0.869901
1021,faz.net,20,0.802320
1022,faz.net,20,0.738205
1023,faz.net,20,0.773569
1033,spiegel.de,20,0.775365
1036,sueddeutsche.de,20,0.862827
1038,welt.de,20,0.844022
1039,welt.de,20,0.848833
1040,welt.de,20,0.847643
1042,welt.de,20,0.850228
1043,zeit.de,20,0.795883
1044,zeit.de,20,0.812999
1045,zeit.de,20,0.838657
1046,zeit.de,20,0.783291
1057,gmx.net,20,0.796079
1061,gmx.net,20,0.832283
1067,volksstimme.de,20,0.875022
1069,volksstimme.de,20,0.828801
1074,bild.de,20,0.802799
1079,bild.de,20,0.862990
1080,compact-online.de,20,0.831590
1081,compact-online.de,20,0.774905
1082,compact-online.de,20,0.807336
1084,faz.net,20,0.829868
1085,faz.net,20,0.786133
1088,faz.net,20,0.853614
1089,faz.net,20,0.758556
1091,fr.de,20,0.854101
1092,fr.de,20,0.839210
1093,fr.de,20,0.854556
1095,spiegel.de,20,0.827146
1096,spiegel.de,20,0.825743
1098,sueddeutsche.de,20,0.738252
1099,sueddeutsche.de,20,0.831985
1107,welt.de,20,0.803243
1108,zeit.de,20,0.795883
1109,zeit.de,20,0.831922
1121,gmx.net,20,0.863319
1133,volksstimme.de,20,0.882764
1134,volksstimme.de,20,0.897947
1142,bild.de,20,0.823595
1148,compact-online.de,20,0.890000
1149,compact-online.de,20,0.920341
1150,compact-online.de,20,0.832420
1151,compact-online.de,20,0.850062
1152,faz.net,20,0.829406
1153,faz.net,20,0.796608
1158,fr.de,20,0.860350
1161,spiegel.de,20,0.781391
1163,sueddeutsche.de,20,0.820795
1166,sueddeutsche.de,20,0.854864
1168,welt.de,20,0.826033
1178,zeit.de,20,0.840215
1179,zeit.de,20,0.801527
1201,gmx.net,20,0.868696
1208,volksstimme.de,20,0.790016
1213,volksstimme.de,20,0.882227
1225,compact-online.de,20,0.863707
1226,compact-online.de,20,0.794825
1227,compact-online.de,20,0.873043
1228,compact-online.de,20,0.748309
1229,compact-online.de,20,0.818062
1230,compact-online.de,20,0.859331
1231,compact-online.de,20,0.784462
1233,faz.net,20,0.767079
1234,faz.net,20,0.781008
1240,fr.de,20,0.802724
1252,sueddeutsche.de,20,0.832235
1258,sueddeutsche.de,20,0.848019
1259,sueddeutsche.de,20,0.866171
1262,sueddeutsche.de,20,0.766460
1265,welt.de,20,0.841132
1268,welt.de,20,0.844777
1273,zeit.de,20,0.820829
1274,zeit.de,20,0.750754
1275,zeit.de,20,0.739307
1276,zeit.de,20,0.824336
1277,zeit.de,20,0.793073
1278,zeit.de,20,0.830356
1279,zeit.de,20,0.822499
1286,gmx.net,20,0.838439
1315,bild.de,20,0.882364
1319,compact-online.de,20,0.917993
1320,compact-online.de,20,0.847701
1321,faz.net,20,0.805949
1324,faz.net,20,0.811049
1326,faz.net,20,0.759889
1333,fr.de,20,0.860350
1334,spiegel.de,20,0.818947
1335,spiegel.de,20,0.875345
1337,sueddeutsche.de,20,0.892557
1339,sueddeutsche.de,20,0.830525
1341,sueddeutsche.de,20,0.875435
1344,welt.de,20,0.867036
1350,zeit.de,20,0.836016
1351,zeit.de,20,0.858336
1352,zeit.de,20,0.897240
1356,gmx.net,20,0.894038
1357,gmx.net,20,0.823138
1364,gmx.net,20,0.800055
1365,gmx.net,20,0.833705
1366,gmx.net,20,0.865356
1373,volksstimme.de,20,0.901562
1374,volksstimme.de,20,0.833705
1376,bild.de,20,0.779317
1379,fr.de,20,0.820866
1380,fr.de,20,0.784739
1383,spiegel.de,20,0.825124
1386,sueddeutsche.de,20,0.849424
1388,zeit.de,20,0.816993
1389,zeit.de,20,0.818736
1390,zeit.de,20,0.766603
1391,zeit.de,20,0.789630
1396,gmx.net,20,0.901097
1398,gmx.net,20,0.864029
1402,volksstimme.de,20,0.900826
1403,volksstimme.de,20,0.851025
1406,bild.de,20,0.818285
1409,faz.net,20,0.784556
1410,faz.net,20,0.765583
1412,fr.de,20,0.812847
1417,spiegel.de,20,0.826054
1419,sueddeutsche.de,20,0.751338
1420,sueddeutsche.de,20,0.735590
1425,zeit.de,20,0.833323
1426,zeit.de,20,0.793822
1427,zeit.de,20,0.821814
1430,gmx.net,20,0.874300
1439,volksstimme.de,20,0.831079
1448,faz.net,20,0.811547
1449,faz.net,20,0.818106
1453,fr.de,20,0.781480
1455,spiegel.de,20,0.825933
1456,sueddeutsche.de,20,0.834100
1457,zeit.de,20,0.867736
1472,spiegel.de,20,0.795527
1474,zeit.de,20,0.851803
1475,zeit.de,20,0.767074
1476,faz.net,20,0.809793
1477,faz.net,20,0.759447
1478,spiegel.de,20,0.777090
1479,zeit.de,20,0.805293
1480,gmx.net,20,0.842634
1481,volksstimme.de,20,0.842634
1483,faz.net,20,0.795595
1484,spiegel.de,20,0.805599
1486,spiegel.de,20,0.811340
1488,sueddeutsche.de,20,0.768387
1489,sueddeutsche.de,20,0.869276
1491,welt.de,20,0.817223
1493,zeit.de,20,0.858195
1494,zeit.de,20,0.808741
1495,zeit.de,20,0.760297
1500,gmx.net,20,0.848536
1502,gmx.net,20,0.880532
1506,gmx.net,20,0.807612
1511,volksstimme.de,20,0.871750
1512,volksstimme.de,20,0.880532
1518,bild.de,20,0.883246
1520,compact-online.de,20,0.868376
1521,compact-online.de,20,0.851126
1522,compact-online.de,20,0.812421
1523,compact-online.de,20,0.792651
1525,faz.net,20,0.784920
1527,fr.de,20,0.845950
1529,fr.de,20,0.846631
1530,fr.de,20,0.842105
1537,sueddeutsche.de,20,0.848737
1546,zeit.de,20,0.768841
1549,zeit.de,20,0.821814
1555,gmx.net,20,0.827475
1556,gmx.net,20,0.887941
1560,gmx.net,20,0.844985
1569,bild.de,20,0.867128
1570,fr.de,20,0.834360
1573,sueddeutsche.de,20,0.895407
1578,zeit.de,20,0.851184
1580,zeit.de,20,0.858195
1581,zeit.de,20,0.805293
1587,gmx.net,20,0.913483
1599,gmx.net,20,0.754213
1602,faz.net,20,0.863585
1603,faz.net,20,0.819174
1606,fr.de,20,0.839289
1607,fr.de,20,0.821954
1609,spiegel.de,20,0.838622
1610,spiegel.de,20,0.826054
1611,welt.de,20,0.870175
1617,zeit.de,20,0.834969
1624,gmx.net,20,0.826290
1634,volksstimme.de,20,0.865451
1637,bild.de,20,0.876833
1642,spiegel.de,20,0.883459
1643,sueddeutsche.de,20,0.777270
1645,zeit.de,20,0.851184
1666,compact-online.de,20,0.889722
1667,compact-online.de,20,0.889553
1668,compact-online.de,20,0.820596
1669,compact-online.de,20,0.813044
1672,spiegel.de,20,0.768476
1674,welt.de,20,0.847230
1675,zeit.de,20,0.916609
1676,zeit.de,20,0.777481
1688,bild.de,20,0.838770
1689,compact-online.de,20,0.854590
1690,compact-online.de,20,0.892342
1691,compact-online.de,20,0.777027
1692,compact-online.de,20,0.823478
1693,faz.net,20,0.880762
1694,fr.de,20,0.858287
1712,volksstimme.de,20,0.868262
1715,fr.de,20,0.867091
1716,fr.de,20,0.810030
1719,fr.de,20,0.821954
1720,spiegel.de,20,0.818626
1723,zeit.de,20,0.830634
1724,zeit.de,20,0.837101
1736,compact-online.de,20,0.934155
1737,compact-online.de,20,0.846797
1740,spiegel.de,20,0.815786
1741,zeit.de,20,0.816710
1742,zeit.de,20,0.812740
1750,gmx.net,20,0.857782
1754,faz.net,20,0.881881
1758,gmx.net,20,0.857782
1772,fr.de,20,0.834360
1774,zeit.de,20,0.802380
1775,zeit.de,20,0.832008
1776,gmx.net,20,0.823412
1789,fr.de,20,0.810030
1792,sueddeutsche.de,20,0.834024
1797,gmx.net,20,0.855492
1798,bild.de,20,0.813120
1804,compact-online.de,20,0.873055
1805,compact-online.de,20,0.812977
1806,zeit.de,20,0.812167
1808,gmx.net,20,0.832143
1809,bild.de,20,0.850633
1814,zeit.de,20,0.807255
1820,bild.de,20,0.834245
1823,faz.net,20,0.858840
1824,faz.net,20,0.814226
1832,welt.de,20,0.869410
1834,zeit.de,20,0.866537
1837,zeit.de,20,0.884398
1838,zeit.de,20,0.771160
1846,gmx.net,20,0.832143
1852,volksstimme.de,20,0.827190
1854,volksstimme.de,20,0.860323
1857,volksstimme.de,20,0.824288
1860,bild.de,20,0.841166
1862,bild.de,20,0.822038
1863,compact-online.de,20,0.812977
1866,spiegel.de,20,0.737904
1868,spiegel.de,20,0.824947
1869,spiegel.de,20,0.806605
1875,welt.de,20,0.897996
1877,zeit.de,20,0.822746
1878,zeit.de,20,0.866653
1891,gmx.net,20,0.854199
1899,volksstimme.de,20,0.847512
1904,compact-online.de,20,0.920614
1905,compact-online.de,20,0.805321
1906,compact-online.de,20,0.840373
1908,fr.de,20,0.838117
1909,fr.de,20,0.787258
1911,spiegel.de,20,0.783134
1912,sueddeutsche.de,20,0.866807
1913,sueddeutsche.de,20,0.845142
1914,sueddeutsche.de,20,0.815432
1916,welt.de,20,0.843055
1925,gmx.net,20,0.877746
1931,volksstimme.de,20,0.823557
1934,bild.de,20,0.829937
1946,zeit.de,20,0.828893
1956,gmx.net,20,0.884238
1962,volksstimme.de,20,0.837533
1965,faz.net,20,0.838378
1974,gmx.net,20,0.859362
1976,gmx.net,20,0.767150
1986,bild.de,20,0.788214
1988,compact-online.de,20,0.882284
1989,compact-online.de,20,0.909798
1990,compact-online.de,20,0.809178
1991,compact-online.de,20,0.812071
1993,faz.net,20,0.810343
1995,fr.de,20,0.824754
1996,spiegel.de,20,0.826753
1998,sueddeutsche.de,20,0.799204
2000,zeit.de,20,0.798154
2007,gmx.net,20,0.809324
2009,volksstimme.de,20,0.811007
2011,bild.de,20,0.847688
2013,bild.de,20,0.869195
2015,faz.net,20,0.805209
2020,fr.de,20,0.829779
2023,sueddeutsche.de,20,0.875478
2025,sueddeutsche.de,20,0.862371
2027,sueddeutsche.de,20,0.875495
2028,sueddeutsche.de,20,0.843461
2031,zeit.de,20,0.768655
2032,gmx.net,20,0.755995
2035,gmx.net,20,0.816933
2062,faz.net,20,0.832573
2063,fr.de,20,0.823100
2064,fr.de,20,0.813921
2068,zeit.de,20,0.792199
2077,faz.net,20,0.833787
2078,fr.de,20,0.861453
2079,fr.de,20,0.848018
2083,sueddeutsche.de,20,0.752214
2084,zeit.de,20,0.814925
2087,gmx.net,20,0.811007
2088,gmx.net,20,0.849604
2090,bild.de,20,0.799393
2092,fr.de,20,0.826758
2093,fr.de,20,0.797285
2095,spiegel.de,20,0.811872
2096,zeit.de,20,0.835206
2102,zeit.de,20,0.839764
2119,zeit.de,20,0.704501
2120,spiegel.de,20,0.814676
2121,sueddeutsche.de,20,0.860294
2126,bild.de,20,0.839442
2127,bild.de,20,0.851339
2129,bild.de,20,0.826961
2131,faz.net,20,0.755277
2132,faz.net,20,0.820666
2134,fr.de,20,0.810440
2138,spiegel.de,20,0.754171
2139,spiegel.de,20,0.838969
2140,spiegel.de,20,0.822467
2142,sueddeutsche.de,20,0.834498
2145,welt.de,20,0.821485
2146,welt.de,20,0.826499
2147,welt.de,20,0.843232
2149,zeit.de,20,0.871563
2151,zeit.de,20,0.869075
2152,zeit.de,20,0.791280
2153,gmx.net,20,0.847371
2157,gmx.net,20,0.817048
2158,gmx.net,20,0.845685
2160,gmx.net,20,0.811295
2172,gmx.net,20,0.831356
2173,volksstimme.de,20,0.813789
2174,volksstimme.de,20,0.864508
2175,volksstimme.de,20,0.806682
2177,bild.de,20,0.879601
2181,bild.de,20,0.802225
2191,compact-online.de,20,0.828644
2192,compact-online.de,20,0.890873
2193,compact-online.de,20,0.887713
2194,compact-online.de,20,0.913592
2195,compact-online.de,20,0.831477
2196,compact-online.de,20,0.825418
2197,compact-online.de,20,0.807336
2198,compact-online.de,20,0.764900
2199,compact-online.de,20,0.826566
2200,faz.net,20,0.828653
2201,faz.net,20,0.823809
2205,fr.de,20,0.822878
2211,fr.de,20,0.824802
2213,spiegel.de,20,0.822345
2215,spiegel.de,20,0.802377
2216,spiegel.de,20,0.826841
2222,sueddeutsche.de,20,0.860817
2223,sueddeutsche.de,20,0.752214
2224,sueddeutsche.de,20,0.777270
2231,welt.de,20,0.853825
2232,zeit.de,20,0.842390
2233,zeit.de,20,0.877236
2234,zeit.de,20,0.801681
2236,zeit.de,20,0.867164
2238,zeit.de,20,0.918318
2243,gmx.net,20,0.862824
2249,gmx.net,20,0.876729
2250,gmx.net,20,0.840702
2254,gmx.net,20,0.866677
2256,gmx.net,20,0.865975
2257,gmx.net,20,0.836728
2260,gmx.net,20,0.885220
2264,gmx.net,20,0.809472
2272,volksstimme.de,20,0.845114
2275,volksstimme.de,20,0.851401
2277,volksstimme.de,20,0.858570
2278,volksstimme.de,20,0.869109
2279,volksstimme.de,20,0.846615
2280,volksstimme.de,20,0.851354
2281,volksstimme.de,20,0.912526
2283,bild.de,20,0.882930
2284,bild.de,20,0.807846
2285,bild.de,20,0.856528
2291,bild.de,20,0.813667
2294,compact-online.de,20,0.880812
2296,compact-online.de,20,0.870635
2297,compact-online.de,20,0.873457
2298,compact-online.de,20,0.820939
2299,compact-online.de,20,0.815490
2300,compact-online.de,20,0.815612
2301,compact-online.de,20,0.813710
2302,faz.net,20,0.804468
2304,faz.net,20,0.799330
2305,faz.net,20,0.848874
2306,faz.net,20,0.854004
2307,faz.net,20,0.859799
2308,fr.de,20,0.828208
2309,fr.de,20,0.773987
2321,sueddeutsche.de,20,0.850307
2323,sueddeutsche.de,20,0.847449
2324,sueddeutsche.de,20,0.746697
2325,sueddeutsche.de,20,0.912943
2328,sueddeutsche.de,20,0.847661
2329,sueddeutsche.de,20,0.801550
2330,sueddeutsche.de,20,0.842868
2338,welt.de,20,0.868501
2343,zeit.de,20,0.842390
2345,gmx.net,20,0.880239
2352,gmx.net,20,0.881741
2356,gmx.net,20,0.868495
2357,gmx.net,20,0.866886
2359,gmx.net,20,0.882724
2372,gmx.net,20,0.799196
2374,gmx.net,20,0.864408
2377,volksstimme.de,20,0.867390
2383,bild.de,20,0.806306
2389,bild.de,20,0.797119
2394,bild.de,20,0.824514
2398,faz.net,20,0.796632
2399,faz.net,20,0.781060
2400,faz.net,20,0.792314
2406,fr.de,20,0.860625
2412,fr.de,20,0.822878
2415,fr.de,20,0.812847
2418,fr.de,20,0.810440
2421,spiegel.de,20,0.830951
2422,spiegel.de,20,0.805715
2424,sueddeutsche.de,20,0.834027
2433,zeit.de,20,0.822541
2435,zeit.de,20,0.813039
2436,zeit.de,20,0.874562
2444,gmx.net,20,0.827577
2449,gmx.net,20,0.855845
2455,gmx.net,20,0.910933
2460,bild.de,20,0.851441
2462,bild.de,20,0.856461
2466,faz.net,20,0.806141
2467,faz.net,20,0.838900
2469,faz.net,20,0.831326
2470,faz.net,20,0.906918
2471,fr.de,20,0.834779
2472,fr.de,20,0.861788
2474,fr.de,20,0.838241
2478,spiegel.de,20,0.849060
2485,zeit.de,20,0.829704
2487,gmx.net,20,0.773302
2496,bild.de,20,0.837919
2498,faz.net,20,0.751456
2499,fr.de,20,0.781554
2500,fr.de,20,0.789472
2502,fr.de,20,0.799213
2504,fr.de,20,0.828208
2505,fr.de,20,0.796416
2512,gmx.net,20,0.791737
2520,volksstimme.de,20,0.858710
2522,volksstimme.de,20,0.813540
2524,faz.net,20,0.823615
2525,spiegel.de,20,0.794449
2527,sueddeutsche.de,20,0.838199
2529,gmx.net,20,0.852992
2531,volksstimme.de,20,0.854323
2532,volksstimme.de,20,0.853536
2533,bild.de,20,0.793712
2535,sueddeutsche.de,20,0.845361
2546,bild.de,20,0.821451
2548,compact-online.de,20,0.885778
2549,compact-online.de,20,0.917494
2550,compact-online.de,20,0.848854
2551,compact-online.de,20,0.815427
2554,faz.net,20,0.819004
2556,faz.net,20,0.814961
2561,spiegel.de,20,0.773036
2563,spiegel.de,20,0.789845
2564,spiegel.de,20,0.797318
2565,sueddeutsche.de,20,0.766614
2568,sueddeutsche.de,20,0.762562
2569,sueddeutsche.de,20,0.784954
2572,welt.de,20,0.803216
2575,zeit.de,20,0.766607
2577,zeit.de,20,0.798209
2578,zeit.de,20,0.827819
2582,gmx.net,20,0.814344
2584,gmx.net,20,0.829782
2585,gmx.net,20,0.852484
2591,gmx.net,20,0.822485
2605,gmx.net,20,0.799196
2607,volksstimme.de,20,0.813540
2609,volksstimme.de,20,0.818934
2610,volksstimme.de,20,0.869568
2612,bild.de,20,0.807289
2624,compact-online.de,20,0.840017
2625,compact-online.de,20,0.899289
2626,compact-online.de,20,0.877369
2628,compact-online.de,20,0.795225
2629,compact-online.de,20,0.849662
2630,compact-online.de,20,0.795072
2631,compact-online.de,20,0.841965
2633,faz.net,20,0.809713
2635,faz.net,20,0.897977
2638,faz.net,20,0.854004
2640,fr.de,20,0.817133
2641,fr.de,20,0.780432
2643,fr.de,20,0.833766
2646,spiegel.de,20,0.793072
2648,spiegel.de,20,0.773036
2649,spiegel.de,20,0.794449
2660,zeit.de,20,0.803168
2661,zeit.de,20,0.898628
2662,zeit.de,20,0.879535
2667,zeit.de,20,0.848201
2673,gmx.net,20,0.881698
2680,gmx.net,20,0.872599
2681,gmx.net,20,0.805982
2700,gmx.net,20,0.799196
2707,volksstimme.de,20,0.871007
2709,volksstimme.de,20,0.825398
2710,volksstimme.de,20,0.876085
2712,bild.de,20,0.853985
2714,bild.de,20,0.832026
2715,bild.de,20,0.833128
2724,compact-online.de,20,0.905544
2725,compact-online.de,20,0.898898
2726,compact-online.de,20,0.834044
2727,compact-online.de,20,0.825752
2729,faz.net,20,0.820472
2730,faz.net,20,0.811579
2731,faz.net,20,0.810096
2732,faz.net,20,0.827311
2735,faz.net,20,0.896675
2741,fr.de,20,0.768726
2742,spiegel.de,20,0.873214
2744,spiegel.de,20,0.825485
2745,spiegel.de,20,0.850201
2746,spiegel.de,20,0.783552
2747,spiegel.de,20,0.843708
2755,sueddeutsche.de,20,0.853589
2757,sueddeutsche.de,20,0.833052
2758,sueddeutsche.de,20,0.868685
2762,welt.de,20,0.816636
2766,welt.de,20,0.766189
2770,zeit.de,20,0.851997
2771,zeit.de,20,0.755344
2774,gmx.net,20,0.820869
2777,gmx.net,20,0.875070
2782,gmx.net,20,0.866528
2793,volksstimme.de,20,0.851921
2797,volksstimme.de,20,0.866528
2799,bild.de,20,0.863549
2809,compact-online.de,20,0.910139
2810,compact-online.de,20,0.846743
2811,faz.net,20,0.843614
2814,fr.de,20,0.865830
2815,fr.de,20,0.848380
2817,fr.de,20,0.822428
2821,fr.de,20,0.826858
2827,spiegel.de,20,0.872376
2832,sueddeutsche.de,20,0.806583
2834,sueddeutsche.de,20,0.909844
2836,sueddeutsche.de,20,0.844972
2837,sueddeutsche.de,20,0.937325
2840,zeit.de,20,0.843701
2842,gmx.net,20,0.871007
2843,gmx.net,20,0.852484
2845,gmx.net,20,0.903615
2860,gmx.net,20,0.845690
2861,gmx.net,20,0.875070
2874,faz.net,20,0.804993
2878,faz.net,20,0.820752
2881,fr.de,20,0.827567
2882,fr.de,20,0.817133
2884,spiegel.de,20,0.764015
2886,spiegel.de,20,0.819702
2888,sueddeutsche.de,20,0.740410
2893,zeit.de,20,0.835029
2894,zeit.de,20,0.872222
2895,zeit.de,20,0.702233
2901,gmx.net,20,0.875402
2909,faz.net,20,0.794839
2912,fr.de,20,0.830345
2917,fr.de,20,0.808172
2920,welt.de,20,0.845396
2931,gmx.net,20,0.864063
2935,volksstimme.de,20,0.864063
2936,faz.net,20,0.817858
2937,spiegel.de,20,0.803938
2945,bild.de,20,0.784330
2951,bild.de,20,0.849824
2953,faz.net,20,0.760261
2954,spiegel.de,20,0.788695
2955,sueddeutsche.de,20,0.771227
2956,zeit.de,20,0.818853
2958,zeit.de,20,0.821902
2960,volksstimme.de,20,0.867426
2961,bild.de,20,0.848119
2963,bild.de,20,0.851082
2968,compact-online.de,20,0.915428
2969,compact-online.de,20,0.839928
2970,faz.net,20,0.816566
2971,faz.net,20,0.802723
2972,faz.net,20,0.785839
2977,fr.de,20,0.789472
2978,spiegel.de,20,0.774537
2981,sueddeutsche.de,20,0.865683
2982,sueddeutsche.de,20,0.897663
2987,welt.de,20,0.820301
2988,welt.de,20,0.797280
2990,zeit.de,20,0.848332
2991,zeit.de,20,0.859515
2994,zeit.de,20,0.802722
2995,zeit.de,20,0.868306
2996,zeit.de,20,0.857421
3005,gmx.net,20,0.837571
3009,gmx.net,20,0.829429
3012,gmx.net,20,0.898582
3046,compact-online.de,20,0.884819
3047,compact-online.de,20,0.895033
3048,compact-online.de,20,0.917402
3049,compact-online.de,20,0.904649
3050,compact-online.de,20,0.837004
3051,compact-online.de,20,0.839009
3052,compact-online.de,20,0.844362
3054,faz.net,20,0.790614
3055,faz.net,20,0.814826
3065,fr.de,20,0.802190
3067,fr.de,20,0.830345
3071,spiegel.de,20,0.759259
3072,spiegel.de,20,0.793921
3073,spiegel.de,20,0.841982
3075,spiegel.de,20,0.797869
3078,sueddeutsche.de,20,0.865683
3082,sueddeutsche.de,20,0.771227
3083,sueddeutsche.de,20,0.897663
3092,zeit.de,20,0.848332
3093,zeit.de,20,0.859515
3100,gmx.net,20,0.878788
3101,gmx.net,20,0.802087
3108,gmx.net,20,0.849610
3121,gmx.net,20,0.799196
3126,volksstimme.de,20,0.859268
3129,volksstimme.de,20,0.844640
3138,bild.de,20,0.846487
3144,compact-online.de,20,0.798806
3145,compact-online.de,20,0.915596
3146,compact-online.de,20,0.828703
3147,compact-online.de,20,0.765644
3148,compact-online.de,20,0.851506
3149,compact-online.de,20,0.783883
3150,faz.net,20,0.804531
3151,faz.net,20,0.789718
3153,faz.net,20,0.813803
3154,faz.net,20,0.853801
3158,faz.net,20,0.840103
3162,faz.net,20,0.816566
3163,fr.de,20,0.881347
3169,fr.de,20,0.802190
3170,fr.de,20,0.752510
3171,fr.de,20,0.833766
3172,spiegel.de,20,0.829499
3173,spiegel.de,20,0.722959
3175,spiegel.de,20,0.741085
3177,sueddeutsche.de,20,0.737356
3179,sueddeutsche.de,20,0.857022
3184,sueddeutsche.de,20,0.866751
3189,sueddeutsche.de,20,0.872918
3190,sueddeutsche.de,20,0.818240
3201,zeit.de,20,0.828699
3202,zeit.de,20,0.862569
3204,zeit.de,20,0.791237
3212,gmx.net,20,0.848516
3231,volksstimme.de,20,0.859767
3241,bild.de,20,0.869037
3243,bild.de,20,0.826404
3247,bild.de,20,0.816771
3248,bild.de,20,0.890708
3252,compact-online.de,20,0.899015
3253,compact-online.de,20,0.836505
3254,faz.net,20,0.827376
3255,faz.net,20,0.811096
3256,faz.net,20,0.802664
3257,faz.net,20,0.763805
3258,faz.net,20,0.822782
3259,faz.net,20,0.846948
3263,faz.net,20,0.845484
3264,faz.net,20,0.871469
3266,fr.de,20,0.841990
3267,fr.de,20,0.812847
3268,fr.de,20,0.839276
3278,spiegel.de,20,0.829499
3279,spiegel.de,20,0.722959
3280,spiegel.de,20,0.793921
3287,spiegel.de,20,0.741085
3289,sueddeutsche.de,20,0.796795
3291,sueddeutsche.de,20,0.737356
3293,sueddeutsche.de,20,0.842494
3296,sueddeutsche.de,20,0.762506
3298,sueddeutsche.de,20,0.836889
3300,sueddeutsche.de,20,0.818240
3305,welt.de,20,0.803175
3317,zeit.de,20,0.794544
3318,zeit.de,20,0.793247
3319,zeit.de,20,0.838433
3322,zeit.de,20,0.867783
3324,zeit.de,20,0.830966
3325,zeit.de,20,0.777695
3338,gmx.net,20,0.841443
3340,gmx.net,20,0.813691
3349,gmx.net,20,0.878788
3355,volksstimme.de,20,0.830742
3359,bild.de,20,0.855844
3363,compact-online.de,20,0.837186
3364,compact-online.de,20,0.900384
3365,compact-online.de,20,0.851413
3366,faz.net,20,0.834816
3374,fr.de,20,0.806138
3376,fr.de,20,0.839276
3377,spiegel.de,20,0.858726
3378,spiegel.de,20,0.793035
3381,spiegel.de,20,0.823845
3384,spiegel.de,20,0.862536
3386,sueddeutsche.de,20,0.860174
3392,zeit.de,20,0.841136
3393,zeit.de,20,0.735260
3394,zeit.de,20,0.868763
3395,zeit.de,20,0.837063
3397,zeit.de,20,0.793480
3398,zeit.de,20,0.778728
3399,zeit.de,20,0.789412
3404,gmx.net,20,0.769686
3406,gmx.net,20,0.860382
3408,gmx.net,20,0.858139
3409,gmx.net,20,0.860382
3412,volksstimme.de,20,0.858139
3413,volksstimme.de,20,0.860382
3415,volksstimme.de,20,0.859912
3416,bild.de,20,0.851899
3420,faz.net,20,0.816566
3421,fr.de,20,0.841990
3423,fr.de,20,0.806138
3425,spiegel.de,20,0.848440
3426,spiegel.de,20,0.823845
3429,spiegel.de,20,0.857192
3430,spiegel.de,20,0.862536
3433,sueddeutsche.de,20,0.842494
3434,sueddeutsche.de,20,0.780303
3436,zeit.de,20,0.858029
3447,faz.net,20,0.809995
3453,spiegel.de,20,0.806618
3454,zeit.de,20,0.812780
3455,zeit.de,20,0.837889
3456,zeit.de,20,0.882195
3457,gmx.net,20,0.833805
3459,volksstimme.de,20,0.833805
3464,bild.de,20,0.810942
3466,bild.de,20,0.843849
3467,compact-online.de,20,0.916383
3468,compact-online.de,20,0.869289
3469,compact-online.de,20,0.850593
3470,compact-online.de,20,0.810066
3472,faz.net,20,0.774454
3473,faz.net,20,0.833388
3474,faz.net,20,0.787846
3476,fr.de,20,0.782158
3481,spiegel.de,20,0.827818
3486,spiegel.de,20,0.823709
3487,spiegel.de,20,0.827973
3490,sueddeutsche.de,20,0.741378
3493,welt.de,20,0.790414
3495,welt.de,20,0.773294
3496,welt.de,20,0.844609
3497,welt.de,20,0.803175
3499,zeit.de,20,0.866179
3504,zeit.de,20,0.791374
3505,zeit.de,20,0.746895
3506,zeit.de,20,0.831306
3509,gmx.net,20,0.831358
3512,gmx.net,20,0.833805
3513,gmx.net,20,0.861699
3517,gmx.net,20,0.785966
3521,gmx.net,20,0.832796
3534,volksstimme.de,20,0.832796
3535,volksstimme.de,20,0.832796
3542,volksstimme.de,20,0.860256
3546,bild.de,20,0.831151
3548,bild.de,20,0.847117
3553,bild.de,20,0.839986
3554,bild.de,20,0.837738
3556,compact-online.de,20,0.841576
3557,compact-online.de,20,0.869328
3558,compact-online.de,20,0.882493
3559,compact-online.de,20,0.924477
3560,compact-online.de,20,0.799266
3561,compact-online.de,20,0.814530
3562,compact-online.de,20,0.815074
3563,compact-online.de,20,0.840121
3565,faz.net,20,0.789875
3566,faz.net,20,0.789932
3567,faz.net,20,0.807943
3568,faz.net,20,0.806433
3571,faz.net,20,0.787846
3574,fr.de,20,0.839140
3575,fr.de,20,0.760029
3578,spiegel.de,20,0.785923
3581,sueddeutsche.de,20,0.778196
3587,sueddeutsche.de,20,0.896125
3590,welt.de,20,0.837423
3596,zeit.de,20,0.862013
3599,zeit.de,20,0.866179
3602,zeit.de,20,0.791374
3614,gmx.net,20,0.839166
3622,gmx.net,20,0.842676
3631,gmx.net,20,0.832508
3632,gmx.net,20,0.849372
3634,volksstimme.de,20,0.855179
3635,volksstimme.de,20,0.855508
3637,volksstimme.de,20,0.833058
3641,volksstimme.de,20,0.796252
3647,bild.de,20,0.783207
3651,bild.de,20,0.880263
3654,compact-online.de,20,0.855702
3655,compact-online.de,20,0.842863
3656,compact-online.de,20,0.877836
3657,compact-online.de,20,0.861540
3658,compact-online.de,20,0.809830
3659,compact-online.de,20,0.792841
3660,compact-online.de,20,0.806030
3661,compact-online.de,20,0.800013
3663,faz.net,20,0.798521
3664,faz.net,20,0.812669
3669,faz.net,20,0.816566
3675,fr.de,20,0.838341
3676,fr.de,20,0.842474
3677,fr.de,20,0.781316
3678,fr.de,20,0.760029
3681,spiegel.de,20,0.830991
3685,spiegel.de,20,0.794051
3686,spiegel.de,20,0.875222
3687,spiegel.de,20,0.824297
3691,spiegel.de,20,0.819922
3692,sueddeutsche.de,20,0.838751
3693,sueddeutsche.de,20,0.841357
3696,sueddeutsche.de,20,0.839138
3698,sueddeutsche.de,20,0.853234
3700,sueddeutsche.de,20,0.800927
3704,sueddeutsche.de,20,0.839362
3706,sueddeutsche.de,20,0.891787
3707,sueddeutsche.de,20,0.842494
3711,welt.de,20,0.823923
3712,welt.de,20,0.869061
3713,welt.de,20,0.834284
3715,zeit.de,20,0.830745
3716,zeit.de,20,0.844258
3717,zeit.de,20,0.780187
3718,zeit.de,20,0.847427
3719,zeit.de,20,0.869846
3720,zeit.de,20,0.862013
3722,zeit.de,20,0.747361
3730,gmx.net,20,0.885246
3754,volksstimme.de,20,0.866942
3756,volksstimme.de,20,0.834600
3757,volksstimme.de,20,0.900699
3761,bild.de,20,0.858834
3769,compact-online.de,20,0.872579
3770,compact-online.de,20,0.824058
3771,faz.net,20,0.804274
3772,faz.net,20,0.824468
3774,faz.net,20,0.844755
3776,faz.net,20,0.844563
3780,fr.de,20,0.826081
3785,fr.de,20,0.875031
3788,fr.de,20,0.833589
3791,spiegel.de,20,0.788516
3795,spiegel.de,20,0.840779
3798,sueddeutsche.de,20,0.829923
3799,sueddeutsche.de,20,0.865840
3801,sueddeutsche.de,20,0.866333
3806,welt.de,20,0.862630
3813,zeit.de,20,0.833996
3814,zeit.de,20,0.873348
3815,zeit.de,20,0.832720
3816,zeit.de,20,0.772449
3817,zeit.de,20,0.827826
3818,zeit.de,20,0.836467
3819,zeit.de,20,0.774097
3820,zeit.de,20,0.823216
3823,gmx.net,20,0.886694
3844,volksstimme.de,20,0.860748
3845,volksstimme.de,20,0.877361
3853,compact-online.de,20,0.926164
3854,compact-online.de,20,0.906100
3855,compact-online.de,20,0.843127
3856,faz.net,20,0.738819
3858,faz.net,20,0.823298
3861,fr.de,20,0.796329
3862,fr.de,20,0.837805
3863,fr.de,20,0.872278
3866,fr.de,20,0.781743
3868,fr.de,20,0.822863
3870,spiegel.de,20,0.878777
3871,spiegel.de,20,0.820974
3873,spiegel.de,20,0.720512
3880,welt.de,20,0.796546
3882,zeit.de,20,0.885786
3893,gmx.net,20,0.860748
3896,volksstimme.de,20,0.874659
3902,bild.de,20,0.853955
3904,compact-online.de,20,0.939480
3905,compact-online.de,20,0.857100
3907,fr.de,20,0.789210
3908,fr.de,20,0.780508
3912,spiegel.de,20,0.833734
3915,zeit.de,20,0.856916
3925,volksstimme.de,20,0.883363
3926,bild.de,20,0.829246
3928,compact-online.de,20,0.889710
3929,compact-online.de,20,0.830504
3930,spiegel.de,20,0.818381
3932,sueddeutsche.de,20,0.839006
3934,zeit.de,20,0.838425
3935,gmx.net,20,0.838310
3938,gmx.net,20,0.842592
3940,gmx.net,20,0.899045
3941,volksstimme.de,20,0.833038
3942,volksstimme.de,20,0.842592
3943,spiegel.de,20,0.828757
3944,gmx.net,20,0.886458
3945,faz.net,20,0.804798
3946,spiegel.de,20,0.806987
3947,zeit.de,20,0.839019
3953,bild.de,20,0.861180
3954,bild.de,20,0.853961
3955,bild.de,20,0.842272
3957,faz.net,20,0.792417
3958,faz.net,20,0.804770
3959,faz.net,20,0.784170
3960,faz.net,20,0.843865
3964,faz.net,20,0.837812
3976,sueddeutsche.de,20,0.858866
3978,sueddeutsche.de,20,0.794600
3980,welt.de,20,0.841129
3983,welt.de,20,0.823587
3986,zeit.de,20,0.827851
3988,zeit.de,20,0.862393
3990,zeit.de,20,0.878031
3992,zeit.de,20,0.796337
3993,zeit.de,20,0.804856
3995,zeit.de,20,0.845540
4000,gmx.net,20,0.838495
4008,gmx.net,20,0.873043
4022,volksstimme.de,20,0.857887
4024,volksstimme.de,20,0.852860
4025,volksstimme.de,20,0.841466
4027,volksstimme.de,20,0.870493
4033,bild.de,20,0.866986
4035,bild.de,20,0.859342
4043,compact-online.de,20,0.847739
4044,compact-online.de,20,0.878902
4045,compact-online.de,20,0.877552
4046,compact-online.de,20,0.900966
4047,compact-online.de,20,0.796891
4048,compact-online.de,20,0.821424
4049,compact-online.de,20,0.825351
4050,compact-online.de,20,0.809527
4051,compact-online.de,20,0.847001
4053,faz.net,20,0.801204
4054,faz.net,20,0.839828
4057,faz.net,20,0.823298
4058,faz.net,20,0.816566
4059,fr.de,20,0.803128
4062,fr.de,20,0.867665
4068,spiegel.de,20,0.828757
4072,spiegel.de,20,0.816408
4075,spiegel.de,20,0.833734
4077,sueddeutsche.de,20,0.855672
4080,sueddeutsche.de,20,0.858866
4081,sueddeutsche.de,20,0.794600
4082,sueddeutsche.de,20,0.865840
4083,sueddeutsche.de,20,0.839006
4089,welt.de,20,0.833563
4090,welt.de,20,0.890942
4094,zeit.de,20,0.794760
4095,zeit.de,20,0.861998
4096,gmx.net,20,0.856914
4110,gmx.net,20,0.815642
4112,gmx.net,20,0.869759
4128,volksstimme.de,20,0.855934
4141,bild.de,20,0.805248
4152,compact-online.de,20,0.882311
4153,compact-online.de,20,0.880676
4154,compact-online.de,20,0.869183
4155,compact-online.de,20,0.883841
4156,compact-online.de,20,0.820655
4157,compact-online.de,20,0.817053
4158,compact-online.de,20,0.810531
4159,faz.net,20,0.817417
4160,faz.net,20,0.786818
4167,fr.de,20,0.756539
4173,fr.de,20,0.836100
4179,spiegel.de,20,0.855397
4180,spiegel.de,20,0.844775
4184,sueddeutsche.de,20,0.822290
4185,sueddeutsche.de,20,0.777744
4190,sueddeutsche.de,20,0.855672
4196,sueddeutsche.de,20,0.877560
4197,sueddeutsche.de,20,0.910121
4198,sueddeutsche.de,20,0.907880
4200,sueddeutsche.de,20,0.892414
4206,zeit.de,20,0.836018
4207,zeit.de,20,0.920127
4209,zeit.de,20,0.846269
4221,gmx.net,20,0.833961
4239,volksstimme.de,20,0.887073
4248,bild.de,20,0.856341
4250,bild.de,20,0.827560
4252,compact-online.de,20,0.899239
4253,compact-online.de,20,0.837129
4254,compact-online.de,20,0.824061
4255,compact-online.de,20,0.781895
4267,fr.de,20,0.790377
4272,fr.de,20,0.803275
4274,fr.de,20,0.804745
4277,spiegel.de,20,0.826943
4280,spiegel.de,20,0.855397
4284,spiegel.de,20,0.843932
4289,spiegel.de,20,0.816408
4292,sueddeutsche.de,20,0.849708
4295,sueddeutsche.de,20,0.829926
4296,sueddeutsche.de,20,0.800957
4309,welt.de,20,0.816636
4311,zeit.de,20,0.848676
4315,gmx.net,20,0.851242
4327,gmx.net,20,0.857077
4328,gmx.net,20,0.811610
4332,gmx.net,20,0.956697
4335,gmx.net,20,0.819746
4339,gmx.net,20,0.868807
4345,volksstimme.de,20,0.857077
4347,bild.de,20,0.895119
4351,compact-online.de,20,0.926101
4352,compact-online.de,20,0.928279
4353,compact-online.de,20,0.847521
4354,compact-online.de,20,0.826736
4355,faz.net,20,0.853289
4357,faz.net,20,0.891041
4358,faz.net,20,0.871202
4359,fr.de,20,0.882567
4361,fr.de,20,0.854049
4364,fr.de,20,0.827568
4365,fr.de,20,0.790377
4366,spiegel.de,20,0.861271
4367,spiegel.de,20,0.836883
4369,spiegel.de,20,0.841000
4371,sueddeutsche.de,20,0.889966
4372,sueddeutsche.de,20,0.765688
4376,zeit.de,20,0.900356
4378,zeit.de,20,0.825083
4379,zeit.de,20,0.869167
4383,gmx.net,20,0.894394
4388,gmx.net,20,0.894394
4392,gmx.net,20,0.893905
4393,volksstimme.de,20,0.894394
4396,bild.de,20,0.860734
4397,compact-online.de,20,0.847433
4402,welt.de,20,0.770851
4403,zeit.de,20,0.809048
4406,gmx.net,20,0.840933
4416,gmx.net,20,0.882929
4417,gmx.net,20,0.862781
4423,gmx.net,20,0.875267
4431,fr.de,20,0.846751
4433,zeit.de,20,0.842801
4437,spiegel.de,20,0.771069
4439,volksstimme.de,20,0.883258
4441,faz.net,20,0.749684
4442,sueddeutsche.de,20,0.792515
4444,zeit.de,20,0.846230
4446,gmx.net,20,0.849109
4448,bild.de,20,0.835570
4450,compact-online.de,20,0.858672
4451,compact-online.de,20,0.788127
4453,faz.net,20,0.806274
4454,faz.net,20,0.807765
4455,fr.de,20,0.823698
4456,spiegel.de,20,0.737835
4457,spiegel.de,20,0.821224
4458,spiegel.de,20,0.865290
4459,spiegel.de,20,0.818330
4460,sueddeutsche.de,20,0.792515
4464,zeit.de,20,0.808148
4465,zeit.de,20,0.868012
4471,gmx.net,20,0.748186
4472,gmx.net,20,0.799997
4473,gmx.net,20,0.879926
4489,bild.de,20,0.819534
4492,bild.de,20,0.841599
4493,bild.de,20,0.779926
4494,compact-online.de,20,0.847103
4495,compact-online.de,20,0.846336
4497,compact-online.de,20,0.861902
4498,compact-online.de,20,0.774235
4499,compact-online.de,20,0.818985
4500,compact-online.de,20,0.792319
4501,compact-online.de,20,0.784571
4502,faz.net,20,0.818443
4510,spiegel.de,20,0.776663
4513,sueddeutsche.de,20,0.874212
4514,welt.de,20,0.853379
4515,welt.de,20,0.817137
4520,zeit.de,20,0.847102
4529,gmx.net,20,0.891325
4531,gmx.net,20,0.842953
4541,volksstimme.de,20,0.842953
4546,bild.de,20,0.804153
4551,bild.de,20,0.831661
4552,compact-online.de,20,0.901430
4553,compact-online.de,20,0.831706
4554,compact-online.de,20,0.882760
4555,compact-online.de,20,0.773960
4556,compact-online.de,20,0.777954
4557,compact-online.de,20,0.815604
4558,compact-online.de,20,0.797828
4560,faz.net,20,0.806991
4562,fr.de,20,0.819315
4566,spiegel.de,20,0.822145
4569,sueddeutsche.de,20,0.758007
4570,sueddeutsche.de,20,0.789103
4593,gmx.net,20,0.879511
4602,volksstimme.de,20,0.846186
4606,faz.net,20,0.901635
4608,spiegel.de,20,0.776663
4609,spiegel.de,20,0.737835
4610,spiegel.de,20,0.770758
4611,spiegel.de,20,0.830277
4612,spiegel.de,20,0.841000
4617,zeit.de,20,0.853108
4624,gmx.net,20,0.854736
4625,gmx.net,20,0.864395
4630,gmx.net,20,0.844055
4631,gmx.net,20,0.861329
4635,gmx.net,20,0.900090
4639,volksstimme.de,20,0.861329
4647,compact-online.de,20,0.917359
4648,compact-online.de,20,0.823749
4650,faz.net,20,0.813683
4651,faz.net,20,0.811153
4652,spiegel.de,20,0.812564
4655,spiegel.de,20,0.850737
4658,zeit.de,20,0.827725
4660,zeit.de,20,0.853108
4672,gmx.net,20,0.921017
4674,bild.de,20,0.820335
4675,compact-online.de,20,0.901596
4676,compact-online.de,20,0.873305
4677,compact-online.de,20,0.800808
4678,compact-online.de,20,0.824695
4680,faz.net,20,0.830225
4682,fr.de,20,0.835891
4684,spiegel.de,20,0.764800
4685,spiegel.de,20,0.803787
4687,sueddeutsche.de,20,0.867589
4691,zeit.de,20,0.827725
4694,gmx.net,20,0.868765
4705,bild.de,20,0.831416
4709,faz.net,20,0.773953
4710,fr.de,20,0.776697
4711,fr.de,20,0.861724
4713,sueddeutsche.de,20,0.768227
4715,zeit.de,20,0.850902
4716,zeit.de,20,0.786975
4721,gmx.net,20,0.776874
4722,gmx.net,20,0.894413
4726,gmx.net,20,0.870828
4731,volksstimme.de,20,0.799203
4733,compact-online.de,20,0.930170
4734,compact-online.de,20,0.859781
4736,spiegel.de,20,0.727633
4740,volksstimme.de,20,0.858442
4743,faz.net,20,0.788670
4744,faz.net,20,0.786169
4746,fr.de,20,0.835891
4762,compact-online.de,20,0.907231
4763,compact-online.de,20,0.813895
4766,fr.de,20,0.823698
4767,spiegel.de,20,0.817387
4775,gmx.net,20,0.798161
4781,bild.de,20,0.819295
4782,bild.de,20,0.834852
4783,compact-online.de,20,0.866299
4784,compact-online.de,20,0.806552
4786,spiegel.de,20,0.759298
4788,spiegel.de,20,0.764800
4789,spiegel.de,20,0.803787
4791,spiegel.de,20,0.821224
4794,spiegel.de,20,0.850737
4797,gmx.net,20,0.801532
4805,fr.de,20,0.810707
4807,fr.de,20,0.818920
4812,spiegel.de,20,0.836713
4813,welt.de,20,0.840583
4814,gmx.net,20,0.744111
4816,volksstimme.de,20,0.869675
4817,bild.de,20,0.832254
4819,faz.net,20,0.820845
4820,spiegel.de,20,0.851371
4821,sueddeutsche.de,20,0.870191
4822,zeit.de,20,0.847239
4823,volksstimme.de,20,0.799490
4824,volksstimme.de,20,0.888860
4825,volksstimme.de,20,0.908215
4826,faz.net,20,0.796825
4827,faz.net,20,0.781257
4828,faz.net,20,0.798847
4829,spiegel.de,20,0.839146
4830,zeit.de,20,0.838083
4831,volksstimme.de,20,0.863462
4832,volksstimme.de,20,0.907536
4833,bild.de,20,0.849312
4835,compact-online.de,20,0.897512
4836,compact-online.de,20,0.828548
4837,faz.net,20,0.795405
4839,fr.de,20,0.830516
4840,fr.de,20,0.837605
4841,spiegel.de,20,0.772060
4842,spiegel.de,20,0.738141
4844,sueddeutsche.de,20,0.750624
4845,welt.de,20,0.805282
4846,zeit.de,20,0.785746
4847,zeit.de,20,0.825337
4848,zeit.de,20,0.778690
4849,gmx.net,20,0.847957
4851,gmx.net,20,0.834400
4855,gmx.net,20,0.880990
4857,volksstimme.de,20,0.818032
4858,volksstimme.de,20,0.888919
4859,volksstimme.de,20,0.796251
4861,bild.de,20,0.816433
4862,bild.de,20,0.858249
4863,compact-online.de,20,0.881320
4864,compact-online.de,20,0.947494
4865,compact-online.de,20,0.900644
4866,compact-online.de,20,0.806552
4867,compact-online.de,20,0.844531
4868,compact-online.de,20,0.802913
4869,compact-online.de,20,0.810073
4870,faz.net,20,0.807972
4871,faz.net,20,0.761407
4873,faz.net,20,0.794559
4875,spiegel.de,20,0.812073
4876,spiegel.de,20,0.818025
4878,sueddeutsche.de,20,0.815213
4881,welt.de,20,0.882801
4883,welt.de,20,0.799442
4884,welt.de,20,0.824231
4885,welt.de,20,0.874337
4886,zeit.de,20,0.785746
4887,zeit.de,20,0.791402
4888,zeit.de,20,0.821855
4890,gmx.net,20,0.905541
4891,gmx.net,20,0.861449
4893,gmx.net,20,0.847742
4899,gmx.net,20,0.864992
4902,volksstimme.de,20,0.883743
4904,bild.de,20,0.852837
4905,bild.de,20,0.792505
4907,compact-online.de,20,0.891699
4908,compact-online.de,20,0.847019
4909,compact-online.de,20,0.934500
4910,compact-online.de,20,0.785091
4911,compact-online.de,20,0.804414
4912,faz.net,20,0.828874
4913,fr.de,20,0.841412
4915,spiegel.de,20,0.768032
4916,spiegel.de,20,0.839146
4917,spiegel.de,20,0.851371
4918,spiegel.de,20,0.836713
4925,welt.de,20,0.841245
4927,zeit.de,20,0.792379
4936,gmx.net,20,0.884480
4943,volksstimme.de,20,0.884480
4944,volksstimme.de,20,0.876058
4945,volksstimme.de,20,0.869998
4947,bild.de,20,0.859491
4949,bild.de,20,0.872584
4950,bild.de,20,0.829899
4951,compact-online.de,20,0.864792
4952,compact-online.de,20,0.795172
4953,compact-online.de,20,0.857145
4954,faz.net,20,0.867608
4958,spiegel.de,20,0.840647
4959,spiegel.de,20,0.812073
4962,zeit.de,20,0.834866
4967,gmx.net,20,0.828460
4977,volksstimme.de,20,0.847309
4982,bild.de,20,0.872584
4983,compact-online.de,20,0.942030
4984,compact-online.de,20,0.788494
4985,compact-online.de,20,0.844466
4986,compact-online.de,20,0.728737
4987,faz.net,20,0.786299
4988,fr.de,20,0.838730
4989,spiegel.de,20,0.768904
4990,sueddeutsche.de,20,0.810803
4991,sueddeutsche.de,20,0.850574
4995,zeit.de,20,0.874135
5006,bild.de,20,0.861209
5007,bild.de,20,0.838778
5012,compact-online.de,20,0.902728
5013,compact-online.de,20,0.822468
5014,faz.net,20,0.853384
5015,faz.net,20,0.768738
5016,faz.net,20,0.779554
5019,fr.de,20,0.866449
5022,sueddeutsche.de,20,0.854393
5024,zeit.de,20,0.770639
5025,zeit.de,20,0.886482
5026,zeit.de,20,0.794147
5027,zeit.de,20,0.845184
5028,zeit.de,20,0.874135
5030,gmx.net,20,0.862294
5031,gmx.net,20,0.824917
5043,faz.net,20,0.775608
5046,zeit.de,20,0.838083
5054,compact-online.de,20,0.830828
5055,compact-online.de,20,0.779335
5056,faz.net,20,0.824956
5059,spiegel.de,20,0.765098
5060,spiegel.de,20,0.816620
5063,welt.de,20,0.803473
5068,spiegel.de,20,0.819460
5074,volksstimme.de,20,0.869270
5077,fr.de,20,0.864273
5079,spiegel.de,20,0.773232
5081,spiegel.de,20,0.819460
5082,spiegel.de,20,0.816620
5084,spiegel.de,20,0.768904
5085,zeit.de,20,0.857504
5086,gmx.net,20,0.838373
5087,gmx.net,20,0.874002
5089,compact-online.de,20,0.898660
5090,compact-online.de,20,0.820401
5091,faz.net,20,0.790390
5095,welt.de,20,0.804844
5096,zeit.de,20,0.863342
5110,faz.net,20,0.790844
5111,faz.net,20,0.788692
5112,zeit.de,20,0.840312
5113,zeit.de,20,0.795161
5118,bild.de,20,0.863213
5119,compact-online.de,20,0.887000
5120,compact-online.de,20,0.875531
5121,compact-online.de,20,0.826040
5122,compact-online.de,20,0.798957
5124,faz.net,20,0.785827
5129,spiegel.de,20,0.736999
5132,sueddeutsche.de,20,0.788093
5135,welt.de,20,0.909304
5138,welt.de,20,0.806230
5139,zeit.de,20,0.845094
5144,gmx.net,20,0.809907
5152,gmx.net,20,0.830323
5157,gmx.net,20,0.844654
5163,volksstimme.de,20,0.841390
5164,volksstimme.de,20,0.850624
5178,bild.de,20,0.814993
5184,compact-online.de,20,0.877239
5185,compact-online.de,20,0.920521
5186,compact-online.de,20,0.836732
5187,compact-online.de,20,0.891682
5188,compact-online.de,20,0.879973
5189,compact-online.de,20,0.820401
5190,compact-online.de,20,0.826040
5191,compact-online.de,20,0.811458
5192,compact-online.de,20,0.810552
5193,compact-online.de,20,0.816152
5194,compact-online.de,20,0.791060
5195,compact-online.de,20,0.815557
5199,fr.de,20,0.826033
5200,fr.de,20,0.798227
5205,sueddeutsche.de,20,0.787075
5209,sueddeutsche.de,20,0.868404
5215,sueddeutsche.de,20,0.830173
5219,welt.de,20,0.813771
5223,zeit.de,20,0.871457
5224,zeit.de,20,0.830824
5225,zeit.de,20,0.778228
5227,zeit.de,20,0.797785
5248,gmx.net,20,0.881227
5259,volksstimme.de,20,0.848533
5267,compact-online.de,20,0.893439
5268,compact-online.de,20,0.871842
5269,compact-online.de,20,0.897573
5270,compact-online.de,20,0.937122
5271,compact-online.de,20,0.820523
5272,compact-online.de,20,0.802999
5273,faz.net,20,0.810662
5274,faz.net,20,0.796018
5278,fr.de,20,0.844307
5282,spiegel.de,20,0.827204
5284,spiegel.de,20,0.856913
5289,sueddeutsche.de,20,0.759320
5293,welt.de,20,0.799134
5298,zeit.de,20,0.822904
5299,zeit.de,20,0.812494
5302,zeit.de,20,0.778228
5303,zeit.de,20,0.840312
5304,zeit.de,20,0.795161
5316,gmx.net,20,0.857603
5317,gmx.net,20,0.884333
5323,gmx.net,20,0.911731
5325,volksstimme.de,20,0.830971
5327,volksstimme.de,20,0.857603
5328,volksstimme.de,20,0.839676
5336,compact-online.de,20,0.877561
5337,compact-online.de,20,0.869826
5338,compact-online.de,20,0.815964
5339,compact-online.de,20,0.810564
5344,fr.de,20,0.842610
5351,spiegel.de,20,0.820829
5359,zeit.de,20,0.801517
5360,zeit.de,20,0.820143
5367,gmx.net,20,0.783533
5374,volksstimme.de,20,0.801705
5379,compact-online.de,20,0.877722
5380,compact-online.de,20,0.795179
5381,faz.net,20,0.880202
5382,spiegel.de,20,0.806985
5385,zeit.de,20,0.777678
5390,faz.net,20,0.796805
5398,spiegel.de,20,0.856913
5406,bild.de,20,0.808395
5412,fr.de,20,0.849064
5414,fr.de,20,0.844307
5415,sueddeutsche.de,20,0.793172
5422,zeit.de,20,0.814831
5426,gmx.net,20,0.838355
5428,volksstimme.de,20,0.838355
5429,bild.de,20,0.837092
5433,faz.net,20,0.824235
5435,faz.net,20,0.827688
5440,spiegel.de,20,0.752475
5441,spiegel.de,20,0.832969
5443,spiegel.de,20,0.844373
5445,sueddeutsche.de,20,0.811394
5446,sueddeutsche.de,20,0.739786
5447,welt.de,20,0.802280
5448,welt.de,20,0.802280
5449,welt.de,20,0.846035
5451,zeit.de,20,0.827118
5452,zeit.de,20,0.807970
5458,gmx.net,20,0.801239
5463,volksstimme.de,20,0.802476
5468,bild.de,20,0.863563
5472,bild.de,20,0.875924
5473,compact-online.de,20,0.875208
5475,compact-online.de,20,0.921086
5476,compact-online.de,20,0.875380
5477,compact-online.de,20,0.808057
5478,compact-online.de,20,0.822268
5479,compact-online.de,20,0.813055
5481,faz.net,20,0.802001
5482,faz.net,20,0.811592
5483,faz.net,20,0.818227
5484,fr.de,20,0.833144
5486,fr.de,20,0.781863
5487,fr.de,20,0.836157
5493,spiegel.de,20,0.876369
5494,spiegel.de,20,0.826474
5495,sueddeutsche.de,20,0.811394
5499,sueddeutsche.de,20,0.745245
5507,welt.de,20,0.873444
5510,zeit.de,20,0.836431
5511,zeit.de,20,0.920184
5512,zeit.de,20,0.779947
5513,zeit.de,20,0.808196
5514,zeit.de,20,0.785482
5520,gmx.net,20,0.799489
5526,gmx.net,20,0.840554
5527,gmx.net,20,0.879710
5528,gmx.net,20,0.819851
5540,volksstimme.de,20,0.771884
5554,bild.de,20,0.809614
5557,bild.de,20,0.816926
5562,compact-online.de,20,0.888538
5563,compact-online.de,20,0.900589
5564,compact-online.de,20,0.905255
5565,compact-online.de,20,0.907977
5566,compact-online.de,20,0.902018
5567,compact-online.de,20,0.867639
5568,compact-online.de,20,0.878666
5569,compact-online.de,20,0.885119
5570,compact-online.de,20,0.901564
5571,compact-online.de,20,0.890660
5572,compact-online.de,20,0.834240
5573,compact-online.de,20,0.839052
5574,compact-online.de,20,0.822761
5575,compact-online.de,20,0.832920
5576,compact-online.de,20,0.820364
5577,compact-online.de,20,0.811804
5578,compact-online.de,20,0.822507
5579,compact-online.de,20,0.810969
5580,compact-online.de,20,0.824937
5581,compact-online.de,20,0.820181
5583,faz.net,20,0.811320
5584,faz.net,20,0.799813
5585,faz.net,20,0.782105
5589,faz.net,20,0.852921
5591,faz.net,20,0.889375
5593,faz.net,20,0.895631
5595,fr.de,20,0.790793
5604,spiegel.de,20,0.806857
5605,spiegel.de,20,0.865146
5611,sueddeutsche.de,20,0.764148
5612,sueddeutsche.de,20,0.741950
5615,sueddeutsche.de,20,0.763231
5619,sueddeutsche.de,20,0.841682
5620,sueddeutsche.de,20,0.841441
5621,sueddeutsche.de,20,0.846630
5623,sueddeutsche.de,20,0.805210
5624,sueddeutsche.de,20,0.925137
5634,welt.de,20,0.839660
5639,zeit.de,20,0.825206
5640,zeit.de,20,0.795413
5641,zeit.de,20,0.875805
5642,zeit.de,20,0.769222
5644,gmx.net,20,0.883019
5647,gmx.net,20,0.809164
5652,gmx.net,20,0.832420
5657,gmx.net,20,0.835591
5658,gmx.net,20,0.860625
5660,gmx.net,20,0.788135
5663,gmx.net,20,0.881097
5676,gmx.net,20,0.859310
5679,volksstimme.de,20,0.835591
5680,volksstimme.de,20,0.840749
5681,volksstimme.de,20,0.840348
5683,volksstimme.de,20,0.846146
5696,bild.de,20,0.856612
5701,compact-online.de,20,0.894156
5702,compact-online.de,20,0.838008
5703,faz.net,20,0.881460
5704,faz.net,20,0.797340
5705,faz.net,20,0.776304
5706,faz.net,20,0.827552
5711,faz.net,20,0.807887
5713,fr.de,20,0.849890
5718,fr.de,20,0.773274
5720,fr.de,20,0.828411
5725,spiegel.de,20,0.833384
5727,spiegel.de,20,0.850662
5728,spiegel.de,20,0.774600
5729,sueddeutsche.de,20,0.784425
5732,sueddeutsche.de,20,0.783015
5742,zeit.de,20,0.805981
5743,zeit.de,20,0.842005
5744,zeit.de,20,0.800925
5745,zeit.de,20,0.769938
5747,zeit.de,20,0.793924
5748,zeit.de,20,0.825206
5749,zeit.de,20,0.875805
5759,gmx.net,20,0.841823
5762,gmx.net,20,0.883019
5779,compact-online.de,20,0.880303
5780,compact-online.de,20,0.918366
5781,compact-online.de,20,0.842175
5787,fr.de,20,0.827495
5796,sueddeutsche.de,20,0.840446
5797,welt.de,20,0.866043
5799,zeit.de,20,0.781368
5800,zeit.de,20,0.828246
5803,gmx.net,20,0.827526
5810,gmx.net,20,0.816454
5811,gmx.net,20,0.870862
5814,gmx.net,20,0.840783
5817,bild.de,20,0.851454
5819,bild.de,20,0.801371
5821,fr.de,20,0.818626
5823,spiegel.de,20,0.850872
5833,gmx.net,20,0.876356
5835,bild.de,20,0.851837
5837,zeit.de,20,0.814126
5840,spiegel.de,20,0.834369
5844,bild.de,20,0.840721
5846,bild.de,20,0.850723
5850,faz.net,20,0.810019
5851,faz.net,20,0.883132
5852,fr.de,20,0.849890
5854,spiegel.de,20,0.761055
5856,spiegel.de,20,0.776565
5858,sueddeutsche.de,20,0.775697
5859,welt.de,20,0.824467
5861,zeit.de,20,0.864794
5862,zeit.de,20,0.757276
5863,zeit.de,20,0.809563
5870,gmx.net,20,0.829252
5872,gmx.net,20,0.850644
5874,gmx.net,20,0.891591
5876,gmx.net,20,0.846166
5877,gmx.net,20,0.816644
5880,gmx.net,20,0.822601
5886,gmx.net,20,0.841645
5894,gmx.net,20,0.859310
5900,volksstimme.de,20,0.804938
5908,bild.de,20,0.841262
5915,compact-online.de,20,0.916000
5916,compact-online.de,20,0.878862
5917,compact-online.de,20,0.885495
5918,compact-online.de,20,0.918787
5919,compact-online.de,20,0.832651
5920,compact-online.de,20,0.818356
5921,compact-online.de,20,0.807336
5922,compact-online.de,20,0.846380
5923,compact-online.de,20,0.809327
5925,faz.net,20,0.796676
5926,faz.net,20,0.705902
5946,zeit.de,20,0.841607
5947,zeit.de,20,0.864794
5949,gmx.net,20,0.894885
5951,gmx.net,20,0.860573
5953,gmx.net,20,0.858094
5957,gmx.net,20,0.844207
5960,gmx.net,20,0.837008
5961,gmx.net,20,0.892291
5975,gmx.net,20,0.859310
5980,volksstimme.de,20,0.823375
5984,volksstimme.de,20,0.773289
5987,bild.de,20,0.833246
5997,bild.de,20,0.786264
5998,bild.de,20,0.866416
6000,compact-online.de,20,0.883056
6001,compact-online.de,20,0.901340
6002,compact-online.de,20,0.873392
6003,compact-online.de,20,0.919557
6004,compact-online.de,20,0.832497
6005,compact-online.de,20,0.839400
6006,compact-online.de,20,0.812188
6007,compact-online.de,20,0.836471
6008,faz.net,20,0.851823
6009,faz.net,20,0.773032
6010,faz.net,20,0.844023
6011,faz.net,20,0.889738
6013,faz.net,20,0.822948
6014,fr.de,20,0.867056
6015,spiegel.de,20,0.834369
6017,spiegel.de,20,0.850872
6023,sueddeutsche.de,20,0.890659
6026,sueddeutsche.de,20,0.841267
6027,sueddeutsche.de,20,0.820994
6028,sueddeutsche.de,20,0.842254
6036,welt.de,20,0.829207
6038,welt.de,20,0.872220
6041,zeit.de,20,0.835121
6046,gmx.net,20,0.876073
6048,gmx.net,20,0.822391
6064,gmx.net,20,0.813518
6072,volksstimme.de,20,0.894152
6073,volksstimme.de,20,0.862611
6076,volksstimme.de,20,0.898236
6088,bild.de,20,0.839947
6096,compact-online.de,20,0.883546
6097,compact-online.de,20,0.872595
6098,compact-online.de,20,0.880946
6099,compact-online.de,20,0.904909
6100,compact-online.de,20,0.891213
6101,compact-online.de,20,0.898823
6102,compact-online.de,20,0.893182
6103,compact-online.de,20,0.828377
6104,compact-online.de,20,0.832757
6105,compact-online.de,20,0.817937
6106,compact-online.de,20,0.813299
6107,compact-online.de,20,0.815073
6108,compact-online.de,20,0.809816
6109,compact-online.de,20,0.848679
6111,faz.net,20,0.786032
6112,faz.net,20,0.784906
6113,faz.net,20,0.897392
6114,faz.net,20,0.828638
6121,fr.de,20,0.759136
6122,fr.de,20,0.904095
6123,fr.de,20,0.836916
6125,fr.de,20,0.835241
6128,fr.de,20,0.867056
6129,fr.de,20,0.837238
6132,fr.de,20,0.849890
6133,spiegel.de,20,0.843088
6134,spiegel.de,20,0.809699
6135,spiegel.de,20,0.785194
6139,spiegel.de,20,0.764220
6142,spiegel.de,20,0.819445
6145,sueddeutsche.de,20,0.878410
6147,sueddeutsche.de,20,0.833394
6149,sueddeutsche.de,20,0.830690
6152,sueddeutsche.de,20,0.830035
6155,sueddeutsche.de,20,0.763231
6157,welt.de,20,0.814295
6163,welt.de,20,0.810760
6167,zeit.de,20,0.780918
6169,zeit.de,20,0.878701
6171,zeit.de,20,0.844175
6172,zeit.de,20,0.825340
6173,zeit.de,20,0.770838
6175,zeit.de,20,0.736056
6177,zeit.de,20,0.789074
6179,gmx.net,20,0.881097
6184,gmx.net,20,0.838907
6187,gmx.net,20,0.856184
6201,gmx.net,20,0.876073
6209,gmx.net,20,0.892291
6217,volksstimme.de,20,0.838504
6221,volksstimme.de,20,0.856605
6224,volksstimme.de,20,0.852898
6233,compact-online.de,20,0.911177
6236,faz.net,20,0.813100
6237,faz.net,20,0.814652
6242,fr.de,20,0.843667
6243,fr.de,20,0.842041
6244,fr.de,20,0.836916
6246,fr.de,20,0.801474
6247,fr.de,20,0.822577
6249,spiegel.de,20,0.812371
6252,sueddeutsche.de,20,0.818171
6259,welt.de,20,0.790739
6261,zeit.de,20,0.821492
6268,gmx.net,20,0.807132
6270,gmx.net,20,0.876073
6273,gmx.net,20,0.865461
6276,volksstimme.de,20,0.807132
6279,bild.de,20,0.819469
6282,faz.net,20,0.810121
6283,faz.net,20,0.796912
6284,faz.net,20,0.769979
6285,faz.net,20,0.826719
6289,fr.de,20,0.904095
6291,fr.de,20,0.843667
6294,spiegel.de,20,0.840104
6296,sueddeutsche.de,20,0.837087
6302,gmx.net,20,0.791763
6311,volksstimme.de,20,0.870660
6312,volksstimme.de,20,0.842544
6314,zeit.de,20,0.804861
6323,sueddeutsche.de,20,0.788118
6325,gmx.net,20,0.808606
6326,volksstimme.de,20,0.808606
6329,bild.de,20,0.848400
6331,bild.de,20,0.884634
6332,bild.de,20,0.826025
6334,compact-online.de,20,0.835598
6335,compact-online.de,20,0.774029
6337,faz.net,20,0.798754
6338,faz.net,20,0.815007
6339,faz.net,20,0.882639
6341,fr.de,20,0.787090
6348,spiegel.de,20,0.852804
6350,spiegel.de,20,0.770939
6352,spiegel.de,20,0.797201
6357,sueddeutsche.de,20,0.745551
6363,welt.de,20,0.774416
6365,zeit.de,20,0.825998
6368,zeit.de,20,0.755705
6372,gmx.net,20,0.822391
6375,gmx.net,20,0.801434
6383,gmx.net,20,0.838333
6387,gmx.net,20,0.817294
6393,gmx.net,20,0.844207
6399,volksstimme.de,20,0.849372
6400,volksstimme.de,20,0.848634
6403,volksstimme.de,20,0.866793
6417,bild.de,20,0.794932
6418,bild.de,20,0.867220
6419,compact-online.de,20,0.898233
6420,compact-online.de,20,0.917811
6421,compact-online.de,20,0.920072
6422,compact-online.de,20,0.837161
6423,compact-online.de,20,0.817534
6424,compact-online.de,20,0.839928
6426,faz.net,20,0.820299
6427,faz.net,20,0.806424
6428,faz.net,20,0.803643
6429,faz.net,20,0.850936
6444,spiegel.de,20,0.843088
6445,spiegel.de,20,0.785194
6448,spiegel.de,20,0.812771
6457,sueddeutsche.de,20,0.785220
6465,welt.de,20,0.835963
6475,zeit.de,20,0.797709
6476,zeit.de,20,0.816104
6477,zeit.de,20,0.825998
6492,gmx.net,20,0.860073
6498,gmx.net,20,0.840663
6510,volksstimme.de,20,0.860073
6511,volksstimme.de,20,0.841141
6519,bild.de,20,0.864226
6522,bild.de,20,0.825063
6525,compact-online.de,20,0.875091
6527,compact-online.de,20,0.885463
6528,compact-online.de,20,0.895152
6529,compact-online.de,20,0.909058
6530,compact-online.de,20,0.820551
6531,compact-online.de,20,0.813024
6532,compact-online.de,20,0.832525
6533,compact-online.de,20,0.848540
6534,faz.net,20,0.862097
6535,faz.net,20,0.801158
6536,faz.net,20,0.813170
6537,faz.net,20,0.862391
6540,faz.net,20,0.800461
6543,faz.net,20,0.841386
6547,fr.de,20,0.820187
6548,fr.de,20,0.831983
6550,fr.de,20,0.799913
6551,fr.de,20,0.779863
6556,spiegel.de,20,0.751477
6560,spiegel.de,20,0.770939
6565,spiegel.de,20,0.847677
6566,spiegel.de,20,0.849645
6571,sueddeutsche.de,20,0.869368
6574,sueddeutsche.de,20,0.841763
6578,sueddeutsche.de,20,0.875229
6579,sueddeutsche.de,20,0.824452
6580,sueddeutsche.de,20,0.850930
6587,welt.de,20,0.753725
6590,zeit.de,20,0.779086
6591,zeit.de,20,0.811063
6594,zeit.de,20,0.822248
6598,gmx.net,20,0.849981
6599,gmx.net,20,0.863438
6603,gmx.net,20,0.913541
6613,gmx.net,20,0.913620
6616,gmx.net,20,0.883409
6631,volksstimme.de,20,0.873899
6632,volksstimme.de,20,0.867410
6635,volksstimme.de,20,0.822742
6636,volksstimme.de,20,0.833512
6644,bild.de,20,0.866619
6650,bild.de,20,0.808326
6652,compact-online.de,20,0.835472
6653,compact-online.de,20,0.891266
6654,compact-online.de,20,0.903383
6655,compact-online.de,20,0.785225
6656,compact-online.de,20,0.807047
6657,compact-online.de,20,0.813376
6658,faz.net,20,0.770750
6659,faz.net,20,0.836004
6660,faz.net,20,0.801599
6663,faz.net,20,0.857531
6668,faz.net,20,0.856454
6669,faz.net,20,0.864385
6670,faz.net,20,0.815007
6671,fr.de,20,0.772106
6676,fr.de,20,0.796381
6683,fr.de,20,0.800769
6684,fr.de,20,0.865947
6686,fr.de,20,0.823826
6696,spiegel.de,20,0.823710
6697,spiegel.de,20,0.857630
6698,spiegel.de,20,0.842147
6699,spiegel.de,20,0.847677
6700,spiegel.de,20,0.849645
6705,sueddeutsche.de,20,0.815235
6709,welt.de,20,0.852188
6710,welt.de,20,0.808958
6713,zeit.de,20,0.848420
6714,zeit.de,20,0.834448
6715,zeit.de,20,0.803959
6716,zeit.de,20,0.820330
6728,gmx.net,20,0.865570
6730,gmx.net,20,0.853288
6731,gmx.net,20,0.848866
6735,gmx.net,20,0.855427
6736,gmx.net,20,0.869466
6745,gmx.net,20,0.884687
6746,volksstimme.de,20,0.853288
6747,volksstimme.de,20,0.844745
6749,volksstimme.de,20,0.881644
6751,bild.de,20,0.832147
6752,bild.de,20,0.811699
6755,bild.de,20,0.855935
6756,compact-online.de,20,0.900806
6759,fr.de,20,0.826185
6762,fr.de,20,0.820187
6763,fr.de,20,0.777136
6766,spiegel.de,20,0.823986
6769,spiegel.de,20,0.807781
6771,sueddeutsche.de,20,0.829372
6772,welt.de,20,0.797425
6774,welt.de,20,0.776800
6777,zeit.de,20,0.796091
6781,gmx.net,20,0.784481
6783,gmx.net,20,0.853288
6786,gmx.net,20,0.878065
6787,gmx.net,20,0.877653
6790,volksstimme.de,20,0.880002
6791,volksstimme.de,20,0.877653
6793,bild.de,20,0.848972
6798,fr.de,20,0.792702
6802,spiegel.de,20,0.811333
6804,spiegel.de,20,0.844852
6805,sueddeutsche.de,20,0.842368
6808,zeit.de,20,0.815539
6809,gmx.net,20,0.857369
6813,gmx.net,20,0.880002
6814,gmx.net,20,0.881224
6819,sueddeutsche.de,20,0.765722
6820,gmx.net,20,0.806023
6823,volksstimme.de,20,0.882877
6826,bild.de,20,0.867801
6828,faz.net,20,0.770466
6829,faz.net,20,0.786923
6830,fr.de,20,0.792702
6831,spiegel.de,20,0.790914
6832,spiegel.de,20,0.774436
6833,sueddeutsche.de,20,0.758235
6834,zeit.de,20,0.809376
6836,gmx.net,20,0.855432
6849,volksstimme.de,20,0.806023
6850,volksstimme.de,20,0.847415
6855,bild.de,20,0.843353
6856,bild.de,20,0.852708
6857,compact-online.de,20,0.909490
6858,compact-online.de,20,0.829041
6859,faz.net,20,0.810292
6860,faz.net,20,0.789850
6862,fr.de,20,0.830184
6864,fr.de,20,0.822892
6867,fr.de,20,0.830075
6869,fr.de,20,0.906151
6871,spiegel.de,20,0.773758
6872,spiegel.de,20,0.813135
6877,spiegel.de,20,0.839833
6881,spiegel.de,20,0.823560
6883,sueddeutsche.de,20,0.842368
6887,sueddeutsche.de,20,0.869368
6891,sueddeutsche.de,20,0.791054
6901,zeit.de,20,0.759011
6903,zeit.de,20,0.891639
6904,zeit.de,20,0.743226
6909,gmx.net,20,0.848321
6913,gmx.net,20,0.846236
6918,gmx.net,20,0.821827
6922,gmx.net,20,0.861505
6938,volksstimme.de,20,0.847284
6939,volksstimme.de,20,0.864573
6945,bild.de,20,0.882202
6949,bild.de,20,0.820465
6952,compact-online.de,20,0.844245
6953,compact-online.de,20,0.924042
6954,compact-online.de,20,0.880446
6955,compact-online.de,20,0.800298
6956,compact-online.de,20,0.826107
6957,compact-online.de,20,0.805240
6958,compact-online.de,20,0.849110
6959,faz.net,20,0.843758
6960,faz.net,20,0.782837
6961,faz.net,20,0.840191
6963,faz.net,20,0.828638
6964,faz.net,20,0.862309
6967,fr.de,20,0.839852
6971,fr.de,20,0.822892
6974,spiegel.de,20,0.844852
6976,spiegel.de,20,0.802274
6979,sueddeutsche.de,20,0.729288
6980,sueddeutsche.de,20,0.810133
6982,sueddeutsche.de,20,0.777678
6988,welt.de,20,0.790085
6991,welt.de,20,0.775206
6992,welt.de,20,0.830999
6998,zeit.de,20,0.837688
7000,zeit.de,20,0.846382
7001,zeit.de,20,0.801907
7014,gmx.net,20,0.876785
7027,gmx.net,20,0.832427
7037,volksstimme.de,20,0.878694
7038,volksstimme.de,20,0.850119
7039,volksstimme.de,20,0.831158
7050,bild.de,20,0.829047
7053,bild.de,20,0.859548
7056,compact-online.de,20,0.855067
7057,compact-online.de,20,0.901989
7058,compact-online.de,20,0.874161
7059,compact-online.de,20,0.918822
7060,compact-online.de,20,0.903359
7061,compact-online.de,20,0.804653
7062,compact-online.de,20,0.844475
7063,compact-online.de,20,0.824267
7064,compact-online.de,20,0.837991
7065,compact-online.de,20,0.825124
7067,faz.net,20,0.824177
7071,faz.net,20,0.806856
7072,faz.net,20,0.860498
7073,faz.net,20,0.810292
7075,fr.de,20,0.838943
7082,fr.de,20,0.823950
7087,spiegel.de,20,0.755949
7090,spiegel.de,20,0.796895
7091,spiegel.de,20,0.814834
7093,spiegel.de,20,0.800778
7094,spiegel.de,20,0.813135
7100,sueddeutsche.de,20,0.758532
7102,sueddeutsche.de,20,0.810133
7109,sueddeutsche.de,20,0.775660
7116,sueddeutsche.de,20,0.751842
7123,welt.de,20,0.808999
7130,zeit.de,20,0.788871
7131,zeit.de,20,0.872035
7143,gmx.net,20,0.914339
7145,gmx.net,20,0.865797
7164,volksstimme.de,20,0.865797
7166,volksstimme.de,20,0.813510
7168,volksstimme.de,20,0.835874
7171,bild.de,20,0.882202
7173,bild.de,20,0.846169
7175,bild.de,20,0.858275
7180,compact-online.de,20,0.888326
7181,compact-online.de,20,0.909836
7182,compact-online.de,20,0.828382
7183,compact-online.de,20,0.809537
7184,faz.net,20,0.862472
7185,faz.net,20,0.779470
7186,faz.net,20,0.831477
7187,faz.net,20,0.804291
7190,faz.net,20,0.802903
7196,fr.de,20,0.808516
7202,fr.de,20,0.858944
7205,fr.de,20,0.833900
7207,fr.de,20,0.839852
7213,spiegel.de,20,0.803359
7217,spiegel.de,20,0.738189
7218,spiegel.de,20,0.858181
7219,spiegel.de,20,0.798059
7229,welt.de,20,0.791608
7231,zeit.de,20,0.847091
7233,zeit.de,20,0.753531
7234,zeit.de,20,0.796563
7235,zeit.de,20,0.779720
7236,zeit.de,20,0.851524
7237,zeit.de,20,0.808404
7238,zeit.de,20,0.818760
7243,gmx.net,20,0.893076
7250,gmx.net,20,0.833824
7261,volksstimme.de,20,0.893076
7269,faz.net,20,0.797088
7270,faz.net,20,0.770316
7271,faz.net,20,0.778485
7273,faz.net,20,0.852012
7275,fr.de,20,0.758882
7284,sueddeutsche.de,20,0.875035
7298,gmx.net,20,0.829714
7299,gmx.net,20,0.804012
7303,volksstimme.de,20,0.804012
7305,faz.net,20,0.781694
7306,fr.de,20,0.818722
7307,zeit.de,20,0.893306
7311,gmx.net,20,0.848620
7312,gmx.net,20,0.823114
7324,bild.de,20,0.845373
7325,faz.net,20,0.789152
7328,spiegel.de,20,0.824577
7329,spiegel.de,20,0.813989
7330,sueddeutsche.de,20,0.795258
7332,welt.de,20,0.846583
7333,zeit.de,20,0.864399
7334,zeit.de,20,0.868193
7335,zeit.de,20,0.742361
7336,zeit.de,20,0.867966
7337,zeit.de,20,0.814842
7342,gmx.net,20,0.813518
7343,gmx.net,20,0.805724
7353,volksstimme.de,20,0.805724
7356,volksstimme.de,20,0.870592
7359,volksstimme.de,20,0.853301
7362,bild.de,20,0.848141
7363,bild.de,20,0.773735
7366,compact-online.de,20,0.909924
7367,compact-online.de,20,0.900755
7368,compact-online.de,20,0.831120
7369,compact-online.de,20,0.825431
7370,faz.net,20,0.900830
7371,faz.net,20,0.818494
7373,fr.de,20,0.789790
7374,fr.de,20,0.806111
7377,spiegel.de,20,0.843605
7378,sueddeutsche.de,20,0.821768
7408,bild.de,20,0.846080
7409,bild.de,20,0.856668
7411,compact-online.de,20,0.834757
7412,compact-online.de,20,0.787639
7414,faz.net,20,0.820845
7416,faz.net,20,0.855588
7417,fr.de,20,0.799387
7419,fr.de,20,0.806265
7420,spiegel.de,20,0.824577
7425,welt.de,20,0.805310
7426,welt.de,20,0.915594
7428,zeit.de,20,0.921361
7429,zeit.de,20,0.802783
7430,zeit.de,20,0.852788
7434,zeit.de,20,0.868193
7435,zeit.de,20,0.867966
7436,zeit.de,20,0.815417
7437,gmx.net,20,0.833974
7446,gmx.net,20,0.869243
7448,gmx.net,20,0.883562
7457,bild.de,20,0.875234
7459,compact-online.de,20,0.917054
7460,compact-online.de,20,0.827292
7462,fr.de,20,0.825345
7465,spiegel.de,20,0.827597
7467,zeit.de,20,0.816935
7468,zeit.de,20,0.838774
7485,bild.de,20,0.844338
7486,bild.de,20,0.881874
7490,compact-online.de,20,0.832162
7491,compact-online.de,20,0.780684
7492,faz.net,20,0.803617
7493,fr.de,20,0.815274
7495,spiegel.de,20,0.806686
7499,spiegel.de,20,0.801258
7501,sueddeutsche.de,20,0.833695
7508,zeit.de,20,0.858428
7519,gmx.net,20,0.880535
7523,volksstimme.de,20,0.845940
7525,bild.de,20,0.871017
7526,bild.de,20,0.880409
7527,bild.de,20,0.860770
7529,bild.de,20,0.844338
7531,faz.net,20,0.821313
7534,spiegel.de,20,0.748899
7535,spiegel.de,20,0.823623
7539,sueddeutsche.de,20,0.804483
7541,zeit.de,20,0.877488
7542,zeit.de,20,0.766214
7543,zeit.de,20,0.828854
7545,gmx.net,20,0.901857
7550,volksstimme.de,20,0.901857
7553,bild.de,20,0.838614
7554,bild.de,20,0.855589
7555,bild.de,20,0.780276
7556,faz.net,20,0.881945
7557,fr.de,20,0.874175
7559,fr.de,20,0.797586
7562,sueddeutsche.de,20,0.856196
7564,sueddeutsche.de,20,0.878129
7566,zeit.de,20,0.806672
7572,gmx.net,20,0.857565
7577,volksstimme.de,20,0.917398
7578,bild.de,20,0.806878
7579,compact-online.de,20,0.887172
7580,compact-online.de,20,0.819012
7583,zeit.de,20,0.758301
7584,zeit.de,20,0.829480
7585,zeit.de,20,0.817860
7587,gmx.net,20,0.878902
7590,gmx.net,20,0.852541
7596,fr.de,20,0.841492
7597,fr.de,20,0.828704
7602,zeit.de,20,0.863050
7606,gmx.net,20,0.864919
7607,gmx.net,20,0.869152
7608,faz.net,20,0.776423
7611,fr.de,20,0.838943
7612,sueddeutsche.de,20,0.755353
7617,faz.net,20,0.805158
7618,fr.de,20,0.796463
7619,fr.de,20,0.829282
7622,spiegel.de,20,0.853332
7627,compact-online.de,20,0.863375
7628,compact-online.de,20,0.800699
7630,faz.net,20,0.776677
7631,sueddeutsche.de,20,0.756513
7634,gmx.net,20,0.873291
7640,spiegel.de,20,0.772775
7643,gmx.net,20,0.830174
7644,volksstimme.de,20,0.830174
7645,faz.net,20,0.858108
7646,spiegel.de,20,0.815674
7647,gmx.net,20,0.843871
7649,volksstimme.de,20,0.843871
7654,faz.net,20,0.805371
7655,faz.net,20,0.846729
7657,fr.de,20,0.819226
7660,spiegel.de,20,0.821710
7661,spiegel.de,20,0.826756
7664,spiegel.de,20,0.830416
7665,sueddeutsche.de,20,0.815829
7666,sueddeutsche.de,20,0.833086
7670,welt.de,20,0.825540
7671,welt.de,20,0.856281
7673,welt.de,20,0.852278
7674,zeit.de,20,0.850559
7675,zeit.de,20,0.845718
7676,zeit.de,20,0.855225
7678,zeit.de,20,0.787380
7680,gmx.net,20,0.814554
7683,gmx.net,20,0.850182
7684,gmx.net,20,0.842108
7685,gmx.net,20,0.907683
7694,volksstimme.de,20,0.846614
7695,volksstimme.de,20,0.833812
7705,bild.de,20,0.883087
7708,compact-online.de,20,0.899935
7709,compact-online.de,20,0.874206
7710,compact-online.de,20,0.882942
7711,compact-online.de,20,0.817241
7712,compact-online.de,20,0.802096
7713,compact-online.de,20,0.811834
7714,compact-online.de,20,0.817786
7716,faz.net,20,0.825390
7718,spiegel.de,20,0.811647
7719,spiegel.de,20,0.843605
7720,spiegel.de,20,0.844811
7724,zeit.de,20,0.844962
7725,zeit.de,20,0.826641
7726,gmx.net,20,0.872821
7728,gmx.net,20,0.852714
7730,gmx.net,20,0.907606
7737,gmx.net,20,0.799045
7738,gmx.net,20,0.774818
7744,gmx.net,20,0.904140
7746,volksstimme.de,20,0.799045
7747,volksstimme.de,20,0.842087
7748,volksstimme.de,20,0.861089
7752,bild.de,20,0.877981
7753,bild.de,20,0.887969
7754,compact-online.de,20,0.808569
7755,faz.net,20,0.815345
7756,fr.de,20,0.889770
7757,fr.de,20,0.815274
7759,spiegel.de,20,0.771570
7760,spiegel.de,20,0.845171
7761,sueddeutsche.de,20,0.831565
7766,welt.de,20,0.819930
7768,zeit.de,20,0.886307
7777,gmx.net,20,0.857181
7779,volksstimme.de,20,0.850899
7780,volksstimme.de,20,0.859045
7781,volksstimme.de,20,0.854424
7785,compact-online.de,20,0.834642
7786,compact-online.de,20,0.771567
7787,faz.net,20,0.868465
7788,faz.net,20,0.859311
7789,faz.net,20,0.905391
7791,spiegel.de,20,0.832000
7792,sueddeutsche.de,20,0.837521
7793,sueddeutsche.de,20,0.840295
7795,sueddeutsche.de,20,0.875051
7796,sueddeutsche.de,20,0.829678
7804,zeit.de,20,0.837287
7805,zeit.de,20,0.886307
7809,gmx.net,20,0.867758
7813,gmx.net,20,0.868991
7817,volksstimme.de,20,0.824806
7820,bild.de,20,0.839096
7821,faz.net,20,0.835515
7822,faz.net,20,0.797485
7823,faz.net,20,0.806117
7824,faz.net,20,0.871307
7825,fr.de,20,0.858287
7826,sueddeutsche.de,20,0.878863
7829,sueddeutsche.de,20,0.869441
7830,sueddeutsche.de,20,0.903288
7832,welt.de,20,0.796968
7835,zeit.de,20,0.881837
7844,gmx.net,20,0.893450
7856,faz.net,20,0.805580
7858,fr.de,20,0.852595
7861,fr.de,20,0.816136
7862,fr.de,20,0.876661
7864,spiegel.de,20,0.835310
7870,zeit.de,20,0.863544
7871,zeit.de,20,0.821557
7881,gmx.net,20,0.840763
7886,compact-online.de,20,0.871259
7887,compact-online.de,20,0.816345
7906,spiegel.de,20,0.835926
7909,gmx.net,20,0.869566
7914,fr.de,20,0.862487
7915,fr.de,20,0.889770
7922,gmx.net,20,0.868693
7924,spiegel.de,20,0.832937
7927,faz.net,20,0.816106
7928,faz.net,20,0.794049
7930,sueddeutsche.de,20,0.791098
7931,zeit.de,20,0.838397
7936,volksstimme.de,20,0.831700
7942,bild.de,20,0.812399
7943,bild.de,20,0.860235
7944,bild.de,20,0.866504
7948,bild.de,20,0.871261
7949,bild.de,20,0.812781
7950,compact-online.de,20,0.862671
7951,compact-online.de,20,0.807284
7953,faz.net,20,0.776677
7954,faz.net,20,0.830431
7955,faz.net,20,0.761549
7962,fr.de,20,0.808764
7965,spiegel.de,20,0.787919
7969,spiegel.de,20,0.708866
7970,spiegel.de,20,0.794244
7971,spiegel.de,20,0.811974
7972,spiegel.de,20,0.802595
7975,spiegel.de,20,0.805720
7977,spiegel.de,20,0.800813
7978,sueddeutsche.de,20,0.809240
7981,sueddeutsche.de,20,0.882376
7982,sueddeutsche.de,20,0.793685
7983,welt.de,20,0.828538
7987,welt.de,20,0.814320
7992,zeit.de,20,0.899328
7994,zeit.de,20,0.812410
7995,zeit.de,20,0.866831
7997,zeit.de,20,0.822620
7998,zeit.de,20,0.766533
7999,zeit.de,20,0.775443
8000,zeit.de,20,0.853954
8009,gmx.net,20,0.914485
8012,gmx.net,20,0.889112
8015,gmx.net,20,0.866361
8021,gmx.net,20,0.855039
8022,gmx.net,20,0.864946
8026,gmx.net,20,0.904140
8029,volksstimme.de,20,0.829199
8031,volksstimme.de,20,0.889594
8039,bild.de,20,0.869865
8043,bild.de,20,0.817360
8044,bild.de,20,0.845930
8047,bild.de,20,0.829763
8048,bild.de,20,0.887969
8051,compact-online.de,20,0.864859
8052,compact-online.de,20,0.896097
8053,compact-online.de,20,0.909272
8054,compact-online.de,20,0.894095
8055,compact-online.de,20,0.910411
8056,compact-online.de,20,0.920749
8057,compact-online.de,20,0.908283
8058,compact-online.de,20,0.880426
8059,compact-online.de,20,0.795623
8060,compact-online.de,20,0.837308
8061,compact-online.de,20,0.854515
8062,compact-online.de,20,0.834113
8063,compact-online.de,20,0.857853
8064,compact-online.de,20,0.836381
8065,compact-online.de,20,0.842785
8066,faz.net,20,0.866136
8067,faz.net,20,0.805761
8070,faz.net,20,0.799458
8073,faz.net,20,0.820246
8078,faz.net,20,0.857130
8081,fr.de,20,0.811996
8084,fr.de,20,0.810635
8085,spiegel.de,20,0.808735
8087,spiegel.de,20,0.820804
8091,sueddeutsche.de,20,0.795103
8092,sueddeutsche.de,20,0.843323
8094,sueddeutsche.de,20,0.800376
8096,sueddeutsche.de,20,0.765536
8102,sueddeutsche.de,20,0.852386
8103,sueddeutsche.de,20,0.876901
8106,sueddeutsche.de,20,0.721008
8108,sueddeutsche.de,20,0.809240
8111,welt.de,20,0.836187
8112,welt.de,20,0.770767
8114,welt.de,20,0.855545
8118,welt.de,20,0.817790
8123,zeit.de,20,0.854655
8124,zeit.de,20,0.824908
8130,zeit.de,20,0.870162
8131,zeit.de,20,0.824406
8132,zeit.de,20,0.812410
8134,gmx.net,20,0.843342
8138,gmx.net,20,0.849589
8139,gmx.net,20,0.883622
8146,gmx.net,20,0.826941
8147,gmx.net,20,0.868242
8148,gmx.net,20,0.881067
8149,gmx.net,20,0.853172
8150,gmx.net,20,0.822777
8154,gmx.net,20,0.871945
8172,volksstimme.de,20,0.845824
8173,volksstimme.de,20,0.826393
8175,volksstimme.de,20,0.871605
8179,volksstimme.de,20,0.856068
8180,volksstimme.de,20,0.826160
8182,volksstimme.de,20,0.868026
8192,bild.de,20,0.825323
8194,bild.de,20,0.849151
8195,bild.de,20,0.876584
8198,compact-online.de,20,0.882957
8199,compact-online.de,20,0.866236
8200,compact-online.de,20,0.825322
8202,faz.net,20,0.756445
8203,faz.net,20,0.772035
8205,faz.net,20,0.875758
8206,faz.net,20,0.866388
8208,faz.net,20,0.895883
8215,fr.de,20,0.855788
8216,fr.de,20,0.811996
8218,fr.de,20,0.811890
8219,fr.de,20,0.844989
8220,fr.de,20,0.874318
8226,spiegel.de,20,0.706607
8227,spiegel.de,20,0.788822
8228,spiegel.de,20,0.788103
8229,spiegel.de,20,0.775583
8230,spiegel.de,20,0.847532
8231,spiegel.de,20,0.809041
8234,spiegel.de,20,0.847740
8237,sueddeutsche.de,20,0.830875
8248,welt.de,20,0.796968
8249,zeit.de,20,0.849807
8251,zeit.de,20,0.852096
8252,zeit.de,20,0.828096
8254,zeit.de,20,0.812374
8255,zeit.de,20,0.738879
8256,zeit.de,20,0.838353
8257,zeit.de,20,0.803053
8259,zeit.de,20,0.784360
8265,gmx.net,20,0.785310
8266,gmx.net,20,0.860430
8271,gmx.net,20,0.869804
8274,gmx.net,20,0.883279
8282,gmx.net,20,0.865041
8286,volksstimme.de,20,0.863028
8287,volksstimme.de,20,0.796074
8291,faz.net,20,0.811458
8292,faz.net,20,0.814744
8293,fr.de,20,0.800822
8294,fr.de,20,0.858912
8296,fr.de,20,0.855788
8297,fr.de,20,0.811996
8299,sueddeutsche.de,20,0.883519
8303,zeit.de,20,0.752588
8304,gmx.net,20,0.835023
8308,gmx.net,20,0.863028
8309,gmx.net,20,0.882755
8315,volksstimme.de,20,0.834977
8316,volksstimme.de,20,0.905692
8318,spiegel.de,20,0.859628
8323,bild.de,20,0.859689
8326,bild.de,20,0.883070
8331,faz.net,20,0.783779
8336,spiegel.de,20,0.861906
8337,spiegel.de,20,0.730687
8338,spiegel.de,20,0.770500
8340,spiegel.de,20,0.803969
8342,sueddeutsche.de,20,0.761241
8344,sueddeutsche.de,20,0.857780
8346,sueddeutsche.de,20,0.766155
8349,welt.de,20,0.832965
8350,welt.de,20,0.858244
8354,zeit.de,20,0.800803
8355,zeit.de,20,0.806495
8357,zeit.de,20,0.780097
8360,zeit.de,20,0.837427
8361,gmx.net,20,0.871261
8362,gmx.net,20,0.872245
8380,volksstimme.de,20,0.826811
8382,volksstimme.de,20,0.825902
8396,compact-online.de,20,0.904354
8397,compact-online.de,20,0.857104
8398,compact-online.de,20,0.952726
8399,compact-online.de,20,0.886819
8400,compact-online.de,20,0.852872
8401,compact-online.de,20,0.796841
8402,compact-online.de,20,0.856591
8403,compact-online.de,20,0.816891
8404,faz.net,20,0.836421
8405,faz.net,20,0.842340
8406,faz.net,20,0.794980
8407,faz.net,20,0.793836
8415,fr.de,20,0.827043
8420,spiegel.de,20,0.810863
8422,spiegel.de,20,0.797758
8423,spiegel.de,20,0.782051
8426,sueddeutsche.de,20,0.871232
8428,welt.de,20,0.827413
8435,zeit.de,20,0.800644
8437,zeit.de,20,0.811359
8439,zeit.de,20,0.819670
8441,gmx.net,20,0.837262
8447,gmx.net,20,0.824668
8464,gmx.net,20,0.804129
8467,gmx.net,20,0.795732
8471,volksstimme.de,20,0.826547
8487,compact-online.de,20,0.873914
8488,compact-online.de,20,0.888114
8489,compact-online.de,20,0.909662
8490,compact-online.de,20,0.915331
8491,compact-online.de,20,0.904354
8492,compact-online.de,20,0.814952
8493,compact-online.de,20,0.839747
8494,compact-online.de,20,0.852872
8495,compact-online.de,20,0.830871
8496,compact-online.de,20,0.838799
8497,faz.net,20,0.836421
8498,faz.net,20,0.799384
8501,faz.net,20,0.771442
8505,fr.de,20,0.872022
8508,fr.de,20,0.826183
8511,fr.de,20,0.807771
8512,fr.de,20,0.785471
8514,fr.de,20,0.799056
8519,spiegel.de,20,0.770500
8522,spiegel.de,20,0.815421
8525,spiegel.de,20,0.859628
8526,sueddeutsche.de,20,0.887811
8528,sueddeutsche.de,20,0.808488
8544,welt.de,20,0.744570
8549,welt.de,20,0.862352
8554,zeit.de,20,0.822788
8555,zeit.de,20,0.812261
8556,zeit.de,20,0.801961
8557,zeit.de,20,0.800644
8566,gmx.net,20,0.887588
8580,gmx.net,20,0.888018
8589,volksstimme.de,20,0.843490
8590,volksstimme.de,20,0.836321
8591,volksstimme.de,20,0.839578
8605,compact-online.de,20,0.844492
8606,compact-online.de,20,0.900912
8607,compact-online.de,20,0.810362
8608,compact-online.de,20,0.824069
8609,faz.net,20,0.822655
8615,faz.net,20,0.829349
8620,faz.net,20,0.852408
8622,fr.de,20,0.846612
8623,fr.de,20,0.828064
8624,fr.de,20,0.805400
8629,fr.de,20,0.800822
8635,spiegel.de,20,0.820531
8637,spiegel.de,20,0.769645
8642,spiegel.de,20,0.781592
8643,spiegel.de,20,0.784182
8645,spiegel.de,20,0.836029
8647,spiegel.de,20,0.815421
8648,spiegel.de,20,0.810863
8650,sueddeutsche.de,20,0.887811
8654,sueddeutsche.de,20,0.836864
8655,sueddeutsche.de,20,0.860466
8663,zeit.de,20,0.867973
8665,zeit.de,20,0.751976
8666,zeit.de,20,0.838566
8668,zeit.de,20,0.865537
8670,zeit.de,20,0.806822
8673,zeit.de,20,0.875737
8674,zeit.de,20,0.796698
8675,zeit.de,20,0.805525
8676,zeit.de,20,0.849861
8677,zeit.de,20,0.859386
8679,gmx.net,20,0.880211
8681,gmx.net,20,0.904140
8683,gmx.net,20,0.836321
8685,gmx.net,20,0.795229
8690,gmx.net,20,0.826117
8692,gmx.net,20,0.872761
8706,volksstimme.de,20,0.826117
8710,volksstimme.de,20,0.853677
8715,faz.net,20,0.787949
8718,fr.de,20,0.799607
8721,spiegel.de,20,0.756064
8734,gmx.net,20,0.869970
8735,gmx.net,20,0.843206
8740,volksstimme.de,20,0.843206
8744,bild.de,20,0.814050
8749,gmx.net,20,0.825411
8752,volksstimme.de,20,0.825411
8756,spiegel.de,20,0.785800
8758,zeit.de,20,0.900758
8759,zeit.de,20,0.829895
8766,bild.de,20,0.855595
8768,bild.de,20,0.875091
8770,bild.de,20,0.880093
8771,faz.net,20,0.820362
8772,faz.net,20,0.802020
8773,faz.net,20,0.825131
8775,faz.net,20,0.772461
8778,fr.de,20,0.849321
8780,fr.de,20,0.868122
8781,spiegel.de,20,0.764509
8783,spiegel.de,20,0.808511
8784,spiegel.de,20,0.791894
8785,spiegel.de,20,0.773541
8788,sueddeutsche.de,20,0.765620
8792,welt.de,20,0.816247
8793,welt.de,20,0.808665
8795,zeit.de,20,0.805883
8796,zeit.de,20,0.818912
8797,zeit.de,20,0.846253
8798,zeit.de,20,0.903816
8805,gmx.net,20,0.793759
8806,gmx.net,20,0.861254
8813,gmx.net,20,0.885329
8814,gmx.net,20,0.888018
8819,volksstimme.de,20,0.807515
8824,volksstimme.de,20,0.824210
8826,volksstimme.de,20,0.830069
8828,bild.de,20,0.896826
8831,bild.de,20,0.829874
8832,bild.de,20,0.850417
8834,bild.de,20,0.763922
8839,bild.de,20,0.861640
8841,compact-online.de,20,0.873002
8842,compact-online.de,20,0.877539
8843,compact-online.de,20,0.822920
8844,compact-online.de,20,0.820507
8846,faz.net,20,0.770076
8847,faz.net,20,0.817177
8848,faz.net,20,0.763192
8850,faz.net,20,0.820246
8853,fr.de,20,0.857171
8855,fr.de,20,0.812163
8859,fr.de,20,0.826452
8860,fr.de,20,0.802209
8861,spiegel.de,20,0.817152
8862,spiegel.de,20,0.793459
8865,spiegel.de,20,0.829434
8867,sueddeutsche.de,20,0.762041
8868,sueddeutsche.de,20,0.835760
8876,welt.de,20,0.843168
8879,welt.de,20,0.771783
8881,zeit.de,20,0.819262
8883,zeit.de,20,0.868499
8886,zeit.de,20,0.818912
8887,gmx.net,20,0.850946
8888,gmx.net,20,0.837465
8891,gmx.net,20,0.827481
8895,gmx.net,20,0.878787
8900,gmx.net,20,0.848621
8906,gmx.net,20,0.853247
8909,gmx.net,20,0.854216
8920,volksstimme.de,20,0.843181
8923,volksstimme.de,20,0.838245
8925,volksstimme.de,20,0.840039
8936,bild.de,20,0.854342
8940,compact-online.de,20,0.837515
8941,compact-online.de,20,0.840691
8942,compact-online.de,20,0.857065
8943,compact-online.de,20,0.913998
8944,compact-online.de,20,0.906855
8945,compact-online.de,20,0.791221
8946,compact-online.de,20,0.839190
8947,compact-online.de,20,0.795382
8948,compact-online.de,20,0.784197
8949,compact-online.de,20,0.833949
8950,faz.net,20,0.809812
8951,faz.net,20,0.814720
8958,fr.de,20,0.794187
8959,fr.de,20,0.809142
8960,fr.de,20,0.910833
8964,fr.de,20,0.820962
8972,spiegel.de,20,0.744629
8976,spiegel.de,20,0.817152
8978,spiegel.de,20,0.808511
8980,spiegel.de,20,0.785800
8984,spiegel.de,20,0.884240
8985,spiegel.de,20,0.829434
8988,sueddeutsche.de,20,0.895687
8989,sueddeutsche.de,20,0.861154
8990,sueddeutsche.de,20,0.867231
8991,sueddeutsche.de,20,0.803551
8992,sueddeutsche.de,20,0.807920
8993,sueddeutsche.de,20,0.822824
8998,sueddeutsche.de,20,0.869625
9000,sueddeutsche.de,20,0.741864
9003,welt.de,20,0.798702
9009,zeit.de,20,0.866706
9011,zeit.de,20,0.816898
9013,zeit.de,20,0.853009
9027,gmx.net,20,0.850751
9041,gmx.net,20,0.873012
9048,gmx.net,20,0.863616
9051,volksstimme.de,20,0.850751
9053,volksstimme.de,20,0.848934
9061,volksstimme.de,20,0.818344
9066,bild.de,20,0.824999
9071,bild.de,20,0.793841
9072,bild.de,20,0.821823
9076,compact-online.de,20,0.859185
9077,compact-online.de,20,0.877135
9078,compact-online.de,20,0.860089
9079,compact-online.de,20,0.824994
9080,compact-online.de,20,0.803302
9081,faz.net,20,0.739656
9082,faz.net,20,0.832969
9086,faz.net,20,0.829131
9093,fr.de,20,0.910833
9096,spiegel.de,20,0.784980
9097,spiegel.de,20,0.794161
9100,spiegel.de,20,0.744629
9103,spiegel.de,20,0.773262
9105,spiegel.de,20,0.822333
9106,spiegel.de,20,0.801349
9108,spiegel.de,20,0.803765
9110,sueddeutsche.de,20,0.811704
9112,sueddeutsche.de,20,0.794075
9116,welt.de,20,0.843528
9119,zeit.de,20,0.817293
9121,zeit.de,20,0.804845
9122,zeit.de,20,0.818257
9123,zeit.de,20,0.815347
9124,zeit.de,20,0.840681
9130,gmx.net,20,0.818907
9145,volksstimme.de,20,0.818907
9151,faz.net,20,0.763002
9154,fr.de,20,0.804070
9156,fr.de,20,0.857171
9158,sueddeutsche.de,20,0.808583
9159,zeit.de,20,0.790941
9160,zeit.de,20,0.789168
9166,faz.net,20,0.799248
9169,spiegel.de,20,0.802999
9170,spiegel.de,20,0.756009
9171,sueddeutsche.de,20,0.828241
9173,gmx.net,20,0.833803
9174,gmx.net,20,0.846318
9175,volksstimme.de,20,0.833803
9176,volksstimme.de,20,0.846318
9177,volksstimme.de,20,0.900815
9178,volksstimme.de,20,0.828163
9180,bild.de,20,0.791185
9181,bild.de,20,0.803255
9182,bild.de,20,0.874989
9185,compact-online.de,20,0.902913
9186,compact-online.de,20,0.869991
9187,compact-online.de,20,0.831068
9188,compact-online.de,20,0.811780
9190,faz.net,20,0.814918
9191,faz.net,20,0.827169
9192,faz.net,20,0.907898
9194,fr.de,20,0.824070
9195,fr.de,20,0.795703
9201,spiegel.de,20,0.747444
9203,spiegel.de,20,0.780380
9205,spiegel.de,20,0.785651
9206,sueddeutsche.de,20,0.760989
9208,sueddeutsche.de,20,0.848255
9212,welt.de,20,0.823338
9214,welt.de,20,0.787772
9215,welt.de,20,0.838883
9216,welt.de,20,0.855936
9217,zeit.de,20,0.832341
9218,zeit.de,20,0.788327
9219,zeit.de,20,0.748377
9221,zeit.de,20,0.846680
9222,zeit.de,20,0.894837
9229,gmx.net,20,0.849488
9230,gmx.net,20,0.852688
9242,volksstimme.de,20,0.804235
9243,volksstimme.de,20,0.885770
9245,volksstimme.de,20,0.852688
9246,volksstimme.de,20,0.878950
9258,compact-online.de,20,0.896564
9259,compact-online.de,20,0.920605
9260,compact-online.de,20,0.840641
9261,compact-online.de,20,0.829358
9266,fr.de,20,0.804264
9267,fr.de,20,0.836322
9272,spiegel.de,20,0.780380
9274,spiegel.de,20,0.802999
9277,spiegel.de,20,0.742965
9281,welt.de,20,0.836693
9290,zeit.de,20,0.788692
9291,zeit.de,20,0.822674
9293,zeit.de,20,0.708002
9296,zeit.de,20,0.812411
9300,zeit.de,20,0.781793
9301,zeit.de,20,0.748377
9316,gmx.net,20,0.871682
9326,gmx.net,20,0.829629
9334,volksstimme.de,20,0.839848
9336,volksstimme.de,20,0.837486
9337,volksstimme.de,20,0.863871
9344,bild.de,20,0.863404
9347,compact-online.de,20,0.809636
9348,compact-online.de,20,0.910220
9349,compact-online.de,20,0.780996
9350,compact-online.de,20,0.836574
9352,faz.net,20,0.789869
9353,faz.net,20,0.858547
9354,fr.de,20,0.839140
9356,fr.de,20,0.790838
9357,fr.de,20,0.804070
9360,spiegel.de,20,0.819675
9363,spiegel.de,20,0.747444
9367,spiegel.de,20,0.773262
9371,sueddeutsche.de,20,0.808698
9379,welt.de,20,0.822488
9383,zeit.de,20,0.782948
9385,zeit.de,20,0.788692
9389,gmx.net,20,0.838354
9411,bild.de,20,0.798967
9416,bild.de,20,0.834303
9421,bild.de,20,0.838662
9426,compact-online.de,20,0.887855
9427,compact-online.de,20,0.858483
9428,compact-online.de,20,0.886595
9429,compact-online.de,20,0.836453
9430,compact-online.de,20,0.843460
9431,compact-online.de,20,0.836832
9432,compact-online.de,20,0.801943
9433,compact-online.de,20,0.803140
9434,compact-online.de,20,0.820801
9436,faz.net,20,0.793569
9437,faz.net,20,0.814506
9444,fr.de,20,0.892307
9447,fr.de,20,0.833798
9451,fr.de,20,0.824070
9453,fr.de,20,0.780570
9456,spiegel.de,20,0.831329
9457,spiegel.de,20,0.855144
9461,spiegel.de,20,0.792067
9464,sueddeutsche.de,20,0.808505
9468,sueddeutsche.de,20,0.814138
9469,sueddeutsche.de,20,0.825543
9472,sueddeutsche.de,20,0.820565
9483,welt.de,20,0.851062
9487,zeit.de,20,0.751203
9488,zeit.de,20,0.846974
9490,zeit.de,20,0.805030
9492,zeit.de,20,0.790451
9497,gmx.net,20,0.848949
9499,gmx.net,20,0.895823
9501,gmx.net,20,0.836956
9504,gmx.net,20,0.885715
9505,gmx.net,20,0.868303
9517,volksstimme.de,20,0.804532
9518,volksstimme.de,20,0.858930
9520,bild.de,20,0.855766
9522,bild.de,20,0.827561
9525,compact-online.de,20,0.844913
9527,compact-online.de,20,0.796849
9528,faz.net,20,0.851103
9529,faz.net,20,0.794293
9532,fr.de,20,0.805516
9534,fr.de,20,0.834726
9536,fr.de,20,0.839140
9538,fr.de,20,0.819819
9539,fr.de,20,0.781047
9541,spiegel.de,20,0.814352
9544,spiegel.de,20,0.810687
9545,sueddeutsche.de,20,0.762501
9552,zeit.de,20,0.817442
9553,gmx.net,20,0.888018
9554,gmx.net,20,0.838984
9563,gmx.net,20,0.886042
9571,faz.net,20,0.811528
9577,spiegel.de,20,0.737371
9578,sueddeutsche.de,20,0.790744
9580,zeit.de,20,0.762733
9585,gmx.net,20,0.834889
9591,spiegel.de,20,0.819475
9596,volksstimme.de,20,0.871746
9597,volksstimme.de,20,0.848142
9598,bild.de,20,0.845676
9599,faz.net,20,0.795297
9600,spiegel.de,20,0.775671
9601,spiegel.de,20,0.760462
9607,bild.de,20,0.811635
9616,spiegel.de,20,0.853443
9617,spiegel.de,20,0.758327
9621,sueddeutsche.de,20,0.793363
9622,sueddeutsche.de,20,0.790744
9623,sueddeutsche.de,20,0.845073
9626,welt.de,20,0.871528
9627,welt.de,20,0.840569
9628,zeit.de,20,0.833941
9629,zeit.de,20,0.891674
9631,zeit.de,20,0.796440
9633,zeit.de,20,0.805540
9640,gmx.net,20,0.860879
9654,volksstimme.de,20,0.887796
9655,volksstimme.de,20,0.863100
9658,volksstimme.de,20,0.879795
9663,bild.de,20,0.849164
9666,bild.de,20,0.843656
9667,compact-online.de,20,0.839920
9668,compact-online.de,20,0.865676
9669,compact-online.de,20,0.794493
9670,compact-online.de,20,0.810030
9672,faz.net,20,0.787797
9679,fr.de,20,0.858222
9682,spiegel.de,20,0.859587
9683,spiegel.de,20,0.783657
9684,spiegel.de,20,0.795733
9687,sueddeutsche.de,20,0.828030
9688,sueddeutsche.de,20,0.837222
9696,zeit.de,20,0.856424
9697,zeit.de,20,0.856796
9698,zeit.de,20,0.868384
9699,zeit.de,20,0.824346
9702,zeit.de,20,0.856419
9703,zeit.de,20,0.785120
9711,gmx.net,20,0.793122
9715,gmx.net,20,0.840822
9721,gmx.net,20,0.841612
9732,bild.de,20,0.850547
9742,compact-online.de,20,0.904391
9743,compact-online.de,20,0.911234
9744,compact-online.de,20,0.902745
9745,compact-online.de,20,0.875295
9746,compact-online.de,20,0.914197
9747,compact-online.de,20,0.840092
9748,compact-online.de,20,0.830126
9749,compact-online.de,20,0.850152
9750,compact-online.de,20,0.828018
9751,compact-online.de,20,0.821724
9752,faz.net,20,0.878778
9753,faz.net,20,0.843625
9754,faz.net,20,0.810941
9755,faz.net,20,0.826736
9756,faz.net,20,0.866184
9761,fr.de,20,0.824479
9762,fr.de,20,0.844072
9768,spiegel.de,20,0.800772
9788,zeit.de,20,0.792245
9790,zeit.de,20,0.856424
9791,gmx.net,20,0.903612
9802,gmx.net,20,0.869071
9818,volksstimme.de,20,0.849749
9821,volksstimme.de,20,0.831272
9823,volksstimme.de,20,0.905025
9831,bild.de,20,0.824791
9836,compact-online.de,20,0.907997
9837,compact-online.de,20,0.855534
9838,compact-online.de,20,0.833060
9839,faz.net,20,0.817027
9840,faz.net,20,0.799490
9841,faz.net,20,0.792554
9851,fr.de,20,0.790632
9854,fr.de,20,0.887132
9855,fr.de,20,0.833210
9856,spiegel.de,20,0.812011
9858,spiegel.de,20,0.754625
9863,spiegel.de,20,0.750307
9865,spiegel.de,20,0.834171
9875,sueddeutsche.de,20,0.824104
9877,sueddeutsche.de,20,0.902552
9878,sueddeutsche.de,20,0.828889
9881,sueddeutsche.de,20,0.823490
9886,sueddeutsche.de,20,0.812569
9888,sueddeutsche.de,20,0.786529
9895,welt.de,20,0.786361
9896,zeit.de,20,0.881407
9897,zeit.de,20,0.823488
9901,zeit.de,20,0.755341
9902,zeit.de,20,0.773803
9903,zeit.de,20,0.731066
9914,gmx.net,20,0.888435
9916,gmx.net,20,0.852635
9917,gmx.net,20,0.877451
9920,gmx.net,20,0.815643
9922,gmx.net,20,0.898977
9924,gmx.net,20,0.869531
9925,gmx.net,20,0.852712
9937,volksstimme.de,20,0.874187
9938,volksstimme.de,20,0.852635
9940,volksstimme.de,20,0.885228
9941,volksstimme.de,20,0.836347
9942,volksstimme.de,20,0.870973
9948,bild.de,20,0.842762
9949,bild.de,20,0.835322
9950,compact-online.de,20,0.828284
9951,compact-online.de,20,0.795233
9953,faz.net,20,0.824527
9964,fr.de,20,0.814565
9967,spiegel.de,20,0.795576
9970,spiegel.de,20,0.783997
9974,sueddeutsche.de,20,0.790958
9976,sueddeutsche.de,20,0.812569
9981,zeit.de,20,0.838103
9984,gmx.net,20,0.903263
9988,gmx.net,20,0.877077
9989,volksstimme.de,20,0.876680
9990,volksstimme.de,20,0.845855
9994,bild.de,20,0.874626
9999,faz.net,20,0.773047
10000,faz.net,20,0.779250
10004,sueddeutsche.de,20,0.858527
10005,sueddeutsche.de,20,0.863900
10008,zeit.de,20,0.808154
10009,zeit.de,20,0.766364
10010,zeit.de,20,0.760801
10014,gmx.net,20,0.860966
10019,gmx.net,20,0.881492
10020,gmx.net,20,0.836319
10021,gmx.net,20,0.851908
10025,volksstimme.de,20,0.889728
10026,volksstimme.de,20,0.825922
10027,volksstimme.de,20,0.851908
10031,bild.de,20,0.819752
10032,compact-online.de,20,0.878388
10033,compact-online.de,20,0.811776
10035,fr.de,20,0.823259
10040,spiegel.de,20,0.766667
10041,spiegel.de,20,0.782097
10043,spiegel.de,20,0.799236
10046,gmx.net,20,0.855838
10051,gmx.net,20,0.849071
10052,gmx.net,20,0.889540
10053,volksstimme.de,20,0.879393
10054,bild.de,20,0.833635
10058,spiegel.de,20,0.812689
10061,gmx.net,20,0.882132
10062,volksstimme.de,20,0.834477
10063,bild.de,20,0.819424
10064,bild.de,20,0.844128
10066,zeit.de,20,0.854963
10067,gmx.net,20,0.898977
10078,volksstimme.de,20,0.882132
10079,bild.de,20,0.803140
10080,compact-online.de,20,0.862986
10081,compact-online.de,20,0.806599
10083,faz.net,20,0.782004
10084,faz.net,20,0.771664
10085,faz.net,20,0.787735
10086,fr.de,20,0.824874
10088,spiegel.de,20,0.835937
10089,spiegel.de,20,0.833628
10090,sueddeutsche.de,20,0.767940
10096,zeit.de,20,0.886137
10097,zeit.de,20,0.805301
10098,zeit.de,20,0.755199
10104,gmx.net,20,0.834477
10105,gmx.net,20,0.854962
10110,gmx.net,20,0.869531
10115,volksstimme.de,20,0.810683
10125,compact-online.de,20,0.821520
10127,faz.net,20,0.814099
10132,fr.de,20,0.788158
10134,spiegel.de,20,0.802898
10136,sueddeutsche.de,20,0.792123
10141,welt.de,20,0.795003
10149,gmx.net,20,0.834971
10152,gmx.net,20,0.806655
10165,volksstimme.de,20,0.820894
10168,bild.de,20,0.880194
10170,compact-online.de,20,0.892144
10171,compact-online.de,20,0.812106
10172,faz.net,20,0.846174
10173,faz.net,20,0.815929
10175,fr.de,20,0.762514
10176,fr.de,20,0.818507
10183,zeit.de,20,0.826212
10193,gmx.net,20,0.830207
10204,compact-online.de,20,0.879545
10205,compact-online.de,20,0.812786
10208,spiegel.de,20,0.870918
10209,spiegel.de,20,0.866065
10213,zeit.de,20,0.764939
10214,zeit.de,20,0.847767
10215,gmx.net,20,0.909322
10222,gmx.net,20,0.896591
10223,gmx.net,20,0.849871
10232,volksstimme.de,20,0.823122
10234,volksstimme.de,20,0.896591
10235,bild.de,20,0.883820
10236,compact-online.de,20,0.864365
10237,compact-online.de,20,0.796803
10238,faz.net,20,0.860615
10241,spiegel.de,20,0.803086
10248,zeit.de,20,0.844519
10252,zeit.de,20,0.777826
10253,zeit.de,20,0.767013
10258,gmx.net,20,0.825986
10263,gmx.net,20,0.824619
10265,gmx.net,20,0.872817
10266,gmx.net,20,0.863567
10272,compact-online.de,20,0.927060
10273,compact-online.de,20,0.855486
10277,zeit.de,20,0.770313
10278,zeit.de,20,0.785823
10284,gmx.net,20,0.793800
10291,volksstimme.de,20,0.826342
10293,faz.net,20,0.778832
10294,faz.net,20,0.860615
10313,fr.de,20,0.846968
10315,zeit.de,20,0.792751
10318,gmx.net,20,0.871609
10321,bild.de,20,0.771487
10322,compact-online.de,20,0.908915
10323,compact-online.de,20,0.842859
10327,fr.de,20,0.757308
10328,spiegel.de,20,0.826347
10329,gmx.net,20,0.775025
10344,spiegel.de,20,0.813359
10347,gmx.net,20,0.866893
10350,volksstimme.de,20,0.866893
10356,faz.net,20,0.812316
10357,faz.net,20,0.763565
10358,faz.net,20,0.840895
10364,welt.de,20,0.856719
10365,welt.de,20,0.865506
10366,welt.de,20,0.820973
10367,welt.de,20,0.839210
10368,zeit.de,20,0.817940
10369,zeit.de,20,0.836740
10377,gmx.net,20,0.897864
10379,gmx.net,20,0.863429
10381,gmx.net,20,0.901969
10382,gmx.net,20,0.869833
10383,gmx.net,20,0.826342
10394,volksstimme.de,20,0.819768
10396,volksstimme.de,20,0.877576
10397,volksstimme.de,20,0.843295
10408,bild.de,20,0.861403
10409,compact-online.de,20,0.901038
10411,compact-online.de,20,0.905920
10413,compact-online.de,20,0.842859
10414,compact-online.de,20,0.838692
10415,compact-online.de,20,0.841522
10416,faz.net,20,0.806398
10417,faz.net,20,0.813163
10418,faz.net,20,0.804649
10419,faz.net,20,0.839317
10421,fr.de,20,0.853051
10424,spiegel.de,20,0.776168
10430,welt.de,20,0.812560
10432,welt.de,20,0.846224
10435,welt.de,20,0.848114
10440,zeit.de,20,0.815415
10442,zeit.de,20,0.817940
10445,gmx.net,20,0.865119
10449,gmx.net,20,0.840074
10452,gmx.net,20,0.865994
10462,gmx.net,20,0.858490
10467,volksstimme.de,20,0.816628
10468,volksstimme.de,20,0.876692
10473,faz.net,20,0.854053
10475,fr.de,20,0.778308
10476,fr.de,20,0.844191
10483,sueddeutsche.de,20,0.842776
10484,sueddeutsche.de,20,0.765648
10485,sueddeutsche.de,20,0.764146
10490,zeit.de,20,0.761288
10510,volksstimme.de,20,0.820743
10516,compact-online.de,20,0.832624
10517,compact-online.de,20,0.787241
10518,faz.net,20,0.866314
10529,welt.de,20,0.850831
10532,zeit.de,20,0.756194
10534,zeit.de,20,0.758540
10536,zeit.de,20,0.815415
10541,gmx.net,20,0.819052
10546,gmx.net,20,0.851107
10550,volksstimme.de,20,0.858216
10553,bild.de,20,0.845670
10554,bild.de,20,0.853837
10557,faz.net,20,0.796760
10562,fr.de,20,0.840058
10572,sueddeutsche.de,20,0.801537
10577,zeit.de,20,0.848139
10584,gmx.net,20,0.791300
10586,gmx.net,20,0.857747
10587,gmx.net,20,0.868911
10593,volksstimme.de,20,0.857747
10597,compact-online.de,20,0.918860
10598,compact-online.de,20,0.862644
10599,faz.net,20,0.867472
10600,faz.net,20,0.796532
10605,fr.de,20,0.844191
10607,spiegel.de,20,0.830680
10609,spiegel.de,20,0.790485
10611,spiegel.de,20,0.801548
10612,sueddeutsche.de,20,0.861222
10614,zeit.de,20,0.851454
10619,gmx.net,20,0.812687
10625,volksstimme.de,20,0.851107
10629,faz.net,20,0.755481
10630,faz.net,20,0.803033
10635,fr.de,20,0.778308
10636,fr.de,20,0.851741
10639,spiegel.de,20,0.837633
10640,sueddeutsche.de,20,0.884623
10641,sueddeutsche.de,20,0.751981
10643,zeit.de,20,0.825244
10646,gmx.net,20,0.864977
10649,volksstimme.de,20,0.844528
10650,volksstimme.de,20,0.870396
10651,bild.de,20,0.839452
10652,bild.de,20,0.839452
10653,bild.de,20,0.844230
10655,faz.net,20,0.800400
10656,fr.de,20,0.842105
10659,spiegel.de,20,0.796377
10661,zeit.de,20,0.831402
10664,gmx.net,20,0.801668
10668,gmx.net,20,0.850193
10669,gmx.net,20,0.844528
10670,gmx.net,20,0.853674
10671,volksstimme.de,20,0.837991
10672,volksstimme.de,20,0.853080
10673,fr.de,20,0.836884
10675,sueddeutsche.de,20,0.838118
10676,zeit.de,20,0.816008
10678,gmx.net,20,0.837991
10680,volksstimme.de,20,0.814503
10681,bild.de,20,0.813639
10682,zeit.de,20,0.848858
10683,faz.net,20,0.853957
10684,faz.net,20,0.814224
10685,faz.net,20,0.773879
10687,faz.net,20,0.820439
10692,gmx.net,20,0.864526
10694,volksstimme.de,20,0.826144
10697,volksstimme.de,20,0.865620
10698,volksstimme.de,20,0.822899
10699,bild.de,20,0.835054
10702,bild.de,20,0.790392
10703,faz.net,20,0.813618
10704,faz.net,20,0.806780
10706,faz.net,20,0.808089
10707,faz.net,20,0.825228
10708,faz.net,20,0.863208
10709,faz.net,20,0.853667
10710,fr.de,20,0.861719
10714,spiegel.de,20,0.827420
10715,spiegel.de,20,0.756187
10717,spiegel.de,20,0.873989
10718,spiegel.de,20,0.819940
10719,spiegel.de,20,0.735390
10721,spiegel.de,20,0.811686
10722,sueddeutsche.de,20,0.841446
10723,sueddeutsche.de,20,0.848943
10724,sueddeutsche.de,20,0.773926
10726,sueddeutsche.de,20,0.861222
10727,sueddeutsche.de,20,0.801537
10730,welt.de,20,0.818002
10734,welt.de,20,0.849250
10736,zeit.de,20,0.847925
10737,zeit.de,20,0.826886
10738,zeit.de,20,0.768569
10739,zeit.de,20,0.796077
10740,zeit.de,20,0.790115
10741,zeit.de,20,0.848858
10743,gmx.net,20,0.869590
10755,gmx.net,20,0.882038
10771,volksstimme.de,20,0.773871
10773,volksstimme.de,20,0.885918
10774,volksstimme.de,20,0.781834
10780,volksstimme.de,20,0.877121
10787,bild.de,20,0.862856
10789,bild.de,20,0.757418
10793,compact-online.de,20,0.866993
10794,compact-online.de,20,0.835070
10795,compact-online.de,20,0.895091
10796,compact-online.de,20,0.930973
10797,compact-online.de,20,0.823527
10798,compact-online.de,20,0.804649
10799,compact-online.de,20,0.835167
10800,compact-online.de,20,0.842060
10801,faz.net,20,0.861479
10802,faz.net,20,0.760713
10803,faz.net,20,0.769507
10804,faz.net,20,0.808057
10805,faz.net,20,0.809501
10808,faz.net,20,0.790974
10809,faz.net,20,0.876092
10810,faz.net,20,0.860814
10812,fr.de,20,0.807137
10813,fr.de,20,0.835803
10818,fr.de,20,0.869157
10820,fr.de,20,0.861719
10822,fr.de,20,0.760209
10823,fr.de,20,0.817935
10827,fr.de,20,0.842105
10830,spiegel.de,20,0.788014
10831,spiegel.de,20,0.794933
10832,spiegel.de,20,0.825348
10836,spiegel.de,20,0.770780
10838,sueddeutsche.de,20,0.782137
10840,sueddeutsche.de,20,0.909723
10842,sueddeutsche.de,20,0.773926
10846,welt.de,20,0.840170
10851,zeit.de,20,0.840463
10853,zeit.de,20,0.800461
10855,zeit.de,20,0.801986
10856,zeit.de,20,0.890771
10858,zeit.de,20,0.871679
10863,gmx.net,20,0.904650
10864,gmx.net,20,0.799678
10870,gmx.net,20,0.837830
10872,gmx.net,20,0.784394
10878,gmx.net,20,0.862777
10895,volksstimme.de,20,0.873032
10896,volksstimme.de,20,0.810421
10898,volksstimme.de,20,0.851411
10901,volksstimme.de,20,0.907069
10902,volksstimme.de,20,0.860320
10903,volksstimme.de,20,0.882645
10911,bild.de,20,0.818272
10916,bild.de,20,0.859225
10922,bild.de,20,0.889333
10925,compact-online.de,20,0.896487
10926,compact-online.de,20,0.912924
10927,compact-online.de,20,0.884075
10928,compact-online.de,20,0.845835
10929,compact-online.de,20,0.844360
10930,compact-online.de,20,0.817937
10932,faz.net,20,0.797380
10933,faz.net,20,0.745253
10936,faz.net,20,0.860956
10939,fr.de,20,0.841369
10945,fr.de,20,0.819898
10949,fr.de,20,0.853793
10951,fr.de,20,0.765322
10952,fr.de,20,0.807137
10955,fr.de,20,0.829399
10957,spiegel.de,20,0.858667
10958,spiegel.de,20,0.803540
10959,spiegel.de,20,0.848527
10962,spiegel.de,20,0.819940
10964,spiegel.de,20,0.803905
10969,sueddeutsche.de,20,0.782137
10976,sueddeutsche.de,20,0.851063
10977,sueddeutsche.de,20,0.832770
10979,sueddeutsche.de,20,0.774663
10980,sueddeutsche.de,20,0.879438
10982,sueddeutsche.de,20,0.857284
10983,sueddeutsche.de,20,0.910296
10985,sueddeutsche.de,20,0.760206
10995,welt.de,20,0.812757
10996,zeit.de,20,0.851934
10997,zeit.de,20,0.761096
10999,zeit.de,20,0.863472
11000,zeit.de,20,0.809362
11001,zeit.de,20,0.777714
11002,zeit.de,20,0.877161
11007,gmx.net,20,0.822401
11009,gmx.net,20,0.900019
11012,gmx.net,20,0.875916
11022,gmx.net,20,0.855273
11035,volksstimme.de,20,0.874744
11038,volksstimme.de,20,0.802061
11040,volksstimme.de,20,0.869811
11045,bild.de,20,0.831013
11050,faz.net,20,0.815914
11052,fr.de,20,0.791778
11053,fr.de,20,0.794808
11057,fr.de,20,0.819898
11058,spiegel.de,20,0.851961
11065,zeit.de,20,0.862734
11083,faz.net,20,0.761787
11085,fr.de,20,0.849775
11087,fr.de,20,0.794808
11089,spiegel.de,20,0.846276
11091,sueddeutsche.de,20,0.773583
11092,sueddeutsche.de,20,0.739329
11102,zeit.de,20,0.843716
11104,gmx.net,20,0.897006
11115,spiegel.de,20,0.823233
11116,spiegel.de,20,0.850917
11117,zeit.de,20,0.840132
11125,compact-online.de,20,0.882431
11128,compact-online.de,20,0.819808
11130,faz.net,20,0.810869
11131,faz.net,20,0.816088
11132,faz.net,20,0.824736
11139,spiegel.de,20,0.813588
11141,spiegel.de,20,0.824838
11148,sueddeutsche.de,20,0.844477
11151,welt.de,20,0.863384
11152,welt.de,20,0.844133
11154,zeit.de,20,0.870590
11156,zeit.de,20,0.844383
11157,zeit.de,20,0.784882
11158,zeit.de,20,0.817266
11165,gmx.net,20,0.836434
11173,gmx.net,20,0.858409
11175,gmx.net,20,0.871301
11177,gmx.net,20,0.824807
11181,gmx.net,20,0.856583
11197,compact-online.de,20,0.847043
11198,compact-online.de,20,0.924247
11199,compact-online.de,20,0.833127
11200,compact-online.de,20,0.918860
11201,compact-online.de,20,0.901552
11202,compact-online.de,20,0.849266
11203,compact-online.de,20,0.784329
11204,compact-online.de,20,0.784247
11205,compact-online.de,20,0.841151
11207,faz.net,20,0.809981
11208,faz.net,20,0.760759
11210,faz.net,20,0.872017
11212,faz.net,20,0.852611
11214,fr.de,20,0.819492
11226,sueddeutsche.de,20,0.832770
11234,welt.de,20,0.778002
11237,zeit.de,20,0.796914
11239,zeit.de,20,0.827786
11240,zeit.de,20,0.817266
11242,zeit.de,20,0.870590
11249,gmx.net,20,0.891738
11252,gmx.net,20,0.882284
11256,gmx.net,20,0.862590
11257,gmx.net,20,0.859512
11261,gmx.net,20,0.877571
11263,gmx.net,20,0.856897
11276,volksstimme.de,20,0.880305
11277,volksstimme.de,20,0.818774
11279,volksstimme.de,20,0.818624
11282,volksstimme.de,20,0.756070
11283,volksstimme.de,20,0.894249
11291,compact-online.de,20,0.894102
11292,compact-online.de,20,0.898801
11293,compact-online.de,20,0.825144
11294,compact-online.de,20,0.824350
11296,faz.net,20,0.817784
11297,faz.net,20,0.788118
11300,fr.de,20,0.810477
11306,fr.de,20,0.804494
11313,sueddeutsche.de,20,0.796620
11314,sueddeutsche.de,20,0.864410
11320,welt.de,20,0.834512
11321,welt.de,20,0.864609
11322,welt.de,20,0.861854
11326,zeit.de,20,0.891842
11342,gmx.net,20,0.883207
11360,volksstimme.de,20,0.833542
11361,volksstimme.de,20,0.839284
11366,bild.de,20,0.864855
11370,compact-online.de,20,0.878531
11371,compact-online.de,20,0.903917
11372,compact-online.de,20,0.805308
11373,compact-online.de,20,0.830079
11374,faz.net,20,0.742985
11375,faz.net,20,0.838320
11378,faz.net,20,0.873959
11379,faz.net,20,0.826245
11384,fr.de,20,0.812371
11385,fr.de,20,0.812336
11394,fr.de,20,0.819492
11395,sueddeutsche.de,20,0.785443
11397,sueddeutsche.de,20,0.848844
11399,sueddeutsche.de,20,0.798416
11410,welt.de,20,0.768215
11413,welt.de,20,0.865468
11415,zeit.de,20,0.846629
11418,zeit.de,20,0.809137
11419,zeit.de,20,0.802502
11423,gmx.net,20,0.879034
11426,gmx.net,20,0.905070
11450,volksstimme.de,20,0.856949
11453,volksstimme.de,20,0.866033
11457,bild.de,20,0.864855
11458,compact-online.de,20,0.933732
11459,compact-online.de,20,0.849621
11460,faz.net,20,0.781530
11468,fr.de,20,0.810477
11471,spiegel.de,20,0.809599
11472,spiegel.de,20,0.797154
11473,spiegel.de,20,0.844932
11474,spiegel.de,20,0.817606
11476,spiegel.de,20,0.827171
11481,sueddeutsche.de,20,0.750127
11482,sueddeutsche.de,20,0.862947
11484,sueddeutsche.de,20,0.841162
11495,gmx.net,20,0.811480
11503,volksstimme.de,20,0.843478
11506,volksstimme.de,20,0.881626
11513,bild.de,20,0.831754
11514,bild.de,20,0.857617
11519,fr.de,20,0.833656
11522,fr.de,20,0.812336
11525,spiegel.de,20,0.868401
11531,spiegel.de,20,0.804160
11532,sueddeutsche.de,20,0.741244
11534,welt.de,20,0.816653
11540,gmx.net,20,0.823865
11546,volksstimme.de,20,0.853426
11548,bild.de,20,0.874852
11553,bild.de,20,0.829774
11558,sueddeutsche.de,20,0.873251
11569,gmx.net,20,0.848613
11571,bild.de,20,0.814720
11572,faz.net,20,0.768589
11573,spiegel.de,20,0.794638
11577,sueddeutsche.de,20,0.767801
11578,zeit.de,20,0.795256
11579,zeit.de,20,0.803805
11581,gmx.net,20,0.848707
11582,volksstimme.de,20,0.848707
11585,bild.de,20,0.865895
11593,volksstimme.de,20,0.852941
11594,bild.de,20,0.870675
11597,bild.de,20,0.785388
11600,bild.de,20,0.854638
11603,faz.net,20,0.786334
11604,faz.net,20,0.803883
11606,faz.net,20,0.857724
11608,faz.net,20,0.846886
11609,faz.net,20,0.820910
11611,fr.de,20,0.824902
11612,spiegel.de,20,0.794223
11614,spiegel.de,20,0.792241
11615,spiegel.de,20,0.791795
11618,spiegel.de,20,0.827530
11630,zeit.de,20,0.894091
11631,zeit.de,20,0.772716
11632,zeit.de,20,0.787441
11633,zeit.de,20,0.856129
11634,zeit.de,20,0.893624
11635,zeit.de,20,0.872481
11637,zeit.de,20,0.865703
11639,zeit.de,20,0.889791
11650,gmx.net,20,0.790836
11654,gmx.net,20,0.848466
11667,volksstimme.de,20,0.788974
11672,bild.de,20,0.848302
11677,bild.de,20,0.868248
11683,compact-online.de,20,0.851747
11684,compact-online.de,20,0.879316
11685,compact-online.de,20,0.901407
11686,compact-online.de,20,0.818183
11687,compact-online.de,20,0.827625
11688,compact-online.de,20,0.783013
11689,compact-online.de,20,0.823242
11691,faz.net,20,0.807328
11694,faz.net,20,0.870489
11699,fr.de,20,0.839289
11700,fr.de,20,0.801330
11702,fr.de,20,0.858773
11704,fr.de,20,0.833656
11705,spiegel.de,20,0.810311
11709,spiegel.de,20,0.801998
11711,sueddeutsche.de,20,0.767801
11712,sueddeutsche.de,20,0.873251
11714,welt.de,20,0.880491
11724,zeit.de,20,0.872339
11726,zeit.de,20,0.807566
11728,zeit.de,20,0.894091
11734,gmx.net,20,0.818194
11744,gmx.net,20,0.851334
11746,gmx.net,20,0.868522
11752,gmx.net,20,0.827399
11753,gmx.net,20,0.873958
11756,gmx.net,20,0.873663
11762,gmx.net,20,0.910291
11769,volksstimme.de,20,0.813862
11770,volksstimme.de,20,0.850868
11771,volksstimme.de,20,0.824927
11785,compact-online.de,20,0.894684
11786,compact-online.de,20,0.921336
11787,compact-online.de,20,0.841244
11788,compact-online.de,20,0.880071
11789,compact-online.de,20,0.851541
11790,compact-online.de,20,0.821268
11791,compact-online.de,20,0.846713
11792,compact-online.de,20,0.830195
11793,compact-online.de,20,0.810098
11794,compact-online.de,20,0.780438
11795,faz.net,20,0.746082
11796,faz.net,20,0.805427
11797,faz.net,20,0.860168
11799,faz.net,20,0.881164
11801,faz.net,20,0.848138
11805,fr.de,20,0.789256
11811,fr.de,20,0.822924
11813,fr.de,20,0.839289
11814,fr.de,20,0.801330
11818,spiegel.de,20,0.828648
11820,spiegel.de,20,0.810311
11824,sueddeutsche.de,20,0.770694
11834,sueddeutsche.de,20,0.804958
11835,sueddeutsche.de,20,0.863872
11836,sueddeutsche.de,20,0.739410
11839,welt.de,20,0.944859
11843,welt.de,20,0.820334
11846,zeit.de,20,0.846179
11848,zeit.de,20,0.793771
11849,zeit.de,20,0.868333
11850,zeit.de,20,0.779047
11851,zeit.de,20,0.769059
11852,zeit.de,20,0.823851
11860,gmx.net,20,0.886590
11866,gmx.net,20,0.817889
11882,volksstimme.de,20,0.838984
11884,volksstimme.de,20,0.835062
11885,volksstimme.de,20,0.769384
11890,volksstimme.de,20,0.830865
11909,compact-online.de,20,0.850270
11911,compact-online.de,20,0.888863
11912,compact-online.de,20,0.808596
11914,compact-online.de,20,0.838097
11916,faz.net,20,0.772366
11917,faz.net,20,0.814255
11918,faz.net,20,0.824218
11920,faz.net,20,0.866975
11927,fr.de,20,0.801794
11931,fr.de,20,0.805045
11938,spiegel.de,20,0.843463
11946,spiegel.de,20,0.829833
11953,sueddeutsche.de,20,0.898703
11957,welt.de,20,0.799255
11961,zeit.de,20,0.791898
11964,zeit.de,20,0.825117
11970,gmx.net,20,0.884511
11977,gmx.net,20,0.879408
11980,gmx.net,20,0.835062
11995,volksstimme.de,20,0.879408
12008,bild.de,20,0.847206
12010,faz.net,20,0.902733
12011,faz.net,20,0.813265
12012,faz.net,20,0.823443
12013,faz.net,20,0.806728
12021,zeit.de,20,0.789646
12032,faz.net,20,0.779373
12033,fr.de,20,0.800160
12035,fr.de,20,0.801794
12037,spiegel.de,20,0.831468
12040,zeit.de,20,0.842590
12041,zeit.de,20,0.883093
12045,gmx.net,20,0.821521
12050,volksstimme.de,20,0.867097
12051,volksstimme.de,20,0.868558
12053,bild.de,20,0.831483
12056,faz.net,20,0.832946
12058,spiegel.de,20,0.806012
12059,zeit.de,20,0.849433
12060,gmx.net,20,0.849510
12061,gmx.net,20,0.852605
12062,volksstimme.de,20,0.849510
12064,bild.de,20,0.879122
12069,faz.net,20,0.800449
12070,faz.net,20,0.744012
12072,faz.net,20,0.779473
12076,spiegel.de,20,0.756455
12078,spiegel.de,20,0.812769
12081,sueddeutsche.de,20,0.833198
12082,welt.de,20,0.832344
12085,welt.de,20,0.835380
12086,welt.de,20,0.807589
12088,zeit.de,20,0.869602
12090,zeit.de,20,0.822715
12091,zeit.de,20,0.849108
12098,gmx.net,20,0.829378
12102,gmx.net,20,0.852339
12112,volksstimme.de,20,0.856251
12124,bild.de,20,0.846307
12126,bild.de,20,0.889466
12127,bild.de,20,0.804945
12128,compact-online.de,20,0.872457
12129,compact-online.de,20,0.883086
12130,compact-online.de,20,0.900104
12131,compact-online.de,20,0.816397
12132,compact-online.de,20,0.799075
12133,compact-online.de,20,0.839431
12135,faz.net,20,0.814165
12136,faz.net,20,0.832360
12137,faz.net,20,0.781326
12138,faz.net,20,0.855830
12140,faz.net,20,0.895193
12143,fr.de,20,0.800160
12146,spiegel.de,20,0.789122
12147,spiegel.de,20,0.779969
12151,spiegel.de,20,0.814335
12153,spiegel.de,20,0.857811
12154,spiegel.de,20,0.804477
12157,spiegel.de,20,0.821996
12158,sueddeutsche.de,20,0.808730
12160,sueddeutsche.de,20,0.911294
12161,sueddeutsche.de,20,0.917408
12164,sueddeutsche.de,20,0.863019
12165,sueddeutsche.de,20,0.747319
12166,sueddeutsche.de,20,0.846774
12168,welt.de,20,0.784413
12175,welt.de,20,0.869410
12176,zeit.de,20,0.763619
12177,zeit.de,20,0.835933
12178,zeit.de,20,0.792215
12179,zeit.de,20,0.862114
12181,zeit.de,20,0.830165
12182,zeit.de,20,0.806607
12183,zeit.de,20,0.850363
12184,zeit.de,20,0.789535
12186,zeit.de,20,0.822715
12191,gmx.net,20,0.865559
12218,volksstimme.de,20,0.866105
12220,volksstimme.de,20,0.878049
12221,bild.de,20,0.850463
12223,bild.de,20,0.885567
12225,bild.de,20,0.864630
12237,compact-online.de,20,0.849119
12238,compact-online.de,20,0.859778
12239,compact-online.de,20,0.881043
12240,compact-online.de,20,0.814926
12241,compact-online.de,20,0.835895
12243,compact-online.de,20,0.806382
12245,faz.net,20,0.793407
12246,faz.net,20,0.776911
12249,faz.net,20,0.837745
12250,faz.net,20,0.874504
12252,fr.de,20,0.838610
12259,fr.de,20,0.782842
12261,fr.de,20,0.798962
12262,fr.de,20,0.838168
12264,spiegel.de,20,0.745824
12266,spiegel.de,20,0.852639
12267,spiegel.de,20,0.840434
12268,spiegel.de,20,0.816865
12275,sueddeutsche.de,20,0.850632
12276,sueddeutsche.de,20,0.865259
12277,sueddeutsche.de,20,0.860814
12278,sueddeutsche.de,20,0.798667
12280,sueddeutsche.de,20,0.881602
12283,sueddeutsche.de,20,0.880293
12284,sueddeutsche.de,20,0.891475
12290,welt.de,20,0.895870
12293,zeit.de,20,0.721179
12294,zeit.de,20,0.827628
12295,zeit.de,20,0.868805
12298,zeit.de,20,0.789725
12305,gmx.net,20,0.802728
12312,gmx.net,20,0.866105
12320,gmx.net,20,0.867401
12326,gmx.net,20,0.871846
12330,gmx.net,20,0.889924
12332,volksstimme.de,20,0.763168
12334,volksstimme.de,20,0.857068
12335,volksstimme.de,20,0.839511
12337,volksstimme.de,20,0.868100
12340,volksstimme.de,20,0.865946
12343,volksstimme.de,20,0.870626
12344,volksstimme.de,20,0.817031
12348,bild.de,20,0.852159
12349,bild.de,20,0.864103
12350,bild.de,20,0.860071
12353,compact-online.de,20,0.886897
12354,compact-online.de,20,0.859985
12355,compact-online.de,20,0.839432
12356,compact-online.de,20,0.806059
12358,faz.net,20,0.821455
12359,faz.net,20,0.777027
12361,faz.net,20,0.816811
12365,fr.de,20,0.818507
12372,fr.de,20,0.817011
12375,spiegel.de,20,0.818568
12380,spiegel.de,20,0.750321
12382,spiegel.de,20,0.855529
12388,sueddeutsche.de,20,0.832246
12391,welt.de,20,0.810171
12402,zeit.de,20,0.853112
12404,zeit.de,20,0.840341
12405,zeit.de,20,0.707637
12431,volksstimme.de,20,0.786487
12443,faz.net,20,0.764253
12444,faz.net,20,0.801950
12445,faz.net,20,0.863205
12448,fr.de,20,0.823154
12451,spiegel.de,20,0.829151
12452,spiegel.de,20,0.810181
12453,spiegel.de,20,0.784262
12456,sueddeutsche.de,20,0.779626
12457,zeit.de,20,0.846948
12458,zeit.de,20,0.841807
12459,zeit.de,20,0.822386
12460,zeit.de,20,0.846180
12467,gmx.net,20,0.796280
12469,volksstimme.de,20,0.796280
12470,volksstimme.de,20,0.858621
12477,bild.de,20,0.832374
12480,faz.net,20,0.849902
12483,fr.de,20,0.823154
12484,spiegel.de,20,0.840931
12489,zeit.de,20,0.835743
12490,zeit.de,20,0.852244
12498,volksstimme.de,20,0.862528
12506,bild.de,20,0.844078
12516,spiegel.de,20,0.826931
12519,spiegel.de,20,0.782521
12523,welt.de,20,0.798939
12525,welt.de,20,0.806701
12527,zeit.de,20,0.873759
12528,zeit.de,20,0.763239
12530,zeit.de,20,0.831335
12532,zeit.de,20,0.782150
12545,gmx.net,20,0.827372
12552,volksstimme.de,20,0.838531
12553,volksstimme.de,20,0.900758
12562,bild.de,20,0.816541
12573,compact-online.de,20,0.873577
12575,compact-online.de,20,0.827817
12576,compact-online.de,20,0.811036
12578,faz.net,20,0.809150
12579,faz.net,20,0.787090
12580,faz.net,20,0.818551
12588,faz.net,20,0.849902
12590,fr.de,20,0.818165
12592,fr.de,20,0.828291
12593,fr.de,20,0.836477
12604,spiegel.de,20,0.826931
12610,spiegel.de,20,0.820843
12611,spiegel.de,20,0.855678
12621,zeit.de,20,0.884192
12623,zeit.de,20,0.866361
12626,zeit.de,20,0.873759
12640,gmx.net,20,0.881438
12648,gmx.net,20,0.940662
12651,gmx.net,20,0.873584
12658,volksstimme.de,20,0.923019
12661,volksstimme.de,20,0.851626
12677,bild.de,20,0.843359
12679,compact-online.de,20,0.905635
12680,compact-online.de,20,0.871657
12681,compact-online.de,20,0.844298
12682,compact-online.de,20,0.798394
12684,faz.net,20,0.816654
12686,faz.net,20,0.786662
12687,faz.net,20,0.824022
12688,faz.net,20,0.843618
12691,fr.de,20,0.804547
12693,fr.de,20,0.782086
12695,fr.de,20,0.823951
12696,spiegel.de,20,0.855691
12702,sueddeutsche.de,20,0.848194
12703,sueddeutsche.de,20,0.838670
12713,welt.de,20,0.829975
12718,zeit.de,20,0.831154
12722,zeit.de,20,0.855558
12741,gmx.net,20,0.842310
12750,volksstimme.de,20,0.850009
12752,volksstimme.de,20,0.879829
12753,volksstimme.de,20,0.837380
54,bild.de,50,0.598075
1196,gmx.net,50,0.504113
1685,gmx.net,50,0.615587
1687,bild.de,50,0.520235
1703,gmx.net,50,0.664052
2559,spiegel.de,50,0.608158
2756,sueddeutsche.de,50,0.642258
2930,gmx.net,50,0.662027
3617,gmx.net,50,0.570207
3737,gmx.net,50,0.593078
3998,gmx.net,50,0.593648
4116,gmx.net,50,0.573830
4236,volksstimme.de,50,0.702158
4889,gmx.net,50,0.641657
4937,gmx.net,50,0.642344
5365,gmx.net,50,0.655537
5375,volksstimme.de,50,0.691750
5801,gmx.net,50,0.556998
8693,gmx.net,50,0.786352
10217,gmx.net,50,0.622829
10256,gmx.net,50,0.702040
10287,gmx.net,50,0.613034
11259,gmx.net,50,0.657546
11868,gmx.net,50,0.619052
72,bild.de,64,0.569701
4697,gmx.net,64,0.467183
4702,volksstimme.de,64,0.467183
11592,volksstimme.de,64,0.283025
11619,spiegel.de,64,0.306391
11622,sueddeutsche.de,64,0.235642
11845,zeit.de,64,0.397857
11895,volksstimme.de,64,0.541224
80,bild.de,71,0.739459
960,volksstimme.de,71,0.699724
2217,spiegel.de,71,0.694545
2379,volksstimme.de,71,0.730733
3142,bild.de,71,0.719726
3283,spiegel.de,71,0.759291
3432,spiegel.de,71,0.759291
5558,bild.de,71,0.768985
5598,fr.de,71,0.701682
6170,zeit.de,71,0.723930
6480,gmx.net,71,0.755505
6506,volksstimme.de,71,0.755789
6517,bild.de,71,0.729130
7047,bild.de,71,0.708400
7069,faz.net,71,0.655457
7086,spiegel.de,71,0.672452
7129,zeit.de,71,0.668611
7147,gmx.net,71,0.528900
7165,volksstimme.de,71,0.528900
7985,welt.de,71,0.689097
8559,zeit.de,71,0.685295
8646,spiegel.de,71,0.713475
8669,zeit.de,71,0.715258
8742,volksstimme.de,71,0.785770
8767,bild.de,71,0.815903
8823,volksstimme.de,71,0.756872
9012,zeit.de,71,0.716952
9055,volksstimme.de,71,0.771559
9063,volksstimme.de,71,0.736380
9438,faz.net,71,0.742767
9680,fr.de,71,0.746827
9763,fr.de,71,0.678273
9787,zeit.de,71,0.714674
9857,spiegel.de,71,0.674477
10065,spiegel.de,71,0.638917
10072,gmx.net,71,0.784218
10082,faz.net,71,0.662046
10355,bild.de,71,0.725611
10778,volksstimme.de,71,0.849394
11039,volksstimme.de,71,0.797845
11155,zeit.de,71,0.750094
11159,zeit.de,71,0.735892
11243,zeit.de,71,0.750094
11244,zeit.de,71,0.735892
11304,fr.de,71,0.719652
11367,bild.de,71,0.765262
11588,zeit.de,71,0.633887
11595,bild.de,71,0.652260
11605,faz.net,71,0.649166
11613,spiegel.de,71,0.614737
11623,sueddeutsche.de,71,0.665242
12002,volksstimme.de,71,0.765204
12022,zeit.de,71,0.712665
12036,spiegel.de,71,0.692136
12719,zeit.de,71,0.809571
253,fr.de,154,0.497179
3975,spiegel.de,154,0.189065
4039,bild.de,154,0.392003
4074,spiegel.de,154,0.189065
4109,gmx.net,154,0.308908
4113,gmx.net,154,0.256965
4126,volksstimme.de,154,0.258540
268,spiegel.de,163,0.501368
4377,zeit.de,163,0.495203
4419,spiegel.de,163,0.500839
4683,spiegel.de,163,0.446741
4690,zeit.de,163,0.389771
8298,spiegel.de,163,0.413086
8301,zeit.de,163,0.350467
8314,volksstimme.de,163,0.401079
8345,sueddeutsche.de,163,0.460280
8502,faz.net,163,0.545774
295,spiegel.de,178,0.515704
418,zeit.de,178,0.540594
1485,spiegel.de,178,0.557179
2225,welt.de,178,0.573680
2261,gmx.net,178,0.665889
6336,faz.net,178,0.347113
6358,welt.de,178,0.533878
7509,zeit.de,178,0.459908
7581,spiegel.de,178,0.475994
7582,sueddeutsche.de,178,0.463896
7721,sueddeutsche.de,178,0.463896
7988,welt.de,178,0.533878
10565,sueddeutsche.de,178,0.502601
10987,sueddeutsche.de,178,0.502601
308,sueddeutsche.de,184,0.565831
860,gmx.net,184,0.726048
2812,faz.net,184,0.535190
4616,zeit.de,184,0.603686
4659,zeit.de,184,0.603686
5128,spiegel.de,184,0.618133
5210,sueddeutsche.de,184,0.544536
5400,spiegel.de,184,0.618133
9632,zeit.de,184,0.468886
9705,zeit.de,184,0.468886
11828,sueddeutsche.de,184,0.645656
11960,zeit.de,184,0.401111
12007,bild.de,184,0.519318
12038,spiegel.de,184,0.536670
12159,sueddeutsche.de,184,0.583664
504,volksstimme.de,300,0.443097
3041,bild.de,300,0.423880
3191,sueddeutsche.de,300,0.464558
3232,volksstimme.de,300,0.572805
3312,welt.de,300,0.434510
3330,gmx.net,300,0.442090
6078,volksstimme.de,300,0.549452
6143,sueddeutsche.de,300,0.489086
6176,zeit.de,300,0.568076
6225,volksstimme.de,300,0.410168
588,bild.de,353,0.722330
2086,gmx.net,353,0.832699
2155,gmx.net,353,0.805072
2992,zeit.de,353,0.807627
3417,bild.de,353,0.589890
3458,gmx.net,353,0.587655
3518,gmx.net,353,0.594776
3544,bild.de,353,0.638370
3741,gmx.net,353,0.521774
3851,bild.de,353,0.535864
3885,gmx.net,353,0.564871
3931,spiegel.de,353,0.642896
3950,bild.de,353,0.535864
4244,bild.de,353,0.642158
4395,bild.de,353,0.707105
4447,bild.de,353,0.642976
4544,bild.de,353,0.581996
4640,bild.de,353,0.546752
4664,gmx.net,353,0.761987
4670,gmx.net,353,0.648428
4692,gmx.net,353,0.801268
4800,gmx.net,353,0.745802
4801,gmx.net,353,0.745802
4811,bild.de,353,0.666598
4979,bild.de,353,0.656303
5171,bild.de,353,0.612457
5548,bild.de,353,0.707105
5552,bild.de,353,0.674063
5764,gmx.net,353,0.720326
5816,bild.de,353,0.604508
6185,gmx.net,353,0.724749
6389,gmx.net,353,0.799542
6604,gmx.net,353,0.760147
6739,gmx.net,353,0.790302
7511,gmx.net,353,0.563823
8268,gmx.net,353,0.658935
8581,gmx.net,353,0.861277
8703,gmx.net,353,0.833856
9332,gmx.net,353,0.805293
9470,sueddeutsche.de,353,0.799775
10494,gmx.net,353,0.776890
11123,bild.de,353,0.739124
11739,gmx.net,353,0.789949
11871,gmx.net,353,0.745789
12647,gmx.net,353,0.679048
770,zeit.de,441,0.719342
996,fr.de,441,0.759124
1031,fr.de,441,0.757452
1267,welt.de,441,0.729307
2333,welt.de,441,0.776915
3152,faz.net,441,0.784102
3282,spiegel.de,441,0.704692
4843,spiegel.de,441,0.621080
4892,gmx.net,441,0.608059
4919,spiegel.de,441,0.621080
4992,sueddeutsche.de,441,0.705243
6250,spiegel.de,441,0.550674
6362,welt.de,441,0.572227
6369,zeit.de,441,0.617052
6385,gmx.net,441,0.613332
6449,spiegel.de,441,0.550674
6479,zeit.de,441,0.617052
6542,faz.net,441,0.519371
6575,sueddeutsche.de,441,0.659355
7245,gmx.net,441,0.714784
7263,volksstimme.de,441,0.714784
7394,gmx.net,441,0.651507
7831,sueddeutsche.de,441,0.664976
7984,welt.de,441,0.702519
8050,bild.de,441,0.616217
8090,sueddeutsche.de,441,0.641308
9467,sueddeutsche.de,441,0.735259
9486,zeit.de,441,0.737731
9635,zeit.de,441,0.681471
9900,zeit.de,441,0.703194
10128,faz.net,441,0.661126
10257,gmx.net,441,0.606917
10523,sueddeutsche.de,441,0.598098
10556,faz.net,441,0.688958
12260,fr.de,441,0.770735
12454,spiegel.de,441,0.739657
12503,zeit.de,441,0.614248
889,fr.de,502,0.579710
971,fr.de,502,0.520724
2557,faz.net,502,0.564400
2562,spiegel.de,502,0.601122
2576,zeit.de,502,0.478608
2608,volksstimme.de,502,0.606675
2668,zeit.de,502,0.478608
2974,faz.net,502,0.406957
3061,faz.net,502,0.406957
4461,welt.de,502,0.617347
6281,bild.de,502,0.602486
8434,welt.de,502,0.617347
9883,sueddeutsche.de,502,0.636353
11235,welt.de,502,0.626116
1077,bild.de,602,0.521438
1145,bild.de,602,0.496092
1322,faz.net,602,0.617573
1975,gmx.net,602,0.597171
2534,bild.de,602,0.563611
3636,volksstimme.de,602,0.626731
6664,faz.net,602,0.549344
8041,bild.de,602,0.634642
9057,volksstimme.de,602,0.623186
9868,spiegel.de,602,0.486979
10179,spiegel.de,602,0.486715
10210,welt.de,602,0.555244
10246,sueddeutsche.de,602,0.480472
12674,bild.de,602,0.618905
12755,volksstimme.de,602,0.728845
1160,spiegel.de,645,0.394243
3321,zeit.de,645,0.456443
10191,gmx.net,645,0.446724
10243,spiegel.de,645,0.429349
10276,zeit.de,645,0.400058
11275,volksstimme.de,645,0.480809
11538,zeit.de,645,0.467081
11707,spiegel.de,645,0.466017
11745,gmx.net,645,0.609741
11847,zeit.de,645,0.403611
12014,fr.de,645,0.517532
1251,sueddeutsche.de,706,0.491476
3807,welt.de,706,0.576739
3974,spiegel.de,706,0.375278
5061,spiegel.de,706,0.356320
5083,spiegel.de,706,0.356320
5114,zeit.de,706,0.463034
9197,fr.de,706,0.559553
9849,fr.de,706,0.556567
10169,bild.de,706,0.579145
10300,spiegel.de,706,0.560517
10301,zeit.de,706,0.555140
1346,welt.de,757,0.523166
1873,welt.de,757,0.535864
1889,gmx.net,757,0.675421
2528,gmx.net,757,0.550919
2539,bild.de,757,0.678868
2586,gmx.net,757,0.586402
2615,bild.de,757,0.625488
4518,welt.de,757,0.619304
5650,gmx.net,757,0.566382
5665,gmx.net,757,0.613655
5881,gmx.net,757,0.540906
8339,spiegel.de,757,0.541365
9474,sueddeutsche.de,757,0.521749
9806,gmx.net,757,0.631760
10526,welt.de,757,0.592011
10642,welt.de,757,0.591973
1649,gmx.net,902,0.518195
1744,gmx.net,902,0.564061
1811,gmx.net,902,0.621743
1840,gmx.net,902,0.402131
1841,gmx.net,902,0.497578
1842,gmx.net,902,0.468250
1884,gmx.net,902,0.497134
1896,gmx.net,902,0.580812
1955,gmx.net,902,0.524406
1971,sueddeutsche.de,902,0.624417
2091,faz.net,902,0.587309
2116,gmx.net,902,0.672782
2133,fr.de,902,0.534954
2271,gmx.net,902,0.521494
2416,fr.de,902,0.527234
8381,volksstimme.de,902,0.639284
8453,gmx.net,902,0.644434
1948,gmx.net,1042,0.554134
2664,zeit.de,1042,0.605019
5136,welt.de,1042,0.381342
5182,bild.de,1042,0.380859
5211,sueddeutsche.de,1042,0.405550
5410,fr.de,1042,0.662463
7406,bild.de,1042,0.466521
12134,faz.net,1042,0.529118
12145,spiegel.de,1042,0.495110
12180,zeit.de,1042,0.225050
12421,gmx.net,1042,0.280695
12481,fr.de,1042,0.494978
2108,spiegel.de,1129,0.619691
2150,zeit.de,1129,0.630435
2854,gmx.net,1129,0.496154
2869,volksstimme.de,1129,0.496154
2887,sueddeutsche.de,1129,0.510789
5931,spiegel.de,1129,0.595485
5993,bild.de,1129,0.595693
6042,zeit.de,1129,0.587535
6066,volksstimme.de,1129,0.623536
7089,spiegel.de,1129,0.730168
8820,volksstimme.de,1129,0.633667
9146,volksstimme.de,1129,0.626377
9322,gmx.net,1129,0.624752
9958,fr.de,1129,0.687703
11870,gmx.net,1129,0.557896
11982,gmx.net,1129,0.603760
2221,sueddeutsche.de,1181,0.565883
4418,volksstimme.de,1181,0.468282
4565,spiegel.de,1181,0.441480
4769,spiegel.de,1181,0.441480
6025,sueddeutsche.de,1181,0.582349
6039,zeit.de,1181,0.442085
6071,volksstimme.de,1181,0.536587
6119,faz.net,1181,0.557558
10107,gmx.net,1181,0.674352
11105,volksstimme.de,1181,0.453300
11108,bild.de,1181,0.633554
11111,faz.net,1181,0.370192
11113,spiegel.de,1181,0.455902
11118,zeit.de,1181,0.365780
11145,sueddeutsche.de,1181,0.527815
11317,sueddeutsche.de,1181,0.419990
2617,bild.de,1362,0.557468
2647,spiegel.de,1362,0.294033
2651,sueddeutsche.de,1362,0.352306
2743,spiegel.de,1362,0.294033
2760,sueddeutsche.de,1362,0.352306
3831,gmx.net,1362,0.408363
3843,volksstimme.de,1362,0.408363
11137,spiegel.de,1362,0.473664
2620,bild.de,1365,0.613009
2666,zeit.de,1365,0.469591
3401,gmx.net,1365,0.663254
3514,gmx.net,1365,0.537884
3616,gmx.net,1365,0.568378
8558,zeit.de,1365,0.449790
8689,gmx.net,1365,0.485612
9686,sueddeutsche.de,1365,0.450999
9700,zeit.de,1365,0.520495
9789,zeit.de,1365,0.520495
9943,volksstimme.de,1365,0.602624
9995,bild.de,1365,0.578128
11258,gmx.net,1365,0.590931
2652,sueddeutsche.de,1375,0.533282
3206,gmx.net,1375,0.696451
3549,bild.de,1375,0.510869
4297,sueddeutsche.de,1375,0.362868
4313,zeit.de,1375,0.351444
4346,volksstimme.de,1375,0.344421
5664,gmx.net,1375,0.533859
6280,bild.de,1375,0.660768
7860,fr.de,1375,0.560185
8332,faz.net,1375,0.630531
12555,volksstimme.de,1375,0.574373
3056,faz.net,1580,0.436914
3066,fr.de,1580,0.281225
3080,sueddeutsche.de,1580,0.497780
3086,welt.de,1580,0.517901
3090,zeit.de,1580,0.252331
3122,volksstimme.de,1580,0.517901
3203,zeit.de,1580,0.252331
3294,sueddeutsche.de,1580,0.575813
3315,zeit.de,1580,0.468680
3387,sueddeutsche.de,1580,0.521621
12601,spiegel.de,1580,0.513901
5214,sueddeutsche.de,2488,0.269939
5332,bild.de,2488,0.435326
5497,sueddeutsche.de,2488,0.269939
5782,faz.net,2488,0.384190
5866,zeit.de,2488,0.295299
5932,spiegel.de,2488,0.350761
5425,zeit.de,2597,0.436627
5430,bild.de,2597,0.573087
5434,faz.net,2597,0.441327
5460,gmx.net,2597,0.467007
5500,sueddeutsche.de,2597,0.567402
5594,faz.net,2597,0.441327
5607,spiegel.de,2597,0.547945
5626,sueddeutsche.de,2597,0.570422
5685,volksstimme.de,2597,0.538689
6034,welt.de,2597,0.597991
9295,zeit.de,2597,0.508228
9314,gmx.net,2597,0.539441
9335,volksstimme.de,2597,0.539441
9592,zeit.de,2597,0.570625
9609,bild.de,2597,0.651855
9685,sueddeutsche.de,2597,0.553688
9957,faz.net,2597,0.615706
12336,volksstimme.de,2597,0.638608
6292,spiegel.de,2944,0.262799
6317,volksstimme.de,2944,0.320421
6318,faz.net,2944,0.313912
6324,zeit.de,2944,0.474940
6354,sueddeutsche.de,2944,0.368009
6442,spiegel.de,2944,0.262799
6459,sueddeutsche.de,2944,0.368009
6464,welt.de,2944,0.546084
7197,fr.de,2944,0.506037
7277,fr.de,2944,0.506037
6835,zeit.de,3169,0.369691
6852,volksstimme.de,3169,0.109300
6873,spiegel.de,3169,0.182860
6925,gmx.net,3169,0.109300
7095,spiegel.de,3169,0.182860
7211,fr.de,3169,0.418131
8068,faz.net,3715,0.410114
8086,spiegel.de,3715,0.337381
8101,sueddeutsche.de,3715,0.296878
8125,zeit.de,3715,0.398560
8181,volksstimme.de,3715,0.288588
8935,bild.de,3715,0.446483
8983,spiegel.de,3715,0.548899
9089,fr.de,3715,0.458702
9369,sueddeutsche.de,3715,0.438998
9439,faz.net,3715,0.547407
8612,faz.net,3965,0.212875
8634,spiegel.de,3965,0.321506
8671,zeit.de,3965,0.347183
8680,gmx.net,3965,0.225685
8707,volksstimme.de,3965,0.191157
10338,spiegel.de,4689,0.353747
10340,gmx.net,4689,0.191521
10341,volksstimme.de,4689,0.191521
10343,faz.net,4689,0.394608
10370,zeit.de,4689,0.414665
10384,gmx.net,4689,0.331591
12486,sueddeutsche.de,5603,0.299263
12497,volksstimme.de,5603,0.197435
12508,bild.de,5603,0.441914
12518,spiegel.de,5603,0.231009
12541,gmx.net,5603,0.221253
12612,spiegel.de,5603,0.352479
